Date,Open,High,Low,Close,Volume,Dividends,Stock Splits
1994-10-31 00:00:00-05:00,6.532817808308996,6.632555484771729,6.532817808308996,6.6325554847717285,1984200,0.0,0.0
1994-11-01 00:00:00-05:00,6.632555741252321,6.632555741252321,6.532818060932737,6.582686901092529,2176400,0.0,0.0
1994-11-02 00:00:00-05:00,6.582686679053853,6.582686679053853,6.532817840576172,6.532817840576172,2348200,0.0,0.0
1994-11-03 00:00:00-05:00,6.532817840576172,6.582686679053853,6.482949002098491,6.532817840576172,2060800,0.0,0.0
1994-11-04 00:00:00-05:00,6.532817136324369,6.582685969426082,6.482948303222656,6.482948303222656,2663800,0.0,0.0
1994-11-07 00:00:00-05:00,6.433078765869141,6.433078765869141,6.383209938226744,6.433078765869141,1049400,0.0,0.0
1994-11-08 00:00:00-05:00,6.433077562422979,6.433077562422979,6.28347110748291,6.28347110748291,5761000,0.0,0.0
1994-11-09 00:00:00-05:00,6.333342298865317,6.433079972863196,6.333342298865317,6.383211135864258,2480000,0.0,0.0
1994-11-10 00:00:00-05:00,6.383209938226744,6.433078765869141,6.383209938226744,6.433078765869141,1956000,0.0,0.0
1994-11-11 00:00:00-05:00,6.433079972863196,6.433079972863196,6.383211135864257,6.383211135864258,1300200,0.0,0.0
1994-11-14 00:00:00-05:00,6.333341121673584,6.333341121673584,6.283472293943871,6.333341121673584,1419200,0.0,0.0
1994-11-15 00:00:00-05:00,6.333339925796267,6.333339925796267,6.28347110748291,6.28347110748291,3118800,0.0,0.0
1994-11-16 00:00:00-05:00,6.28347110748291,6.333339925796267,6.28347110748291,6.28347110748291,813400,0.0,0.0
1994-11-17 00:00:00-05:00,6.283471343994141,6.283471343994141,6.183733703613282,6.233602523803711,1477600,0.0,0.0
1994-11-18 00:00:00-05:00,6.233604204270148,6.233604204270148,6.1338665370018255,6.183735370635986,2452600,0.0,0.0
1994-11-21 00:00:00-05:00,6.183738582390399,6.183738582390399,6.03413200378418,6.03413200378418,3276000,0.0,0.0
1994-11-22 00:00:00-05:00,6.0341267465543345,6.08399556264156,5.934389114379882,5.934389114379883,2725000,0.0,0.0
1994-11-23 00:00:00-05:00,5.934389356772105,5.98425817489624,5.834651720523834,5.98425817489624,2634200,0.0,0.0
1994-11-25 00:00:00-05:00,5.98425817489624,5.98425817489624,5.98425817489624,5.98425817489624,640800,0.0,0.0
1994-11-28 00:00:00-05:00,5.984263144248773,6.03413200378418,5.934394284713367,6.03413200378418,1583400,0.0,0.0
1994-11-29 00:00:00-05:00,6.034126993020376,6.034126993020376,5.934389356772105,5.98425817489624,1056400,0.0,0.0
1994-11-30 00:00:00-05:00,5.98425817489624,5.98425817489624,5.934389356772105,5.98425817489624,1086800,0.0,0.0
1994-12-01 00:00:00-05:00,5.984257930467108,5.984257930467108,5.934389114379882,5.934389114379883,979000,0.0,0.0
1994-12-02 00:00:00-05:00,5.934389356772105,5.98425817489624,5.884520538647969,5.98425817489624,1257200,0.0,0.0
1994-12-05 00:00:00-05:00,5.984257930467108,6.0341267465543345,5.934389114379882,5.934389114379883,1071200,0.0,0.0
1994-12-06 00:00:00-05:00,5.934389114379882,5.934389114379882,5.8845202982926565,5.934389114379883,1819200,0.0,0.0
1994-12-07 00:00:00-05:00,5.934390310513772,5.934390310513772,5.834652658236229,5.884521484375,1223400,0.0,0.0
1994-12-08 00:00:00-05:00,5.884521484375,5.934390310513772,5.884521484375,5.884521484375,1178400,0.0,0.0
1994-12-09 00:00:00-05:00,5.884521484375,5.884521484375,5.834652658236229,5.884521484375,1682000,0.0,0.0
1994-12-12 00:00:00-05:00,5.884521484375,5.934390310513772,5.834652658236229,5.884521484375,1011400,0.0,0.0
1994-12-13 00:00:00-05:00,5.8845202982926565,5.984257930467108,5.8845202982926565,5.934389114379883,1555200,0.0,0.0
1994-12-14 00:00:00-05:00,5.934389356772105,5.98425817489624,5.934389356772105,5.98425817489624,1351600,0.0,0.0
1994-12-15 00:00:00-05:00,5.98425817489624,6.034126993020376,5.884520538647969,5.98425817489624,2600400,0.0,0.0
1994-12-16 00:00:00-05:00,5.98425817489624,6.034126993020376,5.934389356772105,5.98425817489624,3428800,0.0,0.0
1994-12-19 00:00:00-05:00,5.984263144248773,6.084000863319586,5.88452542517796,6.03413200378418,3590000,0.0,0.0
1994-12-20 00:00:00-05:00,6.034127946759834,6.083996772766113,6.034127946759834,6.083996772766113,1464200,0.0,0.0
1994-12-21 00:00:00-05:00,6.083996772766113,6.133865598772393,6.083996772766113,6.083996772766113,3717600,0.0,0.0
1994-12-22 00:00:00-05:00,6.083997703367665,6.183735370635987,6.083997703367665,6.183735370635986,1467200,0.0,0.0
1994-12-23 00:00:00-05:00,6.183734424778672,6.183734424778672,6.083996772766113,6.083996772766113,1012000,0.0,0.0
1994-12-27 00:00:00-05:00,6.083997703367665,6.183735370635987,6.083997703367665,6.183735370635986,3242800,0.0,0.0
1994-12-28 00:00:00-05:00,6.183735370635987,6.183735370635987,6.083997703367665,6.183735370635986,1814400,0.0,0.0
1994-12-29 00:00:00-05:00,6.183733703613282,6.233602523803711,6.183733703613282,6.233602523803711,1436200,0.0,0.0
1994-12-30 00:00:00-05:00,6.233602523803711,6.233602523803711,6.133864883422852,6.233602523803711,1365600,0.0,0.0
1995-01-03 00:00:00-05:00,6.233604204270148,6.233604204270148,6.1338665370018255,6.183735370635986,1064200,0.0,0.0
1995-01-04 00:00:00-05:00,6.183737545478635,6.23360639665185,6.083999843132205,6.13386869430542,1751600,0.0,0.0
1995-01-05 00:00:00-05:00,6.1338665370018255,6.183735370635987,6.083997703367665,6.183735370635986,1600200,0.0,0.0
1995-01-06 00:00:00-05:00,6.183737545478635,6.23360639665185,6.13386869430542,6.13386869430542,2230600,0.0,0.0
1995-01-09 00:00:00-05:00,6.13386869430542,6.183737545478635,6.083999843132205,6.13386869430542,2108800,0.0,0.0
1995-01-10 00:00:00-05:00,6.13386869430542,6.183737545478635,6.13386869430542,6.13386869430542,1580600,0.0,0.0
1995-01-11 00:00:00-05:00,6.133865598772393,6.133865598772393,6.034127946759834,6.083996772766113,3488600,0.0,0.0
1995-01-12 00:00:00-05:00,6.034126993020376,6.034126993020376,5.98425817489624,5.98425817489624,1875600,0.0,0.0
1995-01-13 00:00:00-05:00,6.03413200378418,6.03413200378418,6.03413200378418,6.03413200378418,2206600,0.0,0.0
1995-01-16 00:00:00-05:00,6.034127946759834,6.083996772766113,6.034127946759834,6.083996772766113,3502000,0.0,0.0
1995-01-17 00:00:00-05:00,6.083996772766113,6.133865598772393,6.083996772766113,6.083996772766113,1322800,0.0,0.0
1995-01-18 00:00:00-05:00,6.084000863319586,6.084000863319586,6.03413200378418,6.03413200378418,2150400,0.0,0.0
1995-01-19 00:00:00-05:00,5.98425817489624,5.98425817489624,5.934389356772105,5.98425817489624,3214600,0.0,0.0
1995-01-20 00:00:00-05:00,5.98425817489624,6.034126993020376,5.934389356772105,5.98425817489624,2263800,0.0,0.0
1995-01-23 00:00:00-05:00,5.984263144248773,6.03413200378418,5.934394284713367,6.03413200378418,4176200,0.0,0.0
1995-01-24 00:00:00-05:00,6.03413200378418,6.084000863319586,5.984263144248773,6.03413200378418,1362800,0.0,0.0
1995-01-25 00:00:00-05:00,6.034127946759834,6.083996772766113,6.034127946759834,6.083996772766113,2840000,0.0,0.0
1995-01-26 00:00:00-05:00,5.685048846016943,5.685048846016943,5.485573447911086,5.6351799964904785,14524000,0.0,0.0
1995-01-27 00:00:00-05:00,5.635180052336272,5.6850489023569475,5.535442352294922,5.535442352294922,7288800,0.0,0.0
1995-01-30 00:00:00-05:00,5.535441615751811,5.585310459136963,5.535441615751811,5.585310459136963,3881000,0.0,0.0
1995-01-31 00:00:00-05:00,5.585311146964014,5.6351799964904785,5.585311146964014,5.6351799964904785,2975200,0.0,0.0
1995-02-01 00:00:00-05:00,5.635180052336272,5.635180052336272,5.485573502274248,5.535442352294922,2668000,0.0,0.0
1995-02-02 00:00:00-05:00,5.535442352294922,5.585311202315597,5.485573502274248,5.535442352294922,1846800,0.0,0.0
1995-02-03 00:00:00-05:00,5.53544229743755,5.6351799964904785,5.53544229743755,5.6351799964904785,3790800,0.0,0.0
1995-02-06 00:00:00-05:00,5.6351799964904785,5.685048846016943,5.585311146964014,5.6351799964904785,2963200,0.0,0.0
1995-02-07 00:00:00-05:00,5.685047846255094,5.734916687011719,5.685047846255094,5.734916687011719,2994800,0.0,0.0
1995-02-08 00:00:00-05:00,5.734916687011719,5.834654368524966,5.685047846255094,5.734916687011719,3764800,0.0,0.0
1995-02-09 00:00:00-05:00,5.734915959423986,5.78478479385376,5.635178290564438,5.78478479385376,1978400,0.0,0.0
1995-02-10 00:00:00-05:00,5.784785527768342,5.784785527768342,5.734916687011719,5.734916687011719,1724200,0.0,0.0
1995-02-13 00:00:00-05:00,5.734915022264446,5.734915022264446,5.685046195983887,5.685046195983887,1560000,0.0,0.0
1995-02-14 00:00:00-05:00,5.685046195983887,5.734915022264446,5.635177369703326,5.685046195983887,1967200,0.0,0.0
1995-02-15 00:00:00-05:00,5.685047846255094,5.734916687011719,5.685047846255094,5.734916687011719,1822800,0.0,0.0
1995-02-16 00:00:00-05:00,5.734916687011719,5.734916687011719,5.685047846255094,5.734916687011719,1477000,0.0,0.0
1995-02-17 00:00:00-05:00,5.734915959423986,5.834653628283533,5.734915959423986,5.78478479385376,3836600,0.0,0.0
1995-02-21 00:00:00-05:00,5.784785527768342,5.834654368524966,5.734916687011719,5.734916687011719,2169400,0.0,0.0
1995-02-22 00:00:00-05:00,5.734916687011719,5.734916687011719,5.685047846255094,5.734916687011719,1879800,0.0,0.0
1995-02-23 00:00:00-05:00,5.734916687011719,5.784785527768342,5.685047846255094,5.734916687011719,1599600,0.0,0.0
1995-02-24 00:00:00-05:00,5.734915959423986,5.78478479385376,5.734915959423986,5.78478479385376,1129800,0.0,0.0
1995-02-27 00:00:00-05:00,5.78478479385376,5.78478479385376,5.734915959423986,5.78478479385376,910000,0.0,0.0
1995-02-28 00:00:00-05:00,5.784785490769607,5.834654331207276,5.734916650331938,5.834654331207275,2920200,0.0,0.0
1995-03-01 00:00:00-05:00,5.83465148220543,5.934389114379882,5.83465148220543,5.934389114379883,8590400,0.0,0.0
1995-03-02 00:00:00-05:00,5.934389356772105,5.98425817489624,5.884520538647969,5.98425817489624,2482800,0.0,0.0
1995-03-03 00:00:00-05:00,5.98425817489624,6.034126993020376,5.934389356772105,5.98425817489624,3257600,0.0,0.0
1995-03-06 00:00:00-05:00,5.984257930467108,5.984257930467108,5.934389114379882,5.934389114379883,1734000,0.0,0.0
1995-03-07 00:00:00-05:00,5.934389114379882,5.934389114379882,5.784782666118205,5.934389114379883,1985600,0.0,0.0
1995-03-08 00:00:00-05:00,5.934389114379882,5.984257930467108,5.934389114379882,5.934389114379883,882400,0.0,0.0
1995-03-09 00:00:00-05:00,5.934389114379882,5.934389114379882,5.8845202982926565,5.934389114379883,817000,0.0,0.0
1995-03-10 00:00:00-05:00,5.934389356772105,5.98425817489624,5.884520538647969,5.98425817489624,3922600,0.0,0.0
1995-03-13 00:00:00-05:00,5.984263144248773,6.03413200378418,5.934394284713367,6.03413200378418,2940000,0.0,0.0
1995-03-14 00:00:00-05:00,6.034127946759834,6.083996772766113,6.034127946759834,6.083996772766113,4782600,0.0,0.0
1995-03-15 00:00:00-05:00,6.084000863319586,6.084000863319586,5.984263144248773,6.03413200378418,1994000,0.0,0.0
1995-03-16 00:00:00-05:00,6.03413200378418,6.03413200378418,5.984263144248773,6.03413200378418,1515600,0.0,0.0
1995-03-17 00:00:00-05:00,6.034126993020376,6.034126993020376,5.98425817489624,5.98425817489624,3842200,0.0,0.0
1995-03-20 00:00:00-05:00,5.984263144248773,6.03413200378418,5.984263144248773,6.03413200378418,979000,0.0,0.0
1995-03-21 00:00:00-05:00,6.034126993020376,6.034126993020376,5.98425817489624,5.98425817489624,1926400,0.0,0.0
1995-03-22 00:00:00-05:00,5.98425817489624,5.98425817489624,5.934389356772105,5.98425817489624,1438200,0.0,0.0
1995-03-23 00:00:00-05:00,5.984263144248773,6.03413200378418,5.934394284713367,6.03413200378418,3240000,0.0,0.0
1995-03-24 00:00:00-05:00,6.034126993020376,6.034126993020376,5.98425817489624,5.98425817489624,2071400,0.0,0.0
1995-03-27 00:00:00-05:00,5.984257930467108,6.0341267465543345,5.934389114379882,5.934389114379883,1257800,0.0,0.0
1995-03-28 00:00:00-05:00,5.934389114379882,5.984257930467108,5.934389114379882,5.934389114379883,1196600,0.0,0.0
1995-03-29 00:00:00-05:00,5.934389114379882,5.984257930467108,5.8845202982926565,5.934389114379883,2455400,0.0,0.0
1995-03-30 00:00:00-05:00,5.934389356772105,5.98425817489624,5.934389356772105,5.98425817489624,1952400,0.0,0.0
1995-03-31 00:00:00-05:00,5.934389114379882,5.934389114379882,5.8845202982926565,5.934389114379883,1996000,0.0,0.0
1995-04-03 00:00:00-04:00,5.934389114379882,5.984257930467108,5.934389114379882,5.934389114379883,1124800,0.0,0.0
1995-04-04 00:00:00-04:00,5.984259120753554,6.083996772766113,5.984259120753554,6.083996772766113,2177800,0.0,0.0
1995-04-05 00:00:00-04:00,6.0839958111445105,6.0839958111445105,5.98425817489624,5.98425817489624,2121400,0.0,0.0
1995-04-06 00:00:00-04:00,5.98425817489624,6.034126993020376,5.98425817489624,5.98425817489624,1588200,0.0,0.0
1995-04-07 00:00:00-04:00,5.984259120753554,6.083996772766113,5.984259120753554,6.083996772766113,1843200,0.0,0.0
1995-04-10 00:00:00-04:00,6.084000863319586,6.084000863319586,6.03413200378418,6.03413200378418,793000,0.0,0.0
1995-04-11 00:00:00-04:00,6.034126993020376,6.0839958111445105,5.934389356772105,5.98425817489624,2031400,0.0,0.0
1995-04-12 00:00:00-04:00,5.98425817489624,6.034126993020376,5.934389356772105,5.98425817489624,1231800,0.0,0.0
1995-04-13 00:00:00-04:00,5.984257930467108,6.0341267465543345,5.934389114379882,5.934389114379883,1084600,0.0,0.0
1995-04-17 00:00:00-04:00,5.934389114379882,6.0341267465543345,5.8845202982926565,5.934389114379883,1362200,0.0,0.0
1995-04-18 00:00:00-04:00,5.934390310513772,6.034127962791314,5.884521484375,5.884521484375,1723400,0.0,0.0
1995-04-19 00:00:00-04:00,5.884523209281589,5.934392050038213,5.685047846255094,5.734916687011719,3671000,0.0,0.0
1995-04-20 00:00:00-04:00,5.734916687011719,5.784785527768342,5.734916687011719,5.734916687011719,3837400,0.0,0.0
1995-04-21 00:00:00-04:00,5.734916650331938,5.884523171644945,5.734916650331938,5.834654331207275,3236400,0.0,0.0
1995-04-24 00:00:00-04:00,5.83465148220543,5.934389114379882,5.83465148220543,5.934389114379883,1803800,0.0,0.0
1995-04-25 00:00:00-04:00,5.884521484375,5.884521484375,5.834652658236229,5.884521484375,1702400,0.0,0.0
1995-04-26 00:00:00-04:00,5.8845202982926565,5.934389114379882,5.83465148220543,5.934389114379883,3831000,0.0,0.0
1995-04-27 00:00:00-04:00,5.884521484375,5.884521484375,5.834652658236229,5.884521484375,2932200,0.0,0.0
1995-04-28 00:00:00-04:00,5.884521484375,5.884521484375,5.834652658236229,5.884521484375,2072800,0.0,0.0
1995-05-01 00:00:00-04:00,5.884521484375,5.934390310513772,5.834652658236229,5.884521484375,2258200,0.0,0.0
1995-05-02 00:00:00-04:00,5.884521484375,5.934390310513772,5.834652658236229,5.884521484375,2088400,0.0,0.0
1995-05-03 00:00:00-04:00,5.8845202982926565,5.934389114379882,5.8845202982926565,5.934389114379883,1419200,0.0,0.0
1995-05-04 00:00:00-04:00,5.934389356772105,5.98425817489624,5.934389356772105,5.98425817489624,2292000,0.0,0.0
1995-05-05 00:00:00-04:00,5.98425817489624,6.034126993020376,5.934389356772105,5.98425817489624,1889800,0.0,0.0
1995-05-08 00:00:00-04:00,5.984259120753554,6.083996772766113,5.984259120753554,6.083996772766113,2458200,0.0,0.0
1995-05-09 00:00:00-04:00,6.083996772766113,6.133865598772393,6.083996772766113,6.083996772766113,1856000,0.0,0.0
1995-05-10 00:00:00-04:00,6.083999843132205,6.13386869430542,6.083999843132205,6.13386869430542,1803000,0.0,0.0
1995-05-11 00:00:00-04:00,6.133864883422852,6.283471343994141,6.133864883422852,6.233602523803711,2626400,0.0,0.0
1995-05-12 00:00:00-04:00,6.233602523803711,6.233602523803711,6.183733703613282,6.233602523803711,1720600,0.0,0.0
1995-05-15 00:00:00-04:00,6.133865598772393,6.133865598772393,6.083996772766113,6.083996772766113,1808000,0.0,0.0
1995-05-16 00:00:00-04:00,6.083999843132205,6.13386869430542,6.083999843132205,6.13386869430542,1727000,0.0,0.0
1995-05-17 00:00:00-04:00,6.13386869430542,6.13386869430542,6.083999843132205,6.13386869430542,4402200,0.0,0.0
1995-05-18 00:00:00-04:00,6.1338697228549925,6.1338697228549925,6.03413200378418,6.03413200378418,2615200,0.0,0.0
1995-05-19 00:00:00-04:00,6.03413200378418,6.03413200378418,5.984263144248773,6.03413200378418,2234200,0.0,0.0
1995-05-22 00:00:00-04:00,6.03413200378418,6.084000863319586,6.03413200378418,6.03413200378418,2023600,0.0,0.0
1995-05-23 00:00:00-04:00,6.083999843132205,6.13386869430542,6.083999843132205,6.13386869430542,1925600,0.0,0.0
1995-05-24 00:00:00-04:00,6.133865598772393,6.133865598772393,6.083996772766113,6.083996772766113,2088400,0.0,0.0
1995-05-25 00:00:00-04:00,6.03413200378418,6.03413200378418,5.984263144248773,6.03413200378418,1848200,0.0,0.0
1995-05-26 00:00:00-04:00,6.034126993020376,6.034126993020376,5.934389356772105,5.98425817489624,2527800,0.0,0.0
1995-05-30 00:00:00-04:00,5.98425817489624,6.034126993020376,5.934389356772105,5.98425817489624,3125800,0.0,0.0
1995-05-31 00:00:00-04:00,5.98425817489624,5.98425817489624,5.934389356772105,5.98425817489624,4049400,0.0,0.0
1995-06-01 00:00:00-04:00,5.98425817489624,6.034126993020376,5.98425817489624,5.98425817489624,2725000,0.0,0.0
1995-06-02 00:00:00-04:00,5.984257930467108,6.0341267465543345,5.934389114379882,5.934389114379883,2446800,0.0,0.0
1995-06-05 00:00:00-04:00,5.934389356772105,5.98425817489624,5.934389356772105,5.98425817489624,2436400,0.0,0.0
1995-06-06 00:00:00-04:00,5.98425817489624,5.98425817489624,5.934389356772105,5.98425817489624,2003200,0.0,0.0
1995-06-07 00:00:00-04:00,5.98425817489624,5.98425817489624,5.934389356772105,5.98425817489624,1657200,0.0,0.0
1995-06-08 00:00:00-04:00,5.98425817489624,5.98425817489624,5.934389356772105,5.98425817489624,1802400,0.0,0.0
1995-06-09 00:00:00-04:00,5.984257930467108,5.984257930467108,5.934389114379882,5.934389114379883,1431800,0.0,0.0
1995-06-12 00:00:00-04:00,5.934394284713367,6.03413200378418,5.934394284713367,6.03413200378418,1671400,0.0,0.0
1995-06-13 00:00:00-04:00,6.03413200378418,6.084000863319586,5.984263144248773,6.03413200378418,2206000,0.0,0.0
1995-06-14 00:00:00-04:00,6.03413200378418,6.03413200378418,5.934394284713367,6.03413200378418,2990000,0.0,0.0
1995-06-15 00:00:00-04:00,6.034127946759834,6.133865598772393,6.034127946759834,6.083996772766113,1817200,0.0,0.0
1995-06-16 00:00:00-04:00,6.084000863319586,6.084000863319586,6.03413200378418,6.03413200378418,5215800,0.0,0.0
1995-06-19 00:00:00-04:00,6.034127946759834,6.083996772766113,6.034127946759834,6.083996772766113,2878000,0.0,0.0
1995-06-20 00:00:00-04:00,6.083996772766113,6.133865598772393,6.083996772766113,6.083996772766113,5134000,0.0,0.0
1995-06-21 00:00:00-04:00,6.084000863319586,6.084000863319586,6.03413200378418,6.03413200378418,3855000,0.0,0.0
1995-06-22 00:00:00-04:00,6.083999843132205,6.183737545478635,6.083999843132205,6.13386869430542,3325200,0.0,0.0
1995-06-23 00:00:00-04:00,6.13386869430542,6.13386869430542,6.083999843132205,6.13386869430542,1763000,0.0,0.0
1995-06-26 00:00:00-04:00,6.133865598772393,6.183734424778672,5.934390294747274,6.083996772766113,1836200,0.0,0.0
1995-06-27 00:00:00-04:00,6.084000863319586,6.084000863319586,6.03413200378418,6.03413200378418,3102000,0.0,0.0
1995-06-28 00:00:00-04:00,6.0341267465543345,6.0341267465543345,5.934389114379882,5.934389114379883,9012400,0.0,0.0
1995-06-29 00:00:00-04:00,5.934389114379882,5.984257930467108,5.8845202982926565,5.934389114379883,2116600,0.0,0.0
1995-06-30 00:00:00-04:00,5.934389114379882,5.984257930467108,5.934389114379882,5.934389114379883,1262800,0.0,0.0
1995-07-03 00:00:00-04:00,5.934389114379882,5.934389114379882,5.8845202982926565,5.934389114379883,773400,0.0,0.0
1995-07-05 00:00:00-04:00,5.934390310513772,5.934390310513772,5.884521484375,5.884521484375,2362400,0.0,0.0
1995-07-06 00:00:00-04:00,5.8845202982926565,5.934389114379882,5.8845202982926565,5.934389114379883,2627200,0.0,0.0
1995-07-07 00:00:00-04:00,5.934389356772105,5.98425817489624,5.934389356772105,5.98425817489624,4824800,0.0,0.0
1995-07-10 00:00:00-04:00,5.98425817489624,5.98425817489624,5.934389356772105,5.98425817489624,1996800,0.0,0.0
1995-07-11 00:00:00-04:00,5.984257930467108,5.984257930467108,5.934389114379882,5.934389114379883,2381400,0.0,0.0
1995-07-12 00:00:00-04:00,5.934394284713367,6.03413200378418,5.934394284713367,6.03413200378418,2475800,0.0,0.0
1995-07-13 00:00:00-04:00,6.0341267465543345,6.0341267465543345,5.934389114379882,5.934389114379883,3033000,0.0,0.0
1995-07-14 00:00:00-04:00,5.934389356772105,5.98425817489624,5.934389356772105,5.98425817489624,2504600,0.0,0.0
1995-07-17 00:00:00-04:00,5.984257930467108,5.984257930467108,5.934389114379882,5.934389114379883,2429200,0.0,0.0
1995-07-18 00:00:00-04:00,5.934390310513772,5.984259136652542,5.884521484375,5.884521484375,3196400,0.0,0.0
1995-07-19 00:00:00-04:00,5.884523171644945,5.934392012082614,5.734916650331938,5.834654331207275,4355800,0.0,0.0
1995-07-20 00:00:00-04:00,5.834651720523834,6.034126993020376,5.784782902399699,5.98425817489624,3983200,0.0,0.0
1995-07-21 00:00:00-04:00,5.984263144248773,6.084000863319586,5.934394284713367,6.03413200378418,5070000,0.0,0.0
1995-07-24 00:00:00-04:00,6.034128869733503,6.183735370635987,6.034128869733503,6.183735370635986,4729000,0.0,0.0
1995-07-25 00:00:00-04:00,6.183733470856198,6.28347110748291,6.183733470856198,6.28347110748291,3836600,0.0,0.0
1995-07-26 00:00:00-04:00,6.28347110748291,6.28347110748291,6.2336022891695535,6.28347110748291,2741200,0.0,0.0
1995-07-27 00:00:00-04:00,6.283473461866378,6.383211135864257,6.233604624867438,6.383211135864258,1847400,0.0,0.0
1995-07-28 00:00:00-04:00,6.383209949403297,6.383209949403297,6.2336034662141575,6.333341121673584,1829800,0.0,0.0
1995-07-31 00:00:00-04:00,6.333341121673584,6.383209949403297,6.283472293943871,6.333341121673584,1581200,0.0,0.0
1995-08-01 00:00:00-04:00,6.333341121673584,6.383209949403297,6.283472293943871,6.333341121673584,1118400,0.0,0.0
1995-08-02 00:00:00-04:00,6.333339925796267,6.3832087441096235,6.28347110748291,6.28347110748291,2110200,0.0,0.0
1995-08-03 00:00:00-04:00,6.283472282941951,6.433078765869141,6.283472282941951,6.433078765869141,1941800,0.0,0.0
1995-08-04 00:00:00-04:00,6.433079972863196,6.433079972863196,6.333342298865317,6.383211135864258,2227800,0.0,0.0
1995-08-07 00:00:00-04:00,6.482948303222656,6.632554802527795,6.482948303222656,6.482948303222656,3812000,0.0,0.0
1995-08-08 00:00:00-04:00,6.482949002098491,6.532817840576172,6.482949002098491,6.532817840576172,2995600,0.0,0.0
1995-08-09 00:00:00-04:00,6.532817840576172,6.532817840576172,6.482949002098491,6.532817840576172,2625000,0.0,0.0
1995-08-10 00:00:00-04:00,6.532817840576172,6.582686679053853,6.482949002098491,6.532817840576172,4285200,0.0,0.0
1995-08-11 00:00:00-04:00,6.532817840576172,6.582686679053853,6.482949002098491,6.532817840576172,1350800,0.0,0.0
1995-08-14 00:00:00-04:00,6.532818060932737,6.582686901092529,6.482949220772945,6.582686901092529,1155000,0.0,0.0
1995-08-15 00:00:00-04:00,6.582686679053853,6.582686679053853,6.482949002098491,6.532817840576172,1943200,0.0,0.0
1995-08-16 00:00:00-04:00,6.532818060932737,6.582686901092529,6.482949220772945,6.582686901092529,3196400,0.0,0.0
1995-08-17 00:00:00-04:00,6.532817136324369,6.532817136324369,6.482948303222656,6.482948303222656,1905200,0.0,0.0
1995-08-18 00:00:00-04:00,6.482948303222656,6.532817136324369,6.482948303222656,6.482948303222656,1682000,0.0,0.0
1995-08-21 00:00:00-04:00,6.532818060932737,6.582686901092529,6.532818060932737,6.582686901092529,1839000,0.0,0.0
1995-08-22 00:00:00-04:00,6.582686679053853,6.582686679053853,6.532817840576172,6.532817840576172,2399600,0.0,0.0
1995-08-23 00:00:00-04:00,6.532817136324369,6.582685969426082,6.482948303222656,6.482948303222656,1450800,0.0,0.0
1995-08-24 00:00:00-04:00,6.482949002098491,6.582686679053853,6.482949002098491,6.532817840576172,2010200,0.0,0.0
1995-08-25 00:00:00-04:00,6.532817840576172,6.582686679053853,6.532817840576172,6.532817840576172,1516400,0.0,0.0
1995-08-28 00:00:00-04:00,6.532817840576172,6.632555517531533,6.532817840576172,6.532817840576172,1791200,0.0,0.0
1995-08-29 00:00:00-04:00,6.532817840576172,6.582686679053853,6.532817840576172,6.532817840576172,1484000,0.0,0.0
1995-08-30 00:00:00-04:00,6.532817840576172,6.532817840576172,6.482949002098491,6.532817840576172,1507200,0.0,0.0
1995-08-31 00:00:00-04:00,6.532817840576172,6.532817840576172,6.482949002098491,6.532817840576172,1637600,0.0,0.0
1995-09-01 00:00:00-04:00,6.532817840576172,6.582686679053853,6.482949002098491,6.532817840576172,1904600,0.0,0.0
1995-09-05 00:00:00-04:00,6.532817840576172,6.582686679053853,6.532817840576172,6.532817840576172,1594600,0.0,0.0
1995-09-06 00:00:00-04:00,6.532818060932737,6.632555741252321,6.532818060932737,6.582686901092529,2549800,0.0,0.0
1995-09-07 00:00:00-04:00,6.582686865507667,6.682424545288086,6.582686865507667,6.682424545288086,2535000,0.0,0.0
1995-09-08 00:00:00-04:00,6.6824243230030955,6.6824243230030955,6.632555484771729,6.6325554847717285,2149000,0.0,0.0
1995-09-11 00:00:00-04:00,6.632555741252321,6.682424581412112,6.532818060932737,6.582686901092529,1755800,0.0,0.0
1995-09-12 00:00:00-04:00,6.582686901092529,6.632555741252321,6.532818060932737,6.582686901092529,2867400,0.0,0.0
1995-09-13 00:00:00-04:00,6.582686646540362,6.632555484771729,6.582686646540362,6.6325554847717285,2536400,0.0,0.0
1995-09-14 00:00:00-04:00,6.632555484771729,6.632555484771729,6.582686646540362,6.6325554847717285,1873600,0.0,0.0
1995-09-15 00:00:00-04:00,6.632555484771729,6.632555484771729,6.582686646540362,6.6325554847717285,2579200,0.0,0.0
1995-09-18 00:00:00-04:00,6.632555484771729,6.632555484771729,6.582686646540362,6.6325554847717285,2303200,0.0,0.0
1995-09-19 00:00:00-04:00,6.632555484771729,6.632555484771729,6.582686646540362,6.6325554847717285,1596600,0.0,0.0
1995-09-20 00:00:00-04:00,6.632555741252321,6.632555741252321,6.532818060932737,6.582686901092529,2734200,0.0,0.0
1995-09-21 00:00:00-04:00,6.582686901092529,6.632555741252321,6.582686901092529,6.582686901092529,1655200,0.0,0.0
1995-09-22 00:00:00-04:00,6.582686901092529,6.632555741252321,6.582686901092529,6.582686901092529,1029600,0.0,0.0
1995-09-25 00:00:00-04:00,6.582686646540362,6.632555484771729,6.582686646540362,6.6325554847717285,1358000,0.0,0.0
1995-09-26 00:00:00-04:00,6.632555484771729,6.632555484771729,6.632555484771729,6.6325554847717285,1524800,0.0,0.0
1995-09-27 00:00:00-04:00,6.632555517531533,6.632555517531533,6.532817840576172,6.532817840576172,2976600,0.0,0.0
1995-09-28 00:00:00-04:00,6.532817136324369,6.582685969426082,6.482948303222656,6.482948303222656,1582600,0.0,0.0
1995-09-29 00:00:00-04:00,6.482949002098491,6.532817840576172,6.482949002098491,6.532817840576172,2118000,0.0,0.0
1995-10-02 00:00:00-04:00,6.582686646540362,6.632555484771729,6.582686646540362,6.6325554847717285,2205200,0.0,0.0
1995-10-03 00:00:00-04:00,6.632555484771729,6.632555484771729,6.582686646540362,6.6325554847717285,1401600,0.0,0.0
1995-10-04 00:00:00-04:00,6.632555484771729,6.632555484771729,6.632555484771729,6.6325554847717285,1941200,0.0,0.0
1995-10-05 00:00:00-04:00,6.632555517531533,6.682424356009214,6.532817840576172,6.532817840576172,3645800,0.0,0.0
1995-10-06 00:00:00-04:00,6.532818060932737,6.632555741252321,6.532818060932737,6.582686901092529,1117800,0.0,0.0
1995-10-09 00:00:00-04:00,6.582686646540362,6.632555484771729,6.582686646540362,6.6325554847717285,995800,0.0,0.0
1995-10-10 00:00:00-04:00,6.632555484771729,6.632555484771729,6.532817808308996,6.6325554847717285,2345400,0.0,0.0
1995-10-11 00:00:00-04:00,6.632555484771729,6.6824243230030955,6.632555484771729,6.6325554847717285,1706600,0.0,0.0
1995-10-12 00:00:00-04:00,6.632555705397877,6.682424545288086,6.632555705397877,6.682424545288086,3333000,0.0,0.0
1995-10-13 00:00:00-04:00,6.6824243230030955,6.732293161234462,6.582686646540362,6.6325554847717285,2306000,0.0,0.0
1995-10-16 00:00:00-04:00,6.632554513436777,6.73229217529297,6.632554513436777,6.732292175292969,2242600,0.0,0.0
1995-10-17 00:00:00-04:00,6.732293385178296,6.732293385178296,6.632555705397877,6.682424545288086,3329400,0.0,0.0
1995-10-18 00:00:00-04:00,6.682424581412112,6.682424581412112,6.433080380613153,6.582686901092529,5051000,0.0,0.0
1995-10-19 00:00:00-04:00,6.582686646540362,6.6824243230030955,6.532817808308996,6.6325554847717285,2352600,0.0,0.0
1995-10-20 00:00:00-04:00,6.632555705397877,6.732293385178296,6.632555705397877,6.682424545288086,2175800,0.0,0.0
1995-10-23 00:00:00-04:00,6.682424545288086,6.732293385178296,6.682424545288086,6.682424545288086,2126400,0.0,0.0
1995-10-24 00:00:00-04:00,6.682424545288086,6.782162225068506,6.682424545288086,6.682424545288086,4966400,0.0,0.0
1995-10-25 00:00:00-04:00,6.732291456531076,6.78216028213501,6.732291456531076,6.78216028213501,3711200,0.0,0.0
1995-10-26 00:00:00-04:00,6.78216028213501,6.78216028213501,6.582684979719274,6.78216028213501,2978600,0.0,0.0
1995-10-27 00:00:00-04:00,6.782161006221065,6.782161006221065,6.6824233443648735,6.732292175292969,1809400,0.0,0.0
1995-10-30 00:00:00-05:00,6.732291456531076,6.8320291077389435,6.732291456531076,6.78216028213501,1524800,0.0,0.0
1995-10-31 00:00:00-05:00,6.782161006221065,6.832029837149161,6.73229217529297,6.732292175292969,1510800,0.0,0.0
1995-11-01 00:00:00-05:00,6.78216028213501,6.8320291077389435,6.78216028213501,6.78216028213501,1640400,0.0,0.0
1995-11-02 00:00:00-05:00,6.782161935402529,6.8818996109231545,6.782161935402529,6.832030773162842,1522800,0.0,0.0
1995-11-03 00:00:00-05:00,6.832030493872507,6.981637001037598,6.832030493872507,6.981637001037598,2196200,0.0,0.0
1995-11-06 00:00:00-05:00,6.981637001037598,7.031505836759295,6.9317681653159005,6.981637001037598,2532200,0.0,0.0
1995-11-07 00:00:00-05:00,6.981635093688965,7.0813727378845215,6.981635093688965,7.0813727378845215,3638600,0.0,0.0
1995-11-08 00:00:00-05:00,7.081375815651633,7.131244659423827,7.081375815651633,7.131244659423828,1899600,0.0,0.0
1995-11-09 00:00:00-05:00,7.131244659423827,7.1811135031960225,7.131244659423827,7.131244659423828,3095600,0.0,0.0
1995-11-10 00:00:00-05:00,7.131244659423827,7.131244659423827,7.081375815651633,7.131244659423828,1234000,0.0,0.0
1995-11-13 00:00:00-05:00,7.0813748988699405,7.0813748988699405,7.031506061553955,7.031506061553955,1617200,0.0,0.0
1995-11-14 00:00:00-05:00,7.0315036739376815,7.0315036739376815,6.881897212790071,6.931766033172607,1763600,0.0,0.0
1995-11-15 00:00:00-05:00,6.9317662715911865,7.0813727378845215,6.9317662715911865,7.0813727378845215,1253600,0.0,0.0
1995-11-16 00:00:00-05:00,7.0813748988699405,7.0813748988699405,7.031506061553955,7.031506061553955,1785400,0.0,0.0
1995-11-17 00:00:00-05:00,7.031506061553955,7.031506061553955,6.98163722423797,7.031506061553955,1634000,0.0,0.0
1995-11-20 00:00:00-05:00,7.031505836759295,7.031505836759295,6.9317681653159005,6.981637001037598,1427600,0.0,0.0
1995-11-21 00:00:00-05:00,6.931766033172607,6.931766033172607,6.881897212790071,6.931766033172607,2954000,0.0,0.0
1995-11-22 00:00:00-05:00,6.9317657912986865,6.9317657912986865,6.88189697265625,6.88189697265625,1556600,0.0,0.0
1995-11-24 00:00:00-05:00,6.88189697265625,6.9317657912986865,6.88189697265625,6.88189697265625,621800,0.0,0.0
1995-11-27 00:00:00-05:00,6.8818996109231545,6.8818996109231545,6.832030773162842,6.832030773162842,1710200,0.0,0.0
1995-11-28 00:00:00-05:00,6.832030712290013,7.031506061553955,6.832030712290013,7.031506061553955,1424800,0.0,0.0
1995-11-29 00:00:00-05:00,7.031503915786743,7.1312415599823,7.031503915786743,7.0813727378845215,2313800,0.0,0.0
1995-11-30 00:00:00-05:00,7.0813748988699405,7.0813748988699405,7.031506061553955,7.031506061553955,1419200,0.0,0.0
1995-12-01 00:00:00-05:00,7.031506061553955,7.0813748988699405,6.98163722423797,7.031506061553955,2598400,0.0,0.0
1995-12-04 00:00:00-05:00,7.031506061553955,7.031506061553955,6.98163722423797,7.031506061553955,2140400,0.0,0.0
1995-12-05 00:00:00-05:00,7.031506061553955,7.031506061553955,6.98163722423797,7.031506061553955,2062200,0.0,0.0
1995-12-06 00:00:00-05:00,7.031505836759295,7.031505836759295,6.981637001037598,6.981637001037598,1612800,0.0,0.0
1995-12-07 00:00:00-05:00,6.981637001037598,7.031505836759295,6.9317681653159005,6.981637001037598,1384600,0.0,0.0
1995-12-08 00:00:00-05:00,6.98163722423797,7.031506061553955,6.931768386921984,7.031506061553955,2562400,0.0,0.0
1995-12-11 00:00:00-05:00,7.0315069718794385,7.131244659423827,7.0315069718794385,7.131244659423828,1565800,0.0,0.0
1995-12-12 00:00:00-05:00,7.131240854592159,7.230978488922119,7.131240854592159,7.230978488922119,1586200,0.0,0.0
1995-12-13 00:00:00-05:00,7.230980138520937,7.380586624145508,7.230980138520937,7.380586624145508,3019600,0.0,0.0
1995-12-14 00:00:00-05:00,7.380587350754511,7.380587350754511,7.230980850401379,7.330718517303467,2299600,0.0,0.0
1995-12-15 00:00:00-05:00,7.330718517303467,7.380587350754511,7.2808496838524235,7.330718517303467,4094400,0.0,0.0
1995-12-18 00:00:00-05:00,7.330718795458476,7.330718795458476,7.181112289428711,7.181112289428711,1808000,0.0,0.0
1995-12-19 00:00:00-05:00,7.181112289428711,7.280849960115221,7.181112289428711,7.181112289428711,1864400,0.0,0.0
1995-12-20 00:00:00-05:00,7.181110382080078,7.2309792041778564,7.0813727378845215,7.0813727378845215,1712200,0.0,0.0
1995-12-21 00:00:00-05:00,7.131240854592159,7.280847306087099,7.131240854592159,7.230978488922119,2161600,0.0,0.0
1995-12-22 00:00:00-05:00,7.1811135031960225,7.1811135031960225,7.131244659423827,7.131244659423828,1089600,0.0,0.0
1995-12-26 00:00:00-05:00,7.181112289428711,7.181112289428711,7.181112289428711,7.181112289428711,380200,0.0,0.0
1995-12-27 00:00:00-05:00,7.181109671757139,7.230978488922119,7.131240854592159,7.230978488922119,736000,0.0,0.0
1995-12-28 00:00:00-05:00,7.230980151320156,7.28084897994995,7.181111322690362,7.280848979949951,1863600,0.0,0.0
1995-12-29 00:00:00-05:00,7.2808496838524235,7.380587350754511,7.2808496838524235,7.330718517303467,1815000,0.0,0.0
1996-01-02 00:00:00-05:00,7.330717808579744,7.330717808579744,7.28084897994995,7.280848979949951,2184800,0.0,0.0
1996-01-03 00:00:00-05:00,7.28084897994995,7.380586637209539,7.230980151320156,7.280848979949951,3449200,0.0,0.0
1996-01-04 00:00:00-05:00,7.280849960115221,7.280849960115221,7.131243454085456,7.181112289428711,2594000,0.0,0.0
1996-01-05 00:00:00-05:00,7.1811135031960225,7.1811135031960225,7.081375815651633,7.131244659423828,1554400,0.0,0.0
1996-01-08 00:00:00-05:00,7.131244659423827,7.131244659423827,7.081375815651633,7.131244659423828,540800,0.0,0.0
1996-01-09 00:00:00-05:00,7.131243454085456,7.181112289428711,7.131243454085456,7.181112289428711,2663200,0.0,0.0
1996-01-10 00:00:00-05:00,7.330718517303467,7.7296691849118195,7.330718517303467,7.330718517303467,43545600,0.0,0.0
1996-01-11 00:00:00-05:00,7.330717808579744,7.380586637209539,7.28084897994995,7.280848979949951,7378200,0.0,0.0
1996-01-12 00:00:00-05:00,7.2808496838524235,7.380587350754511,7.181112016950335,7.330718517303467,11793200,0.0,0.0
1996-01-15 00:00:00-05:00,7.330715201845106,7.430452823638916,7.330715201845106,7.430452823638916,5640600,0.0,0.0
1996-01-16 00:00:00-05:00,7.430455465839333,7.430455465839333,7.28084897994995,7.280848979949951,4812200,0.0,0.0
1996-01-17 00:00:00-05:00,7.2808496838524235,7.380587350754511,7.2808496838524235,7.330718517303467,5651000,0.0,0.0
1996-01-18 00:00:00-05:00,7.330718517303467,7.380587350754511,7.2808496838524235,7.330718517303467,4691000,0.0,0.0
1996-01-19 00:00:00-05:00,7.330717808579744,7.330717808579744,7.230980151320156,7.280848979949951,4283200,0.0,0.0
1996-01-22 00:00:00-05:00,7.280847306087099,7.280847306087099,7.181109671757139,7.230978488922119,4168400,0.0,0.0
1996-01-23 00:00:00-05:00,7.230978488922119,7.330716123252079,7.230978488922119,7.230978488922119,1879800,0.0,0.0
1996-01-24 00:00:00-05:00,7.230978488922119,7.280847306087099,7.181109671757139,7.230978488922119,5511600,0.0,0.0
1996-01-25 00:00:00-05:00,7.230978488922119,7.330716123252079,7.181109671757139,7.230978488922119,6495600,0.0,0.0
1996-01-26 00:00:00-05:00,7.230980850401379,7.330718517303467,7.230980850401379,7.330718517303467,4848800,0.0,0.0
1996-01-29 00:00:00-05:00,7.3307177956039835,7.380586624145508,7.28084896706246,7.380586624145508,3576600,0.0,0.0
1996-01-30 00:00:00-05:00,7.380587350754511,7.380587350754511,7.330718517303467,7.330718517303467,2245400,0.0,0.0
1996-01-31 00:00:00-05:00,7.330718517303467,7.380587350754511,7.230980850401379,7.330718517303467,5494000,0.0,0.0
1996-02-01 00:00:00-05:00,7.3307177956039835,7.380586624145508,7.3307177956039835,7.380586624145508,2146200,0.0,0.0
1996-02-02 00:00:00-05:00,7.380587350754511,7.380587350754511,7.2808496838524235,7.330718517303467,2436400,0.0,0.0
1996-02-05 00:00:00-05:00,7.3307177956039835,7.380586624145508,7.28084896706246,7.380586624145508,2172200,0.0,0.0
1996-02-06 00:00:00-05:00,7.380587773607267,7.530194282531739,7.380587773607267,7.530194282531738,6645600,0.0,0.0
1996-02-07 00:00:00-05:00,7.530194282531739,7.530194282531739,7.480325446223581,7.530194282531738,3522400,0.0,0.0
1996-02-08 00:00:00-05:00,7.480322837829589,7.480322837829589,7.4304540189107255,7.48032283782959,4190800,0.0,0.0
1996-02-09 00:00:00-05:00,7.480321634535822,7.480321634535822,7.380584012742011,7.430452823638916,3212600,0.0,0.0
1996-02-12 00:00:00-05:00,7.380587350754511,7.380587350754511,7.330718517303467,7.330718517303467,1541800,0.0,0.0
1996-02-13 00:00:00-05:00,7.330718517303467,7.380587350754511,7.2808496838524235,7.330718517303467,2048200,0.0,0.0
1996-02-14 00:00:00-05:00,7.330718517303467,7.380587350754511,7.2808496838524235,7.330718517303467,3439400,0.0,0.0
1996-02-15 00:00:00-05:00,7.330717808579744,7.330717808579744,7.230980151320156,7.280848979949951,3078000,0.0,0.0
1996-02-16 00:00:00-05:00,7.280847306087099,7.280847306087099,7.230978488922119,7.230978488922119,3733800,0.0,0.0
1996-02-20 00:00:00-05:00,7.181110382080078,7.181110382080078,7.031503915786743,7.0813727378845215,3139200,0.0,0.0
1996-02-21 00:00:00-05:00,7.081374618742201,7.181112289428711,7.081374618742201,7.181112289428711,2842800,0.0,0.0
1996-02-22 00:00:00-05:00,7.181112289428711,7.181112289428711,7.081374618742201,7.181112289428711,2920200,0.0,0.0
1996-02-23 00:00:00-05:00,7.1811125735019115,7.1811125735019115,7.031506061553955,7.031506061553955,2982200,0.0,0.0
1996-02-26 00:00:00-05:00,7.031505836759295,7.031505836759295,6.981637001037598,6.981637001037598,3779600,0.0,0.0
1996-02-27 00:00:00-05:00,6.9816348535551445,7.0315036739376815,6.881897212790071,6.931766033172607,6559000,0.0,0.0
1996-02-28 00:00:00-05:00,6.9317662715911865,7.181110382080078,6.9317662715911865,7.0813727378845215,7090800,0.0,0.0
1996-02-29 00:00:00-05:00,7.081375815651633,7.230982346968217,7.081375815651633,7.131244659423828,3707800,0.0,0.0
1996-03-01 00:00:00-05:00,7.1312415599823,7.181110382080078,6.981635093688965,7.0813727378845215,2255200,0.0,0.0
1996-03-04 00:00:00-05:00,7.031506061553955,7.031506061553955,7.031506061553955,7.031506061553955,0,0.0,0.0
1996-03-05 00:00:00-05:00,7.031506061553955,7.0813748988699405,7.031506061553955,7.031506061553955,2536400,0.0,0.0
1996-03-06 00:00:00-05:00,7.031503915786743,7.1312415599823,7.031503915786743,7.0813727378845215,2215200,0.0,0.0
1996-03-07 00:00:00-05:00,7.081375815651633,7.131244659423827,7.081375815651633,7.131244659423828,1879200,0.0,0.0
1996-03-08 00:00:00-05:00,7.081374672480992,7.081374672480992,6.981637001037598,6.981637001037598,4479600,0.0,0.0
1996-03-11 00:00:00-05:00,6.98163722423797,7.031506061553955,6.881899549605999,7.031506061553955,3314000,0.0,0.0
1996-03-12 00:00:00-05:00,6.981637001037598,6.981637001037598,6.881899329594204,6.981637001037598,3212600,0.0,0.0
1996-03-13 00:00:00-05:00,6.981634609941123,6.981634609941123,6.88189697265625,6.88189697265625,2887200,0.0,0.0
1996-03-14 00:00:00-05:00,6.8818996109231545,6.931768448683467,6.832030773162842,6.832030773162842,5352400,0.0,0.0
1996-03-15 00:00:00-05:00,6.832029837149161,6.832029837149161,6.6824233443648735,6.732292175292969,8697400,0.0,0.0
1996-03-18 00:00:00-05:00,6.832028392407534,6.931766033172607,6.832028392407534,6.931766033172607,9893400,0.0,0.0
1996-03-19 00:00:00-05:00,6.931766033172607,6.9816348535551445,6.881897212790071,6.931766033172607,5048200,0.0,0.0
1996-03-20 00:00:00-05:00,6.931766033172607,6.9816348535551445,6.881897212790071,6.931766033172607,3524600,0.0,0.0
1996-03-21 00:00:00-05:00,6.9317657912986865,6.9317657912986865,6.8320281540138135,6.88189697265625,4626200,0.0,0.0
1996-03-22 00:00:00-05:00,6.88189697265625,6.9317657912986865,6.88189697265625,6.88189697265625,1937000,0.0,0.0
1996-03-25 00:00:00-05:00,6.8818996109231545,6.931768448683467,6.782161935402529,6.832030773162842,5064400,0.0,0.0
1996-03-26 00:00:00-05:00,6.832030493872507,6.981637001037598,6.78216165815081,6.981637001037598,5005800,0.0,0.0
1996-03-27 00:00:00-05:00,6.98163728644378,6.98163728644378,6.832030773162842,6.832030773162842,3264000,0.0,0.0
1996-03-28 00:00:00-05:00,6.832030773162842,6.832030773162842,6.782161935402529,6.832030773162842,3174400,0.0,0.0
1996-03-29 00:00:00-05:00,6.832030773162842,6.832030773162842,6.782161935402529,6.832030773162842,4100800,0.0,0.0
1996-04-01 00:00:00-05:00,6.8320291077389435,6.881897933342877,6.732291456531076,6.78216028213501,5329200,0.0,0.0
1996-04-02 00:00:00-05:00,6.782161935402529,6.931768448683467,6.782161935402529,6.832030773162842,3481600,0.0,0.0
1996-04-03 00:00:00-05:00,6.832030773162842,6.832030773162842,6.782161935402529,6.832030773162842,2133400,0.0,0.0
1996-04-04 00:00:00-05:00,6.8320291077389435,6.8320291077389435,6.78216028213501,6.78216028213501,2694200,0.0,0.0
1996-04-08 00:00:00-04:00,6.682424545288086,6.682424545288086,6.682424545288086,6.682424545288086,3114000,0.0,0.0
1996-04-09 00:00:00-04:00,6.682424545288086,6.732293385178296,6.682424545288086,6.682424545288086,2671600,0.0,0.0
1996-04-10 00:00:00-04:00,6.682424545288086,6.732293385178296,6.682424545288086,6.682424545288086,3367400,0.0,0.0
1996-04-11 00:00:00-04:00,6.6824243230030955,6.6824243230030955,6.632555484771729,6.6325554847717285,7551400,0.0,0.0
1996-04-12 00:00:00-04:00,6.632555705397877,6.682424545288086,6.632555705397877,6.682424545288086,3249200,0.0,0.0
1996-04-15 00:00:00-04:00,6.6824233443648735,6.782161006221065,6.6824233443648735,6.732292175292969,2358200,0.0,0.0
1996-04-16 00:00:00-04:00,6.732291456531076,6.8320291077389435,6.732291456531076,6.78216028213501,2375800,0.0,0.0
1996-04-17 00:00:00-04:00,6.782161006221065,6.782161006221065,6.73229217529297,6.732292175292969,5780600,0.0,0.0
1996-04-18 00:00:00-04:00,6.73229217529297,6.782161006221065,6.73229217529297,6.732292175292969,1505200,0.0,0.0
1996-04-19 00:00:00-04:00,6.732291456531076,6.8320291077389435,6.732291456531076,6.78216028213501,2255200,0.0,0.0
1996-04-22 00:00:00-04:00,6.8320281540138135,6.9317657912986865,6.8320281540138135,6.88189697265625,1322800,0.0,0.0
1996-04-23 00:00:00-04:00,6.8818996109231545,6.931768448683467,6.832030773162842,6.832030773162842,2877200,0.0,0.0
1996-04-24 00:00:00-04:00,6.8320291077389435,6.8320291077389435,6.732291456531076,6.78216028213501,5686200,0.0,0.0
1996-04-25 00:00:00-04:00,6.78216028213501,6.78216028213501,6.6824226309271415,6.78216028213501,2222200,0.0,0.0
1996-04-26 00:00:00-04:00,6.782161935402529,6.832030773162842,6.782161935402529,6.832030773162842,2128400,0.0,0.0
1996-04-29 00:00:00-04:00,6.8320281540138135,6.88189697265625,6.782159335371377,6.88189697265625,2194000,0.0,0.0
1996-04-30 00:00:00-04:00,6.88189697265625,6.88189697265625,6.8320281540138135,6.88189697265625,2544800,0.0,0.0
1996-05-01 00:00:00-04:00,6.88189697265625,6.9317657912986865,6.8320281540138135,6.88189697265625,2164400,0.0,0.0
1996-05-02 00:00:00-04:00,6.8818996109231545,6.8818996109231545,6.782161935402529,6.832030773162842,1691000,0.0,0.0
1996-05-03 00:00:00-04:00,6.8320291077389435,6.8320291077389435,6.732291456531076,6.78216028213501,1647400,0.0,0.0
1996-05-06 00:00:00-04:00,6.782161006221065,6.782161006221065,6.6824233443648735,6.732292175292969,1987600,0.0,0.0
1996-05-07 00:00:00-04:00,6.732293385178296,6.732293385178296,6.682424545288086,6.682424545288086,1489000,0.0,0.0
1996-05-08 00:00:00-04:00,6.632555484771729,6.632555484771729,6.532817808308996,6.6325554847717285,2900600,0.0,0.0
1996-05-09 00:00:00-04:00,6.632555517531533,6.632555517531533,6.532817840576172,6.532817840576172,4372600,0.0,0.0
1996-05-10 00:00:00-04:00,6.532818060932737,6.632555741252321,6.532818060932737,6.582686901092529,3790200,0.0,0.0
1996-05-13 00:00:00-04:00,6.582686646540362,6.6824243230030955,6.532817808308996,6.6325554847717285,3200600,0.0,0.0
1996-05-14 00:00:00-04:00,6.632554513436777,6.782161006221065,6.632554513436777,6.732292175292969,2232000,0.0,0.0
1996-05-15 00:00:00-04:00,6.73229217529297,6.782161006221065,6.632554513436777,6.732292175292969,4048000,0.0,0.0
1996-05-16 00:00:00-04:00,6.732291456531076,6.78216028213501,6.632553805323208,6.78216028213501,4265600,0.0,0.0
1996-05-17 00:00:00-04:00,6.782161935402529,6.832030773162842,6.782161935402529,6.832030773162842,7390800,0.0,0.0
1996-05-20 00:00:00-04:00,6.8320281540138135,6.9317657912986865,6.8320281540138135,6.88189697265625,2179200,0.0,0.0
1996-05-21 00:00:00-04:00,6.881899329594204,6.981637001037598,6.832030493872507,6.981637001037598,4390200,0.0,0.0
1996-05-22 00:00:00-04:00,6.9816360081711855,7.380586637209539,6.931767179541391,7.280848979949951,8233200,0.0,0.0
1996-05-23 00:00:00-04:00,7.28084897994995,7.380586637209539,7.230980151320156,7.280848979949951,4076000,0.0,0.0
1996-05-24 00:00:00-04:00,7.2808496838524235,7.430456184205555,7.230980850401379,7.330718517303467,3236400,0.0,0.0
1996-05-28 00:00:00-04:00,7.330718517303467,7.380587350754511,7.2808496838524235,7.330718517303467,4250800,0.0,0.0
1996-05-29 00:00:00-04:00,7.330716123252079,7.330716123252079,7.230978488922119,7.230978488922119,4483200,0.0,0.0
1996-05-30 00:00:00-04:00,7.230980151320156,7.28084897994995,7.181111322690362,7.280848979949951,4320600,0.0,0.0
1996-05-31 00:00:00-04:00,7.230978488922119,7.230978488922119,7.181109671757139,7.230978488922119,2893400,0.0,0.0
1996-06-03 00:00:00-04:00,7.181112289428711,7.181112289428711,7.081374618742201,7.181112289428711,2535000,0.0,0.0
1996-06-04 00:00:00-04:00,7.181111322690362,7.28084897994995,7.181111322690362,7.280848979949951,2842000,0.0,0.0
1996-06-05 00:00:00-04:00,7.280847306087099,7.280847306087099,7.230978488922119,7.230978488922119,2218000,0.0,0.0
1996-06-06 00:00:00-04:00,7.230978488922119,7.280847306087099,7.230978488922119,7.230978488922119,2235600,0.0,0.0
1996-06-07 00:00:00-04:00,7.181112289428711,7.181112289428711,7.081374618742201,7.181112289428711,2904000,0.0,0.0
1996-06-10 00:00:00-04:00,7.181112289428711,7.230981124771966,7.181112289428711,7.181112289428711,1939000,0.0,0.0
1996-06-11 00:00:00-04:00,7.181112289428711,7.230981124771966,7.131243454085456,7.181112289428711,2665200,0.0,0.0
1996-06-12 00:00:00-04:00,7.181111322690362,7.28084897994995,7.131242494060568,7.280848979949951,3209000,0.0,0.0
1996-06-13 00:00:00-04:00,7.230978488922119,7.230978488922119,7.181109671757139,7.230978488922119,2744200,0.0,0.0
1996-06-14 00:00:00-04:00,7.181112289428711,7.181112289428711,7.131243454085456,7.181112289428711,1390400,0.0,0.0
1996-06-17 00:00:00-04:00,7.181110382080078,7.280848026275635,7.0813727378845215,7.0813727378845215,3207000,0.0,0.0
1996-06-18 00:00:00-04:00,7.0813748988699405,7.131243736185926,7.031506061553955,7.031506061553955,2149000,0.0,0.0
1996-06-19 00:00:00-04:00,7.031506061553955,7.0813748988699405,6.98163722423797,7.031506061553955,2532200,0.0,0.0
1996-06-20 00:00:00-04:00,7.031506061553955,7.0813748988699405,7.031506061553955,7.031506061553955,1591800,0.0,0.0
1996-06-21 00:00:00-04:00,7.031505836759295,7.031505836759295,6.981637001037598,6.981637001037598,3565400,0.0,0.0
1996-06-24 00:00:00-04:00,6.98163722423797,7.031506061553955,6.98163722423797,7.031506061553955,2315800,0.0,0.0
1996-06-25 00:00:00-04:00,7.031505836759295,7.031505836759295,6.981637001037598,6.981637001037598,2870200,0.0,0.0
1996-06-26 00:00:00-04:00,6.981637001037598,7.031505836759295,6.981637001037598,6.981637001037598,1750200,0.0,0.0
1996-06-27 00:00:00-04:00,6.98163722423797,7.031506061553955,6.98163722423797,7.031506061553955,1671400,0.0,0.0
1996-06-28 00:00:00-04:00,7.031506061553955,7.131243736185926,7.031506061553955,7.031506061553955,2620200,0.0,0.0
1996-07-01 00:00:00-04:00,7.031506061553955,7.0813748988699405,6.98163722423797,7.031506061553955,1963000,0.0,0.0
1996-07-02 00:00:00-04:00,7.031506061553955,7.031506061553955,6.98163722423797,7.031506061553955,3091400,0.0,0.0
1996-07-03 00:00:00-04:00,7.031506061553955,7.031506061553955,6.98163722423797,7.031506061553955,2842000,0.0,0.0
1996-07-05 00:00:00-04:00,6.931768448683467,6.931768448683467,6.832030773162842,6.832030773162842,1653800,0.0,0.0
1996-07-08 00:00:00-04:00,6.832030773162842,6.832030773162842,6.782161935402529,6.832030773162842,4446600,0.0,0.0
1996-07-09 00:00:00-04:00,6.832028392407534,6.931766033172607,6.832028392407534,6.931766033172607,2790600,0.0,0.0
1996-07-10 00:00:00-04:00,6.931768448683467,6.931768448683467,6.832030773162842,6.832030773162842,2104600,0.0,0.0
1996-07-11 00:00:00-04:00,6.8320291077389435,6.8320291077389435,6.732291456531076,6.78216028213501,4175400,0.0,0.0
1996-07-12 00:00:00-04:00,6.78216028213501,6.78216028213501,6.732291456531076,6.78216028213501,2317200,0.0,0.0
1996-07-15 00:00:00-04:00,6.732291731723519,6.732291731723519,6.383209938226744,6.433078765869141,5325600,0.0,0.0
1996-07-16 00:00:00-04:00,6.433078765869141,6.482947593511537,6.383209938226744,6.433078765869141,8963000,0.0,0.0
1996-07-17 00:00:00-04:00,6.433079470120944,6.482948303222656,6.433079470120944,6.482948303222656,4461400,0.0,0.0
1996-07-18 00:00:00-04:00,6.482949220772945,6.582686901092529,6.482949220772945,6.582686901092529,2181400,0.0,0.0
1996-07-19 00:00:00-04:00,6.632555705397877,6.782162225068506,6.632555705397877,6.682424545288086,3767600,0.0,0.0
1996-07-22 00:00:00-04:00,6.682424581412112,6.732293421571905,6.532818060932737,6.582686901092529,3029400,0.0,0.0
1996-07-23 00:00:00-04:00,6.532817840576172,6.532817840576172,6.532817840576172,6.532817840576172,0,0.0,0.0
1996-07-24 00:00:00-04:00,6.5328164211539335,6.5328164211539335,6.433078765869141,6.433078765869141,2708200,0.0,0.0
1996-07-25 00:00:00-04:00,6.433079470120944,6.532817136324369,6.433079470120944,6.482948303222656,2143400,0.0,0.0
1996-07-26 00:00:00-04:00,6.48294897007763,6.632555484771729,6.48294897007763,6.6325554847717285,1712200,0.0,0.0
1996-07-29 00:00:00-04:00,6.582685969426082,6.582685969426082,6.482948303222656,6.482948303222656,1314200,0.0,0.0
1996-07-30 00:00:00-04:00,6.482949002098491,6.532817840576172,6.333342486665449,6.532817840576172,1829800,0.0,0.0
1996-07-31 00:00:00-04:00,6.532817136324369,6.582685969426082,6.433079470120944,6.482948303222656,3468200,0.0,0.0
1996-08-01 00:00:00-04:00,6.482948303222656,6.532817136324369,6.482948303222656,6.482948303222656,3339400,0.0,0.0
1996-08-02 00:00:00-04:00,6.482948303222656,6.582685969426082,6.482948303222656,6.482948303222656,2062200,0.0,0.0
1996-08-05 00:00:00-04:00,6.482948303222656,6.482948303222656,6.433079470120944,6.482948303222656,1982000,0.0,0.0
1996-08-06 00:00:00-04:00,6.482947593511537,6.482947593511537,6.433078765869141,6.433078765869141,2373600,0.0,0.0
1996-08-07 00:00:00-04:00,6.433079470120944,6.532817136324369,6.433079470120944,6.482948303222656,4948200,0.0,0.0
1996-08-08 00:00:00-04:00,6.482948303222656,6.532817136324369,6.433079470120944,6.482948303222656,1843200,0.0,0.0
1996-08-09 00:00:00-04:00,6.482949002098491,6.532817840576172,6.433080163620811,6.532817840576172,1436800,0.0,0.0
1996-08-12 00:00:00-04:00,6.532817136324369,6.532817136324369,6.482948303222656,6.482948303222656,1586800,0.0,0.0
1996-08-13 00:00:00-04:00,6.482949002098491,6.532817840576172,6.433080163620811,6.532817840576172,1758800,0.0,0.0
1996-08-14 00:00:00-04:00,6.582686646540362,6.6824243230030955,6.582686646540362,6.6325554847717285,2688400,0.0,0.0
1996-08-15 00:00:00-04:00,6.632555484771729,6.632555484771729,6.582686646540362,6.6325554847717285,1689600,0.0,0.0
1996-08-16 00:00:00-04:00,6.632554513436777,6.73229217529297,6.632554513436777,6.732292175292969,1784800,0.0,0.0
1996-08-19 00:00:00-04:00,6.732293385178296,6.732293385178296,6.682424545288086,6.682424545288086,1682600,0.0,0.0
1996-08-20 00:00:00-04:00,6.6824243230030955,6.6824243230030955,6.632555484771729,6.6325554847717285,2056600,0.0,0.0
1996-08-21 00:00:00-04:00,6.632555484771729,6.632555484771729,6.632555484771729,6.6325554847717285,1436800,0.0,0.0
1996-08-22 00:00:00-04:00,6.632555705397877,6.682424545288086,6.632555705397877,6.682424545288086,1517800,0.0,0.0
1996-08-23 00:00:00-04:00,6.682424581412112,6.682424581412112,6.582686901092529,6.582686901092529,3089200,0.0,0.0
1996-08-26 00:00:00-04:00,6.582686646540362,6.632555484771729,6.582686646540362,6.6325554847717285,3132200,0.0,0.0
1996-08-27 00:00:00-04:00,6.6824226309271415,6.78216028213501,6.6824226309271415,6.78216028213501,2878000,0.0,0.0
1996-08-28 00:00:00-04:00,6.782162225068506,6.782162225068506,6.682424545288086,6.682424545288086,1694600,0.0,0.0
1996-08-29 00:00:00-04:00,6.6824243230030955,6.6824243230030955,6.582686646540362,6.6325554847717285,3061800,0.0,0.0
1996-08-30 00:00:00-04:00,6.632554802527795,6.632554802527795,6.482948303222656,6.482948303222656,2104600,0.0,0.0
1996-09-03 00:00:00-04:00,6.482948303222656,6.532817136324369,6.383210637019231,6.482948303222656,2128400,0.0,0.0
1996-09-04 00:00:00-04:00,6.482947593511537,6.482947593511537,6.433078765869141,6.433078765869141,1524800,0.0,0.0
1996-09-05 00:00:00-04:00,6.433078765869141,6.482947593511537,6.383209938226744,6.433078765869141,2530000,0.0,0.0
1996-09-06 00:00:00-04:00,6.433080163620811,6.582686679053853,6.433080163620811,6.532817840576172,1675600,0.0,0.0
1996-09-09 00:00:00-04:00,6.582686865507667,6.682424545288086,6.582686865507667,6.682424545288086,1749600,0.0,0.0
1996-09-10 00:00:00-04:00,6.682424356009214,6.682424356009214,6.532817840576172,6.532817840576172,1246000,0.0,0.0
1996-09-11 00:00:00-04:00,6.532817840576172,6.582686679053853,6.482949002098491,6.532817840576172,1355800,0.0,0.0
1996-09-12 00:00:00-04:00,6.532818060932737,6.632555741252321,6.532818060932737,6.582686901092529,1879800,0.0,0.0
1996-09-13 00:00:00-04:00,6.582686679053853,6.632555517531533,6.482949002098491,6.532817840576172,16778800,0.0,0.0
1996-09-16 00:00:00-04:00,6.582686646540362,6.6824243230030955,6.582686646540362,6.6325554847717285,2713200,0.0,0.0
1996-09-17 00:00:00-04:00,6.632555741252321,6.632555741252321,6.532818060932737,6.582686901092529,2143400,0.0,0.0
1996-09-18 00:00:00-04:00,6.582686646540362,6.632555484771729,6.48294897007763,6.6325554847717285,2881400,0.0,0.0
1996-09-19 00:00:00-04:00,6.632555705397877,6.682424545288086,6.582686865507667,6.682424545288086,2338400,0.0,0.0
1996-09-20 00:00:00-04:00,6.6824243230030955,6.782161999465829,6.632555484771729,6.6325554847717285,3716800,0.0,0.0
1996-09-23 00:00:00-04:00,6.6824226309271415,6.8320291077389435,6.6824226309271415,6.78216028213501,5348200,0.0,0.0
1996-09-24 00:00:00-04:00,6.78216028213501,6.8320291077389435,6.732291456531076,6.78216028213501,7960600,0.0,0.0
1996-09-25 00:00:00-04:00,6.78216028213501,6.78216028213501,6.78216028213501,6.78216028213501,2258200,0.0,0.0
1996-09-26 00:00:00-04:00,6.782161006221065,6.782161006221065,6.73229217529297,6.732292175292969,3254000,0.0,0.0
1996-09-27 00:00:00-04:00,6.732293385178296,6.732293385178296,6.632555705397877,6.682424545288086,1772000,0.0,0.0
1996-09-30 00:00:00-04:00,6.6824233443648735,6.73229217529297,6.6824233443648735,6.732292175292969,1083200,0.0,0.0
1996-10-01 00:00:00-04:00,6.73229217529297,6.782161006221065,6.6824233443648735,6.732292175292969,1523400,0.0,0.0
1996-10-02 00:00:00-04:00,6.732291456531076,6.78216028213501,6.732291456531076,6.78216028213501,2784200,0.0,0.0
1996-10-03 00:00:00-04:00,6.78216028213501,6.78216028213501,6.732291456531076,6.78216028213501,1696800,0.0,0.0
1996-10-04 00:00:00-04:00,6.78216028213501,6.78216028213501,6.732291456531076,6.78216028213501,3140600,0.0,0.0
1996-10-07 00:00:00-04:00,6.782159572024997,6.931766033172607,6.782159572024997,6.931766033172607,2497600,0.0,0.0
1996-10-08 00:00:00-04:00,6.931768386921984,7.031506061553955,6.881899549605999,7.031506061553955,4396600,0.0,0.0
1996-10-09 00:00:00-04:00,7.03150342858356,7.03150342858356,6.8320281540138135,6.88189697265625,4617800,0.0,0.0
1996-10-10 00:00:00-04:00,6.881898668077257,6.881898668077257,6.73229217529297,6.732292175292969,2618800,0.0,0.0
1996-10-11 00:00:00-04:00,6.732293097642216,6.832030773162842,6.732293097642216,6.832030773162842,3315400,0.0,0.0
1996-10-14 00:00:00-04:00,6.8320281540138135,6.9317657912986865,6.8320281540138135,6.88189697265625,3123000,0.0,0.0
1996-10-15 00:00:00-04:00,6.88189697265625,6.88189697265625,6.782159335371377,6.88189697265625,2824400,0.0,0.0
1996-10-16 00:00:00-04:00,6.881897212790071,6.9816348535551445,6.832028392407534,6.931766033172607,4435400,0.0,0.0
1996-10-17 00:00:00-04:00,6.931768386921984,7.0813748988699405,6.832030712290013,7.031506061553955,8479800,0.0,0.0
1996-10-18 00:00:00-04:00,7.031505836759295,7.081374672480992,6.9317681653159005,6.981637001037598,3887400,0.0,0.0
1996-10-21 00:00:00-04:00,6.981637001037598,7.031505836759295,6.981637001037598,6.981637001037598,5458800,0.0,0.0
1996-10-22 00:00:00-04:00,6.981637001037598,7.031505836759295,6.981637001037598,6.981637001037598,5448200,0.0,0.0
1996-10-23 00:00:00-04:00,6.931768448683467,6.931768448683467,6.782161935402529,6.832030773162842,8286800,0.0,0.0
1996-10-24 00:00:00-04:00,6.832030837697195,6.832030837697195,6.632555484771729,6.6325554847717285,2418800,0.0,0.0
1996-10-25 00:00:00-04:00,6.632555517531533,6.632555517531533,6.482949002098491,6.532817840576172,4326800,0.0,0.0
1996-10-28 00:00:00-05:00,6.532818060932737,6.632555741252321,6.532818060932737,6.582686901092529,3869800,0.0,0.0
1996-10-29 00:00:00-05:00,6.582686901092529,6.632555741252321,6.532818060932737,6.582686901092529,4992400,0.0,0.0
1996-10-30 00:00:00-05:00,6.582685969426082,6.582685969426082,6.482948303222656,6.482948303222656,5549000,0.0,0.0
1996-10-31 00:00:00-05:00,6.482949002098491,6.532817840576172,6.433080163620811,6.532817840576172,6561200,0.0,0.0
1996-11-01 00:00:00-05:00,6.532818025617457,6.682424545288086,6.532818025617457,6.682424545288086,3481600,0.0,0.0
1996-11-04 00:00:00-05:00,6.682424545288086,6.682424545288086,6.582686865507667,6.682424545288086,1975000,0.0,0.0
1996-11-05 00:00:00-05:00,6.682424545288086,6.782162225068506,6.632555705397877,6.682424545288086,3365400,0.0,0.0
1996-11-06 00:00:00-05:00,6.682424581412112,6.732293421571905,6.582686901092529,6.582686901092529,5714600,0.0,0.0
1996-11-07 00:00:00-05:00,6.5328176468610755,6.5328176468610755,6.233604624867438,6.383211135864258,2728400,0.0,0.0
1996-11-08 00:00:00-05:00,6.383211293614897,6.632555484771729,6.383211293614897,6.6325554847717285,3059400,0.0,0.0
1996-11-11 00:00:00-05:00,6.632555705397877,6.682424545288086,6.582686865507667,6.682424545288086,2653200,0.0,0.0
1996-11-12 00:00:00-05:00,6.682424259881904,6.832030773162842,6.682424259881904,6.832030773162842,2224800,0.0,0.0
1996-11-13 00:00:00-05:00,6.8320281540138135,6.88189697265625,6.782159335371377,6.88189697265625,1547200,0.0,0.0
1996-11-14 00:00:00-05:00,6.832030773162842,6.832030773162842,6.682424259881904,6.832030773162842,5292800,0.0,0.0
1996-11-15 00:00:00-05:00,6.832030773162842,6.832030773162842,6.782161935402529,6.832030773162842,3801400,0.0,0.0
1996-11-18 00:00:00-05:00,6.832030773162842,6.8818996109231545,6.732293097642216,6.832030773162842,1759000,0.0,0.0
1996-11-19 00:00:00-05:00,6.8320291077389435,6.8320291077389435,6.78216028213501,6.78216028213501,2302600,0.0,0.0
1996-11-20 00:00:00-05:00,6.782159335371377,6.88189697265625,6.7322905167289395,6.88189697265625,3044800,0.0,0.0
1996-11-21 00:00:00-05:00,6.8818996109231545,6.931768448683467,6.832030773162842,6.832030773162842,3265200,0.0,0.0
1996-11-22 00:00:00-05:00,6.832030493872507,6.981637001037598,6.832030493872507,6.981637001037598,4561000,0.0,0.0
1996-11-25 00:00:00-05:00,6.9317657912986865,6.9317657912986865,6.8320281540138135,6.88189697265625,1452400,0.0,0.0
1996-11-26 00:00:00-05:00,6.8818996109231545,6.931768448683467,6.832030773162842,6.832030773162842,2043200,0.0,0.0
1996-11-27 00:00:00-05:00,6.8320291077389435,6.8320291077389435,6.732291456531076,6.78216028213501,1388000,0.0,0.0
1996-11-29 00:00:00-05:00,6.78216028213501,6.8320291077389435,6.78216028213501,6.78216028213501,571200,0.0,0.0
1996-12-02 00:00:00-05:00,6.78216028213501,6.8320291077389435,6.6824226309271415,6.78216028213501,1896600,0.0,0.0
1996-12-03 00:00:00-05:00,6.782161006221065,6.832029837149161,6.6824233443648735,6.732292175292969,2356600,0.0,0.0
1996-12-04 00:00:00-05:00,6.732293385178296,6.732293385178296,6.532818025617457,6.682424545288086,3185000,0.0,0.0
1996-12-05 00:00:00-05:00,6.682424545288086,6.732293385178296,6.532818025617457,6.682424545288086,2271400,0.0,0.0
1996-12-06 00:00:00-05:00,6.682424545288086,6.682424545288086,6.4330803458370385,6.682424545288086,1583400,0.0,0.0
1996-12-09 00:00:00-05:00,6.6824233443648735,6.782161006221065,6.6824233443648735,6.732292175292969,898200,0.0,0.0
1996-12-10 00:00:00-05:00,6.732293097642216,6.8818996109231545,6.682424259881904,6.832030773162842,2938000,0.0,0.0
1996-12-11 00:00:00-05:00,6.8320291077389435,6.8320291077389435,6.6824226309271415,6.78216028213501,797400,0.0,0.0
1996-12-12 00:00:00-05:00,6.782161006221065,6.832029837149161,6.6824233443648735,6.732292175292969,1522400,0.0,0.0
1996-12-13 00:00:00-05:00,6.73229217529297,6.782161006221065,6.6824233443648735,6.732292175292969,1335400,0.0,0.0
1996-12-16 00:00:00-05:00,6.732293097642216,6.8818996109231545,6.682424259881904,6.832030773162842,1921200,0.0,0.0
1996-12-17 00:00:00-05:00,6.8320291077389435,6.8320291077389435,6.732291456531076,6.78216028213501,2174600,0.0,0.0
1996-12-18 00:00:00-05:00,6.782159335371377,6.88189697265625,6.782159335371377,6.88189697265625,1579600,0.0,0.0
1996-12-19 00:00:00-05:00,6.8819004405628545,7.131244659423827,6.83203159679066,7.131244659423828,2056800,0.0,0.0
1996-12-20 00:00:00-05:00,7.131244659423827,7.430457722056995,7.081375815651633,7.131244659423828,3095800,0.0,0.0
1996-12-23 00:00:00-05:00,7.131244659423827,7.131244659423827,7.081375815651633,7.131244659423828,734200,0.0,0.0
1996-12-24 00:00:00-05:00,7.131240854592159,7.230978488922119,7.0315032202621985,7.230978488922119,389800,0.0,0.0
1996-12-26 00:00:00-05:00,7.230980151320156,7.380586637209539,7.230980151320156,7.280848979949951,476600,0.0,0.0
1996-12-27 00:00:00-05:00,7.28084896706246,7.380586624145508,7.230980138520937,7.380586624145508,962000,0.0,0.0
1996-12-30 00:00:00-05:00,7.330717808579744,7.330717808579744,7.230980151320156,7.280848979949951,1366400,0.0,0.0
1996-12-31 00:00:00-05:00,7.280851190740411,7.3307200345126065,7.131244659423827,7.131244659423828,1407800,0.0,0.0
1997-01-02 00:00:00-05:00,7.031505836759295,7.031505836759295,6.9317681653159005,6.981637001037598,1502600,0.0,0.0
1997-01-03 00:00:00-05:00,6.981638128107244,7.131244659423827,6.981638128107244,7.131244659423828,1888800,0.0,0.0
1997-01-06 00:00:00-05:00,7.131243454085456,7.280849960115221,7.131243454085456,7.181112289428711,2093600,0.0,0.0
1997-01-07 00:00:00-05:00,7.181111322690362,7.28084897994995,7.081373665430774,7.280848979949951,931800,0.0,0.0
1997-01-08 00:00:00-05:00,7.280851190740411,7.280851190740411,7.131244659423827,7.131244659423828,1116400,0.0,0.0
1997-01-09 00:00:00-05:00,7.131244659423827,7.230982346968217,7.131244659423827,7.131244659423828,2546200,0.0,0.0
1997-01-10 00:00:00-05:00,7.131243454085456,7.181112289428711,7.031505783398946,7.181112289428711,2080400,0.0,0.0
1997-01-13 00:00:00-05:00,7.1811125735019115,7.230981410817897,6.98163722423797,7.031506061553955,1021400,0.0,0.0
1997-01-14 00:00:00-05:00,7.031505783398946,7.181112289428711,6.981636948055691,7.181112289428711,796800,0.0,0.0
1997-01-15 00:00:00-05:00,7.181111322690362,7.380586637209539,7.081373665430774,7.280848979949951,1621600,0.0,0.0
1997-01-16 00:00:00-05:00,7.230978488922119,7.230978488922119,7.131240854592159,7.230978488922119,1429600,0.0,0.0
1997-01-17 00:00:00-05:00,7.230981124771966,7.280849960115221,7.131243454085456,7.181112289428711,1639400,0.0,0.0
1997-01-20 00:00:00-05:00,7.181111322690362,7.330717808579744,7.131242494060568,7.280848979949951,768200,0.0,0.0
1997-01-21 00:00:00-05:00,7.2808475621541335,7.480322837829589,7.181109924316406,7.48032283782959,1525200,0.0,0.0
1997-01-22 00:00:00-05:00,7.430452823638916,7.430452823638916,7.330715201845106,7.430452823638916,1025600,0.0,0.0
1997-01-23 00:00:00-05:00,7.430452823638916,7.530190445432727,7.380584012742011,7.430452823638916,1303000,0.0,0.0
1997-01-24 00:00:00-05:00,7.43045449256897,7.580060958862305,7.380585670471191,7.580060958862305,1149200,0.0,0.0
1997-01-27 00:00:00-05:00,7.530190445432727,7.530190445432727,7.2808463909481995,7.430452823638916,3305600,0.0,0.0
1997-01-28 00:00:00-05:00,7.43045375758204,7.43045375758204,7.181109671757139,7.230978488922119,2431800,0.0,0.0
1997-01-29 00:00:00-05:00,7.230977580051294,7.430452823638916,7.181108769154389,7.430452823638916,1912800,0.0,0.0
1997-01-30 00:00:00-05:00,7.430455465839333,7.430455465839333,7.28084897994995,7.280848979949951,2077200,0.0,0.0
1997-01-31 00:00:00-05:00,7.280849960115221,7.330718795458476,7.131243454085456,7.181112289428711,3445200,0.0,0.0
1997-02-03 00:00:00-05:00,7.181109671757139,7.280847306087099,7.131240854592159,7.230978488922119,1366200,0.0,0.0
1997-02-04 00:00:00-05:00,7.230981124771966,7.280849960115221,7.131243454085456,7.181112289428711,2334600,0.0,0.0
1997-02-05 00:00:00-05:00,7.1811135031960225,7.230982346968217,7.131244659423827,7.131244659423828,1281200,0.0,0.0
1997-02-06 00:00:00-05:00,7.131244659423827,7.1811135031960225,7.131244659423827,7.131244659423828,1337000,0.0,0.0
1997-02-07 00:00:00-05:00,7.131242494060568,7.28084897994995,7.131242494060568,7.280848979949951,4687000,0.0,0.0
1997-02-10 00:00:00-05:00,7.2808463909481995,7.480321634535822,7.2808463909481995,7.430452823638916,1963200,0.0,0.0
1997-02-11 00:00:00-05:00,7.430452823638916,7.480321634535822,7.380584012742011,7.430452823638916,1897800,0.0,0.0
1997-02-12 00:00:00-05:00,7.480323314666748,7.580060958862305,7.480323314666748,7.580060958862305,2127400,0.0,0.0
1997-02-13 00:00:00-05:00,7.580060475667317,7.580060475667317,7.4304540189107255,7.48032283782959,1983200,0.0,0.0
1997-02-14 00:00:00-05:00,7.480321634535822,7.530190445432727,7.430452823638916,7.430452823638916,3628200,0.0,0.0
1997-02-18 00:00:00-05:00,7.430452823638916,7.430452823638916,7.330715201845106,7.430452823638916,913800,0.0,0.0
1997-02-19 00:00:00-05:00,7.430455452687031,7.480324281228555,7.3307177956039835,7.380586624145508,1060400,0.0,0.0
1997-02-20 00:00:00-05:00,7.380585199991861,7.580060475667317,7.330716381072998,7.48032283782959,1486200,0.0,0.0
1997-02-21 00:00:00-05:00,7.480322837829589,7.530191656748453,7.4304540189107255,7.48032283782959,1042200,0.0,0.0
1997-02-24 00:00:00-05:00,7.430452823638916,7.430452823638916,7.430452823638916,7.430452823638916,38600,0.0,0.0
1997-02-25 00:00:00-05:00,7.430452823638916,7.430452823638916,7.430452823638916,7.430452823638916,38600,0.0,0.0
1997-02-26 00:00:00-05:00,7.43045449256897,7.580060958862305,7.330716848373413,7.580060958862305,1694600,0.0,0.0
1997-02-27 00:00:00-05:00,7.5800592563296325,7.5800592563296325,7.380584012742011,7.430452823638916,3354200,0.0,0.0
1997-02-28 00:00:00-05:00,7.430456184205555,7.530193851107644,7.330718517303467,7.330718517303467,2230400,0.0,0.0
1997-03-03 00:00:00-05:00,7.330718517303467,7.430456184205555,7.181112016950335,7.330718517303467,1991600,0.0,0.0
1997-03-04 00:00:00-05:00,7.330717808579744,7.430455465839333,7.28084897994995,7.280848979949951,996600,0.0,0.0
1997-03-05 00:00:00-05:00,7.28084897994995,7.330717808579744,7.230980151320156,7.280848979949951,868200,0.0,0.0
1997-03-06 00:00:00-05:00,7.2808463909481995,7.530190445432727,7.230977580051294,7.430452823638916,2710000,0.0,0.0
1997-03-07 00:00:00-05:00,7.430451938529419,7.729664768268859,7.430451938529419,7.629927158355713,2402800,0.0,0.0
1997-03-10 00:00:00-05:00,7.629932840408817,7.729670524597168,7.530195156220467,7.729670524597168,1947000,0.0,0.0
1997-03-11 00:00:00-05:00,7.729670231855369,8.02888327308848,7.729670231855369,7.879276752471924,2423200,0.0,0.0
1997-03-12 00:00:00-05:00,7.879276752471925,7.979014432882962,7.779539072060888,7.879276752471924,1653600,0.0,0.0
1997-03-13 00:00:00-05:00,7.879277919073525,7.929146766662598,7.679802528717233,7.929146766662598,1422200,0.0,0.0
1997-03-14 00:00:00-05:00,7.929146766662598,8.128622157018889,7.879277919073525,7.929146766662598,1240800,0.0,0.0
1997-03-17 00:00:00-05:00,7.929146766662598,8.028884461840743,7.779540223895379,7.929146766662598,1391400,0.0,0.0
1997-03-18 00:00:00-05:00,7.929146766662598,8.028884461840743,7.879277919073525,7.929146766662598,1468600,0.0,0.0
1997-03-19 00:00:00-05:00,7.92914650440216,7.979015350341796,7.879277658462524,7.979015350341797,1749600,0.0,0.0
1997-03-20 00:00:00-05:00,7.979014432882962,8.02888327308848,7.879276752471925,7.879276752471924,1547800,0.0,0.0
1997-03-21 00:00:00-05:00,7.929145303572187,8.02888298034668,7.929145303572187,8.02888298034668,1769000,0.0,0.0
1997-03-24 00:00:00-05:00,8.028882727210904,8.228358074470803,8.028882727210904,8.078751564025879,1720400,0.0,0.0
1997-03-25 00:00:00-05:00,8.078751818733926,8.128620657121173,8.02888298034668,8.02888298034668,1359800,0.0,0.0
1997-03-26 00:00:00-05:00,8.02888298034668,8.128620657121173,7.929145303572187,8.02888298034668,1040600,0.0,0.0
1997-03-27 00:00:00-05:00,8.028883577162219,8.028883577162219,7.679801682502993,7.729670524597168,1130600,0.0,0.0
1997-03-31 00:00:00-05:00,7.679798603057861,7.679798603057861,7.530192136764526,7.580060958862305,1243400,0.0,0.0
1997-04-01 00:00:00-05:00,7.580060958862305,7.629929780960083,7.580060958862305,7.580060958862305,1107200,0.0,0.0
1997-04-02 00:00:00-05:00,7.580062684558687,7.580062684558687,7.330718517303467,7.330718517303467,1119600,0.0,0.0
1997-04-03 00:00:00-05:00,7.330716123252079,7.38058494041706,7.131240854592159,7.230978488922119,1899200,0.0,0.0
1997-04-04 00:00:00-05:00,7.330718517303467,7.330718517303467,7.330718517303467,7.330718517303467,0,0.0,0.0
1997-04-07 00:00:00-04:00,7.330715201845106,7.430452823638916,7.2808463909481995,7.430452823638916,1253000,0.0,0.0
1997-04-08 00:00:00-04:00,7.430456799346131,7.6798009872436515,7.430456799346131,7.679800987243652,1681200,0.0,0.0
1997-04-09 00:00:00-04:00,7.679798603057861,7.679798603057861,7.580060958862305,7.580060958862305,410000,0.0,0.0
1997-04-10 00:00:00-04:00,7.480322837829589,7.480322837829589,7.480322837829589,7.48032283782959,0,0.0,0.0
1997-04-11 00:00:00-04:00,7.480322837829589,7.480322837829589,7.330716381072998,7.48032283782959,931800,0.0,0.0
1997-04-14 00:00:00-04:00,7.480321634535822,7.480321634535822,7.430452823638916,7.430452823638916,675000,0.0,0.0
1997-04-15 00:00:00-04:00,7.4304540189107255,7.480322837829589,7.330716381072998,7.48032283782959,787600,0.0,0.0
1997-04-16 00:00:00-04:00,7.480327187070421,7.879277970380843,7.430458339156618,7.829409122467041,3601800,0.0,0.0
1997-04-17 00:00:00-04:00,7.829407300380682,7.879276136688839,7.480325446223581,7.530194282531738,1091800,0.0,0.0
1997-04-18 00:00:00-04:00,7.480322837829589,7.480322837829589,7.480322837829589,7.48032283782959,0,0.0,0.0
1997-04-21 00:00:00-04:00,7.430452823638916,7.430452823638916,7.330715201845106,7.430452823638916,1394400,0.0,0.0
1997-04-22 00:00:00-04:00,7.4304540189107255,7.480322837829589,7.4304540189107255,7.48032283782959,1399800,0.0,0.0
1997-04-23 00:00:00-04:00,7.480321634535822,7.5800592563296325,7.430452823638916,7.430452823638916,1323400,0.0,0.0
1997-04-24 00:00:00-04:00,7.430452823638916,7.480321634535822,7.330715201845106,7.430452823638916,1434400,0.0,0.0
1997-04-25 00:00:00-04:00,7.430456466144985,7.430456466144985,7.181112289428711,7.181112289428711,416000,0.0,0.0
1997-04-28 00:00:00-04:00,7.181111322690362,7.330717808579744,7.181111322690362,7.280848979949951,680200,0.0,0.0
1997-04-29 00:00:00-04:00,7.2808463909481995,7.430452823638916,7.2808463909481995,7.430452823638916,857000,0.0,0.0
1997-04-30 00:00:00-04:00,7.380586624145508,7.380586624145508,7.28084896706246,7.380586624145508,1278000,0.0,0.0
1997-05-01 00:00:00-04:00,7.580060958862305,7.580060958862305,7.580060958862305,7.580060958862305,0,0.0,0.0
1997-05-02 00:00:00-04:00,7.580063711238814,7.879276752471925,7.580063711238814,7.879276752471924,1318400,0.0,0.0
1997-05-05 00:00:00-04:00,7.879277658462524,7.979015350341796,7.729671120643615,7.979015350341797,863600,0.0,0.0
1997-05-06 00:00:00-04:00,7.979014432882962,8.02888327308848,7.829407912266406,7.879276752471924,1819800,0.0,0.0
1997-05-07 00:00:00-04:00,7.829408208785519,7.829408208785519,7.729670524597168,7.729670524597168,1101000,0.0,0.0
1997-05-08 00:00:00-04:00,7.729671376306306,7.97901561425167,7.679802528717233,7.929146766662598,1613400,0.0,0.0
1997-05-09 00:00:00-04:00,7.929145592677443,8.078752113293998,7.829407912266406,7.879276752471924,974600,0.0,0.0
1997-05-12 00:00:00-04:00,7.879277970380843,7.9291468182946465,7.729671426639435,7.829409122467041,2709600,0.0,0.0
1997-05-13 00:00:00-04:00,7.779539366691344,7.779539366691344,7.729670524597168,7.729670524597168,1329000,0.0,0.0
1997-05-14 00:00:00-04:00,7.729664768268859,7.729664768268859,7.629927158355713,7.629927158355713,1702400,0.0,0.0
1997-05-15 00:00:00-04:00,7.629929780960083,7.72966742515564,7.580060958862305,7.580060958862305,2290000,0.0,0.0
1997-05-16 00:00:00-04:00,7.580060958862305,7.629929780960083,7.530192136764526,7.580060958862305,1391200,0.0,0.0
1997-05-19 00:00:00-04:00,7.580060958862305,7.629929780960083,7.530192136764526,7.580060958862305,488000,0.0,0.0
1997-05-20 00:00:00-04:00,7.580060958862305,7.629929780960083,7.43045449256897,7.580060958862305,1172200,0.0,0.0
1997-05-21 00:00:00-04:00,7.580060958862305,7.72966742515564,7.580060958862305,7.580060958862305,1763000,0.0,0.0
1997-05-22 00:00:00-04:00,7.580060958862305,7.629929780960083,7.580060958862305,7.580060958862305,1778000,0.0,0.0
1997-05-23 00:00:00-04:00,7.5800583533991395,7.629927158355713,7.530189548442566,7.629927158355713,854800,0.0,0.0
1997-05-27 00:00:00-04:00,7.629927158355713,7.679795963312285,7.5800583533991395,7.629927158355713,611600,0.0,0.0
1997-05-28 00:00:00-04:00,7.629927158355713,7.729664768268859,7.5800583533991395,7.629927158355713,976800,0.0,0.0
1997-05-29 00:00:00-04:00,7.629932840408817,7.729670524597168,7.629932840408817,7.729670524597168,976000,0.0,0.0
1997-05-30 00:00:00-04:00,7.729671426639435,7.829409122467041,7.629933730811829,7.829409122467041,1543800,0.0,0.0
1997-06-02 00:00:00-04:00,7.829408208785519,7.829408208785519,7.729670524597168,7.729670524597168,582800,0.0,0.0
1997-06-03 00:00:00-04:00,7.729670524597168,7.779539366691344,7.729670524597168,7.729670524597168,1428600,0.0,0.0
1997-06-04 00:00:00-04:00,7.729669824823156,7.729669824823156,7.629932149664148,7.679800987243652,265800,0.0,0.0
1997-06-05 00:00:00-04:00,7.6798009872436515,7.729669824823156,7.5800633120846435,7.679800987243652,742200,0.0,0.0
1997-06-06 00:00:00-04:00,7.729670524597168,7.729670524597168,7.729670524597168,7.729670524597168,0,0.0,0.0
1997-06-09 00:00:00-04:00,7.729670524597168,7.729670524597168,7.729670524597168,7.729670524597168,0,0.0,0.0
1997-06-10 00:00:00-04:00,7.729669824823156,7.77953866240266,7.629932149664148,7.679800987243652,843000,0.0,0.0
1997-06-11 00:00:00-04:00,7.679799544505584,7.879274857349884,7.679799544505584,7.779537200927734,1479800,0.0,0.0
1997-06-12 00:00:00-04:00,7.7795372009277335,7.829406029138809,7.530193059872357,7.779537200927734,907400,0.0,0.0
1997-06-13 00:00:00-04:00,7.779540274553238,7.879277970380843,7.729671426639435,7.829409122467041,1237000,0.0,0.0
1997-06-16 00:00:00-04:00,7.879277919073525,8.078753309429816,7.879277919073525,7.929146766662598,2065400,0.0,0.0
1997-06-17 00:00:00-04:00,7.92914368556096,7.92914368556096,7.729668372716659,7.779537200927734,1752400,0.0,0.0
1997-06-18 00:00:00-04:00,7.779539966583251,8.028884196281432,7.729671120643615,7.979015350341797,1387200,0.0,0.0
1997-06-19 00:00:00-04:00,7.979015350341796,8.028884196281432,7.879277658462524,7.979015350341797,1080400,0.0,0.0
1997-06-20 00:00:00-04:00,8.02888298034668,8.178489495508419,8.02888298034668,8.02888298034668,2513000,0.0,0.0
1997-06-23 00:00:00-04:00,8.02888341915388,8.178489942492153,8.02888341915388,8.128621101379395,1956800,0.0,0.0
1997-06-24 00:00:00-04:00,8.078751564025879,8.078751564025879,7.9790138903959305,8.078751564025879,746000,0.0,0.0
1997-06-25 00:00:00-04:00,8.078751564025879,8.228358074470803,7.9790138903959305,8.078751564025879,2031800,0.0,0.0
1997-06-26 00:00:00-04:00,8.078753042221068,8.078753042221068,7.979015350341796,7.979015350341797,555600,0.0,0.0
1997-06-27 00:00:00-04:00,7.979015350341796,8.078753042221068,7.92914650440216,7.979015350341797,564800,0.0,0.0
1997-06-30 00:00:00-04:00,7.979014432882962,8.02888327308848,7.829407912266406,7.879276752471924,1052800,0.0,0.0
1997-07-01 00:00:00-04:00,7.87927646518494,8.02888298034668,7.87927646518494,8.02888298034668,1297600,0.0,0.0
1997-07-02 00:00:00-04:00,8.028884196281432,8.078753042221068,7.879277658462524,7.979015350341797,527600,0.0,0.0
1997-07-03 00:00:00-04:00,7.979015350341796,8.078753042221068,7.92914650440216,7.979015350341797,708000,0.0,0.0
1997-07-07 00:00:00-04:00,7.9790138903959305,8.078751564025879,7.9790138903959305,8.078751564025879,1170200,0.0,0.0
1997-07-08 00:00:00-04:00,8.078752260266638,8.128621101379395,7.979014578041124,8.128621101379395,1816600,0.0,0.0
1997-07-09 00:00:00-04:00,8.128620953499517,8.228358633910554,7.879276752471925,7.879276752471924,1814200,0.0,0.0
1997-07-10 00:00:00-04:00,7.9790138903959305,8.178489237655828,7.9790138903959305,8.078751564025879,1411000,0.0,0.0
1997-07-11 00:00:00-04:00,8.078751564025879,8.228358074470803,8.028882727210904,8.078751564025879,1439800,0.0,0.0
1997-07-14 00:00:00-04:00,8.078752260266638,8.178489942492153,8.02888341915388,8.128621101379395,1305400,0.0,0.0
1997-07-15 00:00:00-04:00,8.128619650638464,8.228357315063477,8.07875081842596,8.228357315063477,714600,0.0,0.0
1997-07-16 00:00:00-04:00,8.228358708455891,8.377965230427817,8.228358708455891,8.328096389770508,716000,0.0,0.0
1997-07-17 00:00:00-04:00,8.278226147275983,8.278226147275983,8.128619650638464,8.228357315063477,1158800,0.0,0.0
1997-07-18 00:00:00-04:00,8.228359852197036,8.228359852197036,7.879277919073525,7.929146766662598,1292600,0.0,0.0
1997-07-21 00:00:00-04:00,7.9291468182946465,8.028884514122252,7.729671426639435,7.829409122467041,1202600,0.0,0.0
1997-07-22 00:00:00-04:00,7.879276752471925,7.879276752471925,7.879276752471925,7.879276752471924,0,0.0,0.0
1997-07-23 00:00:00-04:00,7.879277970380843,7.879277970380843,7.829409122467041,7.829409122467041,921200,0.0,0.0
1997-07-24 00:00:00-04:00,7.829408812522888,7.979015350341796,7.829408812522888,7.979015350341797,1154800,0.0,0.0
1997-07-25 00:00:00-04:00,7.979015350341796,8.078753042221068,7.879277658462524,7.979015350341797,620400,0.0,0.0
1997-07-28 00:00:00-04:00,7.9790138903959305,8.128620400840854,7.929145053580956,8.078751564025879,910400,0.0,0.0
1997-07-29 00:00:00-04:00,8.078751818733926,8.078751818733926,7.929145303572187,8.02888298034668,1289600,0.0,0.0
1997-07-30 00:00:00-04:00,8.02888341915388,8.128621101379395,7.979014578041124,8.128621101379395,1139400,0.0,0.0
1997-07-31 00:00:00-04:00,8.128620400840854,8.178489237655828,8.028882727210904,8.078751564025879,619200,0.0,0.0
1997-08-01 00:00:00-04:00,8.078751564025879,8.128620400840854,7.929145053580956,8.078751564025879,734800,0.0,0.0
1997-08-04 00:00:00-04:00,8.078752260266638,8.128621101379395,7.929145736928366,8.128621101379395,562200,0.0,0.0
1997-08-05 00:00:00-04:00,8.128618949797096,8.228356605622826,8.028881293971365,8.178487777709961,989000,0.0,0.0
1997-08-06 00:00:00-04:00,8.178488482850971,8.278226147275983,8.178488482850971,8.228357315063477,544400,0.0,0.0
1997-08-07 00:00:00-04:00,8.22835991181523,8.328097607716021,8.22835991181523,8.278228759765625,524400,0.0,0.0
1997-08-08 00:00:00-04:00,8.278226147275983,8.278226147275983,8.178488482850971,8.228357315063477,836800,0.0,0.0
1997-08-11 00:00:00-04:00,8.22835634446003,8.427831649780273,8.17848751812997,8.427831649780273,934000,0.0,0.0
1997-08-12 00:00:00-04:00,8.427838710316442,8.577445314641585,8.37796984220806,8.527576446533203,1885600,0.0,0.0
1997-08-13 00:00:00-04:00,8.527571423109189,8.677177939304086,8.37796490691429,8.57744026184082,1972200,0.0,0.0
1997-08-14 00:00:00-04:00,8.577436215615686,8.627305030822754,8.577436215615686,8.627305030822754,1101400,0.0,0.0
1997-08-15 00:00:00-04:00,8.627306955100517,8.677175781430577,8.427831649780273,8.427831649780273,1113800,0.0,0.0
1997-08-18 00:00:00-04:00,8.377963089361424,8.377963089361424,8.128618949797096,8.178487777709961,1207800,0.0,0.0
1997-08-19 00:00:00-04:00,8.178489942492153,8.278227624717665,8.078752260266638,8.128621101379395,999400,0.0,0.0
1997-08-20 00:00:00-04:00,8.128621027141275,8.377965230427817,8.128621027141275,8.328096389770508,976200,0.0,0.0
1997-08-21 00:00:00-04:00,8.328094261448557,8.328094261448557,8.178487777709961,8.178487777709961,352000,0.0,0.0
1997-08-22 00:00:00-04:00,8.128621101379395,8.128621101379395,8.02888341915388,8.128621101379395,452000,0.0,0.0
1997-08-25 00:00:00-04:00,8.128619650638464,8.4278326439135,8.128619650638464,8.228357315063477,662800,0.0,0.0
1997-08-26 00:00:00-04:00,8.228358708455891,8.427834071085126,8.228358708455891,8.328096389770508,580200,0.0,0.0
1997-08-27 00:00:00-04:00,8.328095632440904,8.527570976930507,8.278226796318503,8.477702140808105,1034200,0.0,0.0
1997-08-28 00:00:00-04:00,8.477700476110334,8.577438128770456,8.377962823450213,8.427831649780273,632000,0.0,0.0
1997-08-29 00:00:00-04:00,8.427835731279282,8.527573432241168,8.278229179836455,8.37796688079834,456400,0.0,0.0
1997-09-02 00:00:00-04:00,8.427833304685706,8.577439813052907,8.427833304685706,8.477702140808105,597800,0.0,0.0
1997-09-03 00:00:00-04:00,8.477702140808105,8.527570976930507,8.427833304685706,8.477702140808105,648800,0.0,0.0
1997-09-04 00:00:00-04:00,8.477702584377555,8.57744026184082,8.37796490691429,8.57744026184082,325800,0.0,0.0
1997-09-05 00:00:00-04:00,8.57744059305705,8.57744059305705,8.328096389770508,8.328096389770508,639000,0.0,0.0
1997-09-08 00:00:00-04:00,8.377962823450213,8.477700476110334,8.377962823450213,8.427831649780273,446800,0.0,0.0
1997-09-09 00:00:00-04:00,8.477702140808105,8.477702140808105,8.477702140808105,8.477702140808105,0,0.0,0.0
1997-09-10 00:00:00-04:00,8.4278326439135,8.4278326439135,8.228357315063477,8.228357315063477,264400,0.0,0.0
1997-09-11 00:00:00-04:00,8.228358783604909,8.228358783604909,8.078752260266638,8.128621101379395,620800,0.0,0.0
1997-09-12 00:00:00-04:00,8.128622215914438,8.278228759765625,8.078753367964044,8.278228759765625,606600,0.0,0.0
1997-09-15 00:00:00-04:00,8.278228759765625,8.278228759765625,8.128622215914438,8.278228759765625,574400,0.0,0.0
1997-09-16 00:00:00-04:00,8.278225170790092,8.477700476110334,8.278225170790092,8.427831649780273,1854800,0.0,0.0
1997-09-17 00:00:00-04:00,8.427835731279282,8.527573432241168,8.37796688079834,8.37796688079834,661200,0.0,0.0
1997-09-18 00:00:00-04:00,8.377962823450213,8.477700476110334,8.377962823450213,8.427831649780273,538200,0.0,0.0
1997-09-19 00:00:00-04:00,8.427831649780273,8.527569302440396,8.427831649780273,8.427831649780273,983600,0.0,0.0
1997-09-22 00:00:00-04:00,8.427831649780273,8.477700476110334,8.278225170790092,8.427831649780273,959200,0.0,0.0
1997-09-23 00:00:00-04:00,8.427835731279282,8.57744228272211,8.328098030317397,8.37796688079834,406800,0.0,0.0
1997-09-24 00:00:00-04:00,8.377965230427817,8.527571752399743,8.228358708455891,8.328096389770508,558400,0.0,0.0
1997-09-25 00:00:00-04:00,8.328094979488489,8.377963811700994,8.178488482850971,8.228357315063477,653000,0.0,0.0
1997-09-26 00:00:00-04:00,8.22835634446003,8.427831649780273,8.22835634446003,8.427831649780273,844000,0.0,0.0
1997-09-29 00:00:00-04:00,8.427838710316442,8.527576446533203,8.37796984220806,8.527576446533203,400400,0.0,0.0
1997-09-30 00:00:00-04:00,8.527570976930507,8.627308649175308,8.377964468563304,8.477702140808105,1042200,0.0,0.0
1997-10-01 00:00:00-04:00,8.477700476110334,8.527569302440396,8.328093997120153,8.427831649780273,528000,0.0,0.0
1997-10-02 00:00:00-04:00,8.427831649780273,8.477700476110334,8.377962823450213,8.427831649780273,197600,0.0,0.0
1997-10-03 00:00:00-04:00,8.427835731279282,8.627311133203053,8.278229179836455,8.37796688079834,759800,0.0,0.0
1997-10-06 00:00:00-04:00,8.377966455666416,8.477704151567206,8.278228759765625,8.278228759765625,654800,0.0,0.0
1997-10-07 00:00:00-04:00,8.278228759765625,8.377966455666416,8.22835991181523,8.278228759765625,988200,0.0,0.0
1997-10-08 00:00:00-04:00,8.278226147275983,8.328094979488489,8.128619650638464,8.228357315063477,884600,0.0,0.0
1997-10-09 00:00:00-04:00,8.22835991181523,8.577441847467997,8.078753367964044,8.278228759765625,1333000,0.0,0.0
1997-10-10 00:00:00-04:00,8.278226147275983,8.278226147275983,8.178488482850971,8.228357315063477,360000,0.0,0.0
1997-10-13 00:00:00-04:00,8.228356605622826,8.278225433535692,8.178487777709961,8.178487777709961,445000,0.0,0.0
1997-10-14 00:00:00-04:00,8.178489071199262,8.677177429199219,8.128620235399268,8.677177429199219,1132400,0.0,0.0
1997-10-15 00:00:00-04:00,8.527570976930507,8.527570976930507,8.377964468563304,8.477702140808105,726600,0.0,0.0
1997-10-16 00:00:00-04:00,8.477702140808105,8.627308649175308,8.477702140808105,8.477702140808105,878800,0.0,0.0
1997-10-17 00:00:00-04:00,8.477707578424823,8.577445314641585,8.427838710316442,8.527576446533203,992400,0.0,0.0
1997-10-20 00:00:00-04:00,8.527567400408618,8.677173846029822,8.427829769994482,8.627305030822754,891600,0.0,0.0
1997-10-21 00:00:00-04:00,8.62730785412977,8.826783180236816,8.527570191076245,8.826783180236816,784200,0.0,0.0
1997-10-22 00:00:00-04:00,8.776912928989956,8.776912928989956,8.577437635149275,8.727044105529785,582400,0.0,0.0
1997-10-23 00:00:00-04:00,8.577438128770456,8.577438128770456,8.328093997120153,8.427831649780273,452200,0.0,0.0
1997-10-24 00:00:00-04:00,8.427838710316442,8.577445314641585,8.427838710316442,8.527576446533203,1051200,0.0,0.0
1997-10-27 00:00:00-05:00,8.527569624093863,8.527569624093863,7.7795372009277335,7.779537200927734,928400,0.0,0.0
1997-10-28 00:00:00-05:00,7.779538435094497,8.627308649175308,7.580063090604894,8.477702140808105,1636600,0.0,0.0
1997-10-29 00:00:00-05:00,8.477704581760225,8.627311133203053,8.328098030317397,8.37796688079834,917200,0.0,0.0
1997-10-30 00:00:00-05:00,8.377966455666416,8.427835303616812,8.278228759765625,8.278228759765625,506600,0.0,0.0
1997-10-31 00:00:00-05:00,8.278227229451025,8.627309100572454,8.17848955198776,8.57744026184082,1066000,0.0,0.0
1997-11-03 00:00:00-05:00,8.577439757599228,8.826783936599204,8.527570921799231,8.677177429199219,887200,0.0,0.0
1997-11-04 00:00:00-05:00,8.677175282069616,8.776912928989956,8.527568811689104,8.727044105529785,824800,0.0,0.0
1997-11-05 00:00:00-05:00,8.727044100201995,9.02625704078035,8.627306453342545,8.926519393920898,599600,0.0,0.0
1997-11-06 00:00:00-05:00,8.876648404381491,8.876648404381491,8.677173159339212,8.776910781860352,390400,0.0,0.0
1997-11-07 00:00:00-05:00,8.72704266123689,8.72704266123689,8.47769858520155,8.627305030822754,412600,0.0,0.0
1997-11-10 00:00:00-05:00,8.627314182749966,8.627314182749966,8.527576446533203,8.527576446533203,535800,0.0,0.0
1997-11-11 00:00:00-05:00,8.527571423109189,8.677177939304086,8.477702584377555,8.57744026184082,292000,0.0,0.0
1997-11-12 00:00:00-05:00,8.57744059305705,8.627309433714359,8.328096389770508,8.328096389770508,446200,0.0,0.0
1997-11-13 00:00:00-05:00,8.328095632440904,8.527570976930507,8.328095632440904,8.477702140808105,733000,0.0,0.0
1997-11-14 00:00:00-05:00,8.477701476126006,8.527570308338513,8.228357315063477,8.228357315063477,654800,0.0,0.0
1997-11-17 00:00:00-05:00,8.278232105991297,8.577445314641585,8.278232105991297,8.527576446533203,757600,0.0,0.0
1997-11-18 00:00:00-05:00,8.427835303616812,8.427835303616812,8.278228759765625,8.278228759765625,774200,0.0,0.0
1997-11-19 00:00:00-05:00,8.328096068182656,8.627309100572454,8.328096068182656,8.57744026184082,450000,0.0,0.0
1997-11-20 00:00:00-05:00,8.577436215615686,8.677173846029822,8.47769858520155,8.627305030822754,405800,0.0,0.0
1997-11-21 00:00:00-05:00,8.627309100572454,8.727046778035719,8.427833745645923,8.57744026184082,498600,0.0,0.0
1997-11-24 00:00:00-05:00,8.57744228272211,8.627311133203053,8.37796688079834,8.37796688079834,388200,0.0,0.0
1997-11-25 00:00:00-05:00,8.377964468563304,8.527570976930507,8.377964468563304,8.477702140808105,276200,0.0,0.0
1997-11-26 00:00:00-05:00,8.477700476110334,8.577438128770456,8.427831649780273,8.427831649780273,237400,0.0,0.0
1997-11-28 00:00:00-05:00,8.427835731279282,8.527573432241168,8.37796688079834,8.37796688079834,181200,0.0,0.0
1997-12-01 00:00:00-05:00,8.42783325019924,8.677177429199219,8.42783325019924,8.677177429199219,493600,0.0,0.0
1997-12-02 00:00:00-05:00,8.677177429199219,8.727046264999213,8.627308593399222,8.677177429199219,314400,0.0,0.0
1997-12-03 00:00:00-05:00,8.677175781430577,8.82678226042076,8.427831649780273,8.427831649780273,758800,0.0,0.0
1997-12-04 00:00:00-05:00,8.427835303616812,8.577441847467997,8.278228759765625,8.278228759765625,1001400,0.0,0.0
1997-12-05 00:00:00-05:00,8.278227229451025,8.627309100572454,8.228358390719391,8.57744026184082,1258400,0.0,0.0
1997-12-08 00:00:00-05:00,8.577439757599228,8.826783936599204,8.577439757599228,8.677177429199219,766600,0.0,0.0
1997-12-09 00:00:00-05:00,8.677175282069616,8.776912928989956,8.677175282069616,8.727044105529785,376600,0.0,0.0
1997-12-10 00:00:00-05:00,8.727045517183292,8.876652011763577,8.727045517183292,8.826783180236816,668200,0.0,0.0
1997-12-11 00:00:00-05:00,8.826779593120921,8.876648404381491,8.62730434807864,8.776910781860352,398000,0.0,0.0
1997-12-12 00:00:00-05:00,8.776910781860352,8.876648404381491,8.677173159339212,8.776910781860352,432600,0.0,0.0
1997-12-15 00:00:00-05:00,8.826784830414846,9.026260193814052,8.826784830414846,8.876653671264648,945800,0.0,0.0
1997-12-16 00:00:00-05:00,8.876650570491172,8.976388217350625,8.826781747061448,8.926519393920898,1178400,0.0,0.0
1997-12-17 00:00:00-05:00,8.926520843290339,8.976389674817101,8.826783180236816,8.826783180236816,513000,0.0,0.0
1997-12-18 00:00:00-05:00,8.926519393920898,9.225732334499252,8.926519393920898,8.926519393920898,788200,0.0,0.0
1997-12-19 00:00:00-05:00,8.926523120025466,9.125998497009277,8.926523120025466,9.125998497009277,2012600,0.0,0.0
1997-12-22 00:00:00-05:00,9.125998497009277,9.175867341255229,8.926523120025466,9.125998497009277,844200,0.0,0.0
1997-12-23 00:00:00-05:00,9.125999023901164,9.22573671815145,9.026261329650879,9.026261329650879,712400,0.0,0.0
1997-12-24 00:00:00-05:00,9.026261329650879,9.175867871026307,9.026261329650879,9.026261329650879,3909600,0.0,0.0
1997-12-26 00:00:00-05:00,9.026261329650879,9.125999023901164,8.976392482525736,9.026261329650879,359600,0.0,0.0
1997-12-29 00:00:00-05:00,9.026260808517373,9.125998497009277,9.026260808517373,9.125998497009277,1222000,0.0,0.0
1997-12-30 00:00:00-05:00,9.12599634087604,9.225734005803647,9.12599634087604,9.175865173339844,1552600,0.0,0.0
1997-12-31 00:00:00-05:00,9.175865624540595,9.37534096420452,9.125996789624613,9.275603294372559,917200,0.0,0.0
1998-01-02 00:00:00-05:00,9.275603294372559,9.275603294372559,9.125996789624613,9.275603294372559,923200,0.0,0.0
1998-01-05 00:00:00-05:00,9.275598752820814,9.275598752820814,9.17586113182274,9.225729942321777,718000,0.0,0.0
1998-01-06 00:00:00-05:00,9.225734459456577,9.32547212928854,9.175865624540595,9.275603294372559,1601200,0.0,0.0
1998-01-07 00:00:00-05:00,9.275600005169304,9.774288177490234,9.175862370705119,9.774288177490234,1869400,0.0,0.0
1998-01-08 00:00:00-05:00,9.774288177490234,9.774288177490234,9.574812908561862,9.774288177490234,1933800,0.0,0.0
1998-01-09 00:00:00-05:00,9.774287920541713,9.874025552383976,9.62468147277832,9.62468147277832,932400,0.0,0.0
1998-01-12 00:00:00-05:00,9.574813360916941,9.574813360916941,9.275600443388287,9.475075721740723,1637600,0.0,0.0
1998-01-13 00:00:00-05:00,9.425208581322655,9.425208581322655,9.22573326743223,9.325470924377441,1085600,0.0,0.0
1998-01-14 00:00:00-05:00,9.62468147277832,9.62468147277832,9.62468147277832,9.62468147277832,0,0.0,0.0
1998-01-15 00:00:00-05:00,9.624681706229847,9.724419340491295,9.524944071968397,9.574812889099121,2001400,0.0,0.0
1998-01-16 00:00:00-05:00,9.574817917109785,9.624686760428064,9.475080230473225,9.524949073791504,1501600,0.0,0.0
1998-01-20 00:00:00-05:00,9.524944071968397,9.574812889099121,9.425206437706947,9.574812889099121,1408600,0.0,0.0
1998-01-21 00:00:00-05:00,9.574820382254464,9.574820382254464,9.375344957624163,9.425213813781738,1789200,0.0,0.0
1998-01-22 00:00:00-05:00,9.425210252721259,9.425210252721259,9.275603740773303,9.375341415405273,1929000,0.0,0.0
1998-01-23 00:00:00-05:00,9.37533975285005,9.425208581322655,9.275602095904835,9.325470924377441,655600,0.0,0.0
1998-01-26 00:00:00-05:00,9.325469262976396,9.475075721740723,9.175862804212068,9.475075721740723,733000,0.0,0.0
1998-01-27 00:00:00-05:00,9.475075721740723,9.574813360916941,9.425206902152613,9.475075721740723,1100200,0.0,0.0
1998-01-28 00:00:00-05:00,9.475075254837673,9.624681706229847,9.475075254837673,9.574812889099121,1854000,0.0,0.0
1998-01-29 00:00:00-05:00,9.574812889099121,9.624681706229847,9.475075254837673,9.574812889099121,887600,0.0,0.0
1998-01-30 00:00:00-05:00,9.574812889099121,9.574812889099121,9.3254688034455,9.574812889099121,1113200,0.0,0.0
1998-02-02 00:00:00-05:00,9.574812656857189,9.774287920541713,9.574812656857189,9.62468147277832,1748800,0.0,0.0
1998-02-03 00:00:00-05:00,9.62468478863056,9.724422454833984,9.62468478863056,9.724422454833984,443400,0.0,0.0
1998-02-04 00:00:00-05:00,9.724419340491295,9.724419340491295,9.574812889099121,9.574812889099121,810000,0.0,0.0
1998-02-05 00:00:00-05:00,9.574812889099121,9.624681706229847,9.524944071968397,9.574812889099121,875600,0.0,0.0
1998-02-06 00:00:00-05:00,9.574812889099121,9.724419340491295,9.524944071968397,9.574812889099121,1113200,0.0,0.0
1998-02-09 00:00:00-05:00,9.574812889099121,9.624681706229847,9.475075254837673,9.574812889099121,1333400,0.0,0.0
1998-02-10 00:00:00-05:00,9.574812889099121,9.724419340491295,9.574812889099121,9.574812889099121,730600,0.0,0.0
1998-02-11 00:00:00-05:00,9.62468147277832,9.724419104620583,9.62468147277832,9.62468147277832,616800,0.0,0.0
1998-02-12 00:00:00-05:00,9.62468478863056,9.774291287935698,9.574815955528846,9.724422454833984,1147000,0.0,0.0
1998-02-13 00:00:00-05:00,9.724419104620583,9.724419104620583,9.62468147277832,9.62468147277832,639200,0.0,0.0
1998-02-17 00:00:00-05:00,9.62468218050505,9.724419819681268,9.475075721740723,9.475075721740723,786400,0.0,0.0
1998-02-18 00:00:00-05:00,9.475075731572415,9.674551010131836,9.42520691193256,9.674551010131836,814800,0.0,0.0
1998-02-19 00:00:00-05:00,9.674553621732272,9.724422454833984,9.574815955528846,9.724422454833984,794600,0.0,0.0
1998-02-20 00:00:00-05:00,9.724421717903832,9.874028205871582,9.724421717903832,9.874028205871582,535000,0.0,0.0
1998-02-23 00:00:00-05:00,9.874027494246585,9.973765145703622,9.77428984278955,9.824158668518066,760400,0.0,0.0
1998-02-24 00:00:00-05:00,9.82416012103741,9.973766620342548,9.674553621732272,9.724422454833984,498200,0.0,0.0
1998-02-25 00:00:00-05:00,9.724421717903832,9.923897035194166,9.724421717903832,9.874028205871582,920800,0.0,0.0
1998-02-26 00:00:00-05:00,9.874033384323122,9.973771095275879,9.824164528846742,9.973771095275879,656800,0.0,0.0
1998-02-27 00:00:00-05:00,9.973768926971587,10.023637771606445,9.874031237701871,10.023637771606445,1130200,0.0,0.0
1998-03-02 00:00:00-05:00,10.023637771606445,10.173244305511018,9.973768926971587,10.023637771606445,922800,0.0,0.0
1998-03-03 00:00:00-05:00,10.023636060602525,10.173242568969727,9.973767224480124,10.173242568969727,1176000,0.0,0.0
1998-03-04 00:00:00-05:00,10.17324378102871,10.17324378102871,10.073506096900976,10.123374938964844,817400,0.0,0.0
1998-03-05 00:00:00-05:00,10.123375460876161,10.173244305511018,10.023637771606445,10.023637771606445,557600,0.0,0.0
1998-03-06 00:00:00-05:00,10.07350508832701,10.32284927368164,10.07350508832701,10.32284927368164,557400,0.0,0.0
1998-03-09 00:00:00-05:00,10.322844993554805,10.472451442736757,10.223107360766836,10.422582626342773,704200,0.0,0.0
1998-03-10 00:00:00-05:00,10.422587140401204,10.572193654378255,10.422587140401204,10.472455978393555,498200,0.0,0.0
1998-03-11 00:00:00-05:00,10.472453826976613,10.522322654724121,10.372716171481597,10.522322654724121,606200,0.0,0.0
1998-03-12 00:00:00-05:00,10.522320259130742,10.572189075524728,10.372713809948788,10.422582626342773,248200,0.0,0.0
1998-03-13 00:00:00-05:00,10.422582626342773,10.472451442736757,10.223107360766836,10.422582626342773,494000,0.0,0.0
1998-03-16 00:00:00-05:00,10.422583575365021,10.472452396299781,10.023633007886934,10.223108291625977,1654400,0.0,0.0
1998-03-17 00:00:00-05:00,10.223108291625977,10.223108291625977,10.073501828821694,10.223108291625977,614000,0.0,0.0
1998-03-18 00:00:00-05:00,10.223110902656629,10.372717403671116,10.023635567970645,10.272979736328125,465400,0.0,0.0
1998-03-19 00:00:00-05:00,10.27297617716082,10.422582626342773,10.223107360766836,10.422582626342773,567000,0.0,0.0
1998-03-20 00:00:00-05:00,10.422586947823492,10.422586947823492,10.272980436610714,10.32284927368164,704000,0.0,0.0
1998-03-23 00:00:00-05:00,10.223112623092575,10.223112623092575,10.02363725483711,10.123374938964844,1949200,0.0,0.0
1998-03-24 00:00:00-05:00,10.123374240233167,10.173243078855005,10.02363656298949,10.073505401611328,1317200,0.0,0.0
1998-03-25 00:00:00-05:00,10.073506616241303,10.223113150145876,9.874031237701871,10.023637771606445,2148800,0.0,0.0
1998-03-26 00:00:00-05:00,10.023637771606445,10.073506616241303,10.023637771606445,10.023637771606445,1184800,0.0,0.0
1998-03-27 00:00:00-05:00,10.023639950752258,10.073508806228638,9.874033384323122,9.973771095275879,2240800,0.0,0.0
1998-03-30 00:00:00-05:00,9.973767534572275,10.073505209917998,9.82416102155369,9.923898696899414,2289600,0.0,0.0
1998-03-31 00:00:00-05:00,9.923895366017412,10.272977112560737,9.923895366017412,10.223108291625977,990800,0.0,0.0
1998-04-01 00:00:00-05:00,10.22311371042981,11.120752963052917,10.22311371042981,10.821539878845215,2047400,0.0,0.0
1998-04-02 00:00:00-05:00,10.771662712097168,10.771662712097168,10.622056285540262,10.771662712097168,469200,0.0,0.0
1998-04-03 00:00:00-05:00,10.771662712097168,11.021006756358677,10.622056285540262,10.771662712097168,1382800,0.0,0.0
1998-04-06 00:00:00-04:00,10.771669199768926,10.821538038656744,10.52232500532983,10.622062683105469,956800,0.0,0.0
1998-04-07 00:00:00-04:00,10.622062492370604,10.622062492370604,10.322849464416503,10.472455978393555,855400,0.0,0.0
1998-04-08 00:00:00-04:00,10.422586947823492,10.422586947823492,10.32284927368164,10.32284927368164,366400,0.0,0.0
1998-04-09 00:00:00-04:00,10.322849021508144,10.472455529066233,10.322849021508144,10.37271785736084,1429000,0.0,0.0
1998-04-13 00:00:00-04:00,10.372717403671116,10.372717403671116,10.123373235313638,10.272979736328125,1286200,0.0,0.0
1998-04-14 00:00:00-04:00,10.272981994780734,10.322850839415592,9.973768926971587,10.023637771606445,2608800,0.0,0.0
1998-04-15 00:00:00-04:00,10.02363725483711,10.272981465156441,9.973768412773245,10.123374938964844,4726800,0.0,0.0
1998-04-16 00:00:00-04:00,10.123374938964844,10.223112623092575,9.973768412773245,10.123374938964844,6379800,0.0,0.0
1998-04-17 00:00:00-04:00,10.123373235313638,10.322848569999621,9.97376673429915,10.272979736328125,2009600,0.0,0.0
1998-04-20 00:00:00-04:00,10.472453826976613,10.572191482471627,10.472453826976613,10.522322654724121,4044200,0.0,0.0
1998-04-21 00:00:00-04:00,10.622064489373413,10.821539878845215,10.622064489373413,10.821539878845215,1601200,0.0,0.0
1998-04-22 00:00:00-04:00,10.771669645087663,10.771669645087663,10.472456599390783,10.721800804138184,1023800,0.0,0.0
1998-04-23 00:00:00-04:00,10.721800360881106,10.821538038656744,10.622062683105469,10.622062683105469,920200,0.0,0.0
1998-04-24 00:00:00-04:00,10.622062492370604,10.721800168355305,10.422587140401204,10.472455978393555,1347000,0.0,0.0
1998-04-27 00:00:00-04:00,10.47245558570413,10.47245558570413,10.073504896724925,10.173242568969727,618000,0.0,0.0
1998-04-28 00:00:00-04:00,10.173239470691216,10.322845933495499,10.173239470691216,10.223108291625977,737400,0.0,0.0
1998-04-29 00:00:00-04:00,10.223111788431803,10.572193654378255,10.223111788431803,10.472455978393555,873400,0.0,0.0
1998-04-30 00:00:00-04:00,10.472456166442011,10.721800360881106,10.472456166442011,10.622062683105469,522600,0.0,0.0
1998-05-01 00:00:00-04:00,10.622062683105469,10.671931521993287,10.372718488666372,10.622062683105469,784400,0.0,0.0
1998-05-04 00:00:00-04:00,10.721802184109313,10.971146420949065,10.721802184109313,10.821539878845215,914000,0.0,0.0
1998-05-05 00:00:00-04:00,10.821537717766718,10.871406555175781,10.771668880357655,10.871406555175781,1009200,0.0,0.0
1998-05-06 00:00:00-04:00,10.771669006347656,10.771669006347656,10.472455978393555,10.472455978393555,416800,0.0,0.0
1998-05-07 00:00:00-04:00,10.422583575365021,10.422583575365021,10.223108291625977,10.223108291625977,1197200,0.0,0.0
1998-05-08 00:00:00-04:00,10.223111405092128,10.37271791345933,10.173242568969727,10.173242568969727,757400,0.0,0.0
1998-05-11 00:00:00-04:00,10.173242568969727,10.37271791345933,10.073504896724925,10.173242568969727,583400,0.0,0.0
1998-05-12 00:00:00-04:00,10.173242568969727,10.223111405092128,10.073504896724925,10.173242568969727,789000,0.0,0.0
1998-05-13 00:00:00-04:00,10.173242513950054,10.37271785736084,10.173242513950054,10.37271785736084,994600,0.0,0.0
1998-05-14 00:00:00-04:00,10.372718110752565,10.422586947823492,10.32284927368164,10.32284927368164,615200,0.0,0.0
1998-05-15 00:00:00-04:00,10.32284907733693,10.422586749581729,10.173242568969727,10.173242568969727,1258600,0.0,0.0
1998-05-18 00:00:00-04:00,10.17324288526372,10.17324288526372,9.77429218388083,9.923898696899414,1195400,0.0,0.0
1998-05-19 00:00:00-04:00,9.923896319975103,9.973765145703622,9.724421017061031,9.824158668518066,1607600,0.0,0.0
1998-05-20 00:00:00-04:00,9.824162393067013,10.073506616241303,9.824162393067013,10.023637771606445,1100200,0.0,0.0
1998-05-21 00:00:00-04:00,10.023639950752258,10.173246517181397,9.874033384323122,9.973771095275879,984800,0.0,0.0
1998-05-22 00:00:00-04:00,9.973765145703622,10.02363397143214,9.724421017061031,9.824158668518066,461000,0.0,0.0
1998-05-26 00:00:00-04:00,9.874031237701871,10.123375460876161,9.874031237701871,10.023637771606445,871000,0.0,0.0
1998-05-27 00:00:00-04:00,10.02363656298949,10.073505401611328,9.923898885745814,10.073505401611328,1057800,0.0,0.0
1998-05-28 00:00:00-04:00,10.073505401611328,10.223111917476842,10.02363656298949,10.073505401611328,407600,0.0,0.0
1998-05-29 00:00:00-04:00,10.073506096900976,10.272981465156441,10.073506096900976,10.123374938964844,887800,0.0,0.0
1998-06-01 00:00:00-04:00,10.123373732847327,10.223111405092128,10.073504896724925,10.173242568969727,760800,0.0,0.0
1998-06-02 00:00:00-04:00,10.17324378102871,10.223112623092575,10.073506096900976,10.123374938964844,695800,0.0,0.0
1998-06-03 00:00:00-04:00,10.123375460876161,10.173244305511018,9.973768926971587,10.023637771606445,450400,0.0,0.0
1998-06-04 00:00:00-04:00,10.023636060602525,10.173242568969727,9.973767224480124,10.173242568969727,619200,0.0,0.0
1998-06-05 00:00:00-04:00,10.173242513950054,10.472455529066233,10.123373678097359,10.37271785736084,596400,0.0,0.0
1998-06-08 00:00:00-04:00,10.37271785736084,10.472455529066233,10.322849021508144,10.37271785736084,399000,0.0,0.0
1998-06-09 00:00:00-04:00,10.37271785736084,10.422586693213537,10.223111349802751,10.37271785736084,564800,0.0,0.0
1998-06-10 00:00:00-04:00,10.37271785736084,10.472455529066233,10.223111349802751,10.37271785736084,1102600,0.0,0.0
1998-06-11 00:00:00-04:00,10.37271785736084,10.422586693213537,10.223111349802751,10.37271785736084,1106200,0.0,0.0
1998-06-12 00:00:00-04:00,10.372718110752565,10.372718110752565,10.223111599539788,10.32284927368164,554200,0.0,0.0
1998-06-15 00:00:00-04:00,10.322845933495499,10.472452396299781,10.223108291625977,10.223108291625977,1731000,0.0,0.0
1998-06-16 00:00:00-04:00,10.322849464416503,10.572193654378255,10.322849464416503,10.472455978393555,2039000,0.0,0.0
1998-06-17 00:00:00-04:00,10.472453585210836,10.57219123840332,10.472453585210836,10.57219123840332,855200,0.0,0.0
1998-06-18 00:00:00-04:00,10.572189075524728,10.572189075524728,10.422582626342773,10.422582626342773,1105400,0.0,0.0
1998-06-19 00:00:00-04:00,10.422582626342773,10.422582626342773,10.322844993554805,10.422582626342773,1008400,0.0,0.0
1998-06-22 00:00:00-04:00,10.422587140401204,10.572193654378255,10.372718302408854,10.472455978393555,487800,0.0,0.0
1998-06-23 00:00:00-04:00,10.472453585210836,10.57219123840332,10.422584758614594,10.57219123840332,805200,0.0,0.0
1998-06-24 00:00:00-04:00,10.572187476687962,10.771662712097168,10.572187476687962,10.771662712097168,620800,0.0,0.0
1998-06-25 00:00:00-04:00,10.771662712097168,10.771662712097168,10.671925094392565,10.771662712097168,369600,0.0,0.0
1998-06-26 00:00:00-04:00,10.771669199768926,10.771669199768926,10.572193844217649,10.622062683105469,530400,0.0,0.0
1998-06-29 00:00:00-04:00,10.622060064999562,10.721797718192047,10.522322411807078,10.57219123840332,587400,0.0,0.0
1998-06-30 00:00:00-04:00,10.572187476687962,10.921269138654072,10.572187476687962,10.771662712097168,1392000,0.0,0.0
1998-07-01 00:00:00-04:00,10.32284927368164,10.32284927368164,10.173242762468863,10.32284927368164,1333400,0.0,0.0
1998-07-02 00:00:00-04:00,10.272980241214528,10.272980241214528,10.073504896724925,10.173242568969727,1231200,0.0,0.0
1998-07-06 00:00:00-04:00,10.173244305511018,10.173244305511018,10.023637771606445,10.023637771606445,492000,0.0,0.0
1998-07-07 00:00:00-04:00,10.023634693839334,10.023634693839334,9.874028205871582,9.874028205871582,427000,0.0,0.0
1998-07-08 00:00:00-04:00,9.874030047123975,10.073505401611328,9.774292369880298,10.073505401611328,578200,0.0,0.0
1998-07-09 00:00:00-04:00,10.073500816068501,10.123369631989632,9.524943840936057,9.62468147277832,1182400,0.0,0.0
1998-07-10 00:00:00-04:00,9.624686760428064,9.624686760428064,9.425211387154944,9.524949073791504,1134800,0.0,0.0
1998-07-13 00:00:00-04:00,9.524942805315998,9.574811615815035,9.225729942321777,9.225729942321777,988000,0.0,0.0
1998-07-14 00:00:00-04:00,9.225738389151436,9.425213813781738,9.225738389151436,9.425213813781738,542800,0.0,0.0
1998-07-15 00:00:00-04:00,9.425206902152613,9.574813360916941,9.425206902152613,9.475075721740723,969800,0.0,0.0
1998-07-16 00:00:00-04:00,9.475078634036484,9.574816303868447,9.225734459456577,9.275603294372559,639200,0.0,0.0
1998-07-17 00:00:00-04:00,9.275598752820814,9.275598752820814,9.125992321323706,9.225729942321777,754400,0.0,0.0
1998-07-20 00:00:00-04:00,9.225729942321777,9.225729942321777,9.125992321323706,9.225729942321777,1129400,0.0,0.0
1998-07-21 00:00:00-04:00,9.225736185501182,9.524949250976896,9.125998497009277,9.125998497009277,1290800,0.0,0.0
1998-07-22 00:00:00-04:00,9.12599638303121,9.12599638303121,8.926521052254571,8.97638988494873,1888000,0.0,0.0
1998-07-23 00:00:00-04:00,8.976390443999192,8.976390443999192,8.527570921799231,8.677177429199219,4818200,0.0,0.0
1998-07-24 00:00:00-04:00,8.677177485297708,8.677177485297708,8.477702140808105,8.477702140808105,2081200,0.0,0.0
1998-07-27 00:00:00-04:00,8.377963089361424,8.377963089361424,8.128618949797096,8.178487777709961,2419600,0.0,0.0
1998-07-28 00:00:00-04:00,8.178491063864834,8.278228759765625,8.128622215914438,8.278228759765625,1288000,0.0,0.0
1998-07-29 00:00:00-04:00,8.278228759765625,8.328097607716021,8.22835991181523,8.278228759765625,808200,0.0,0.0
1998-07-30 00:00:00-04:00,8.278228759765625,8.278228759765625,8.178491063864834,8.278228759765625,2127600,0.0,0.0
1998-07-31 00:00:00-04:00,8.228357315063477,8.228357315063477,8.178488482850971,8.228357315063477,2036600,0.0,0.0
1998-08-03 00:00:00-04:00,8.22835991181523,8.328097607716021,8.078753367964044,8.278228759765625,998600,0.0,0.0
1998-08-04 00:00:00-04:00,8.278225483038486,8.278225483038486,7.679799544505584,7.779537200927734,2454000,0.0,0.0
1998-08-05 00:00:00-04:00,7.779539966583251,7.979015350341796,7.729671120643615,7.979015350341797,3389200,0.0,0.0
1998-08-06 00:00:00-04:00,7.929145592677443,7.929145592677443,7.829407912266406,7.879276752471924,1484000,0.0,0.0
1998-08-07 00:00:00-04:00,7.879274857349884,7.979012513772035,7.7795372009277335,7.779537200927734,1759200,0.0,0.0
1998-08-10 00:00:00-04:00,7.779538464072525,7.779538464072525,7.430456609915424,7.530194282531738,2520400,0.0,0.0
1998-08-11 00:00:00-04:00,7.530194282531739,7.580063118839896,7.2808501009909525,7.530194282531738,2073400,0.0,0.0
1998-08-12 00:00:00-04:00,7.530194871033295,7.979014432882962,7.530194871033295,7.879276752471924,2273400,0.0,0.0
1998-08-13 00:00:00-04:00,7.879274857349884,7.979012513772035,7.729668372716659,7.779537200927734,1804200,0.0,0.0
1998-08-14 00:00:00-04:00,7.779539366691344,7.879277050879694,7.729670524597168,7.729670524597168,2070800,0.0,0.0
1998-08-17 00:00:00-04:00,7.729668372716659,7.7795372009277335,7.530193059872357,7.779537200927734,1311200,0.0,0.0
1998-08-18 00:00:00-04:00,7.77953866240266,7.77953866240266,7.629932149664148,7.679800987243652,1167200,0.0,0.0
1998-08-19 00:00:00-04:00,7.679798603057861,7.72966742515564,7.530192136764526,7.580060958862305,1793800,0.0,0.0
1998-08-20 00:00:00-04:00,7.580063118839896,7.629931955148053,7.430456609915424,7.530194282531738,755000,0.0,0.0
1998-08-21 00:00:00-04:00,7.530195156220467,7.779539366691344,7.430457472032116,7.729670524597168,1012600,0.0,0.0
1998-08-24 00:00:00-04:00,7.729668372716659,7.879274857349884,7.679799544505584,7.779537200927734,843400,0.0,0.0
1998-08-25 00:00:00-04:00,7.779539072060888,7.979014432882962,7.779539072060888,7.879276752471924,1330800,0.0,0.0
1998-08-26 00:00:00-04:00,7.729664768268859,7.729664768268859,7.5800583533991395,7.629927158355713,1827200,0.0,0.0
1998-08-27 00:00:00-04:00,7.580061938311602,7.580061938311602,7.131242481437889,7.380586624145508,1816600,0.0,0.0
1998-08-28 00:00:00-04:00,7.530194282531739,7.829407300380682,7.530194282531739,7.530194282531738,1455600,0.0,0.0
1998-08-31 00:00:00-04:00,7.530191615007926,7.679798070935235,6.88189697265625,6.88189697265625,1148800,0.0,0.0
1998-09-01 00:00:00-04:00,6.931767167271794,7.430455452687031,6.931767167271794,7.380586624145508,1731400,0.0,0.0
1998-09-02 00:00:00-04:00,7.38058494041706,7.43045375758204,7.131240854592159,7.230978488922119,1114400,0.0,0.0
1998-09-03 00:00:00-04:00,7.131241314702755,7.131241314702755,6.832028392407534,6.931766033172607,1260200,0.0,0.0
1998-09-04 00:00:00-04:00,6.931766758946811,6.931766758946811,6.5328161541153404,6.78216028213501,974200,0.0,0.0
1998-09-08 00:00:00-04:00,6.881899277369182,7.280849960115221,6.881899277369182,7.181112289428711,1368800,0.0,0.0
1998-09-09 00:00:00-04:00,7.181111309979412,7.380586624145508,7.181111309979412,7.380586624145508,1343600,0.0,0.0
1998-09-10 00:00:00-04:00,7.230979712570415,7.230979712570415,6.78216028213501,6.78216028213501,1458400,0.0,0.0
1998-09-11 00:00:00-04:00,6.782161935402529,6.8818996109231545,6.582686584361278,6.832030773162842,632600,0.0,0.0
1998-09-14 00:00:00-04:00,6.881899329594204,7.031505836759295,6.881899329594204,6.981637001037598,988200,0.0,0.0
1998-09-15 00:00:00-04:00,7.081374755758324,7.580063118839896,7.081374755758324,7.530194282531738,1569000,0.0,0.0
1998-09-16 00:00:00-04:00,7.530194282531739,7.729669627764368,7.380587773607267,7.530194282531738,1419200,0.0,0.0
1998-09-17 00:00:00-04:00,7.380586637209539,7.380586637209539,7.230980151320156,7.280848979949951,921600,0.0,0.0
1998-09-18 00:00:00-04:00,7.380587773607267,7.580063118839896,7.380587773607267,7.530194282531738,1171200,0.0,0.0
1998-09-21 00:00:00-04:00,7.480322837829589,7.480322837829589,7.330716381072998,7.48032283782959,626200,0.0,0.0
1998-09-22 00:00:00-04:00,7.679802528717233,8.028884461840743,7.679802528717233,7.929146766662598,1012600,0.0,0.0
1998-09-23 00:00:00-04:00,7.929146766662598,7.97901561425167,7.779540223895379,7.929146766662598,1095200,0.0,0.0
1998-09-24 00:00:00-04:00,7.879277050879694,7.879277050879694,7.729670524597168,7.729670524597168,1380000,0.0,0.0
1998-09-25 00:00:00-04:00,7.729670524597168,7.829408208785519,7.5800639983146425,7.729670524597168,1757200,0.0,0.0
1998-09-28 00:00:00-04:00,7.729664768268859,7.879271183138579,7.5800583533991395,7.629927158355713,1146200,0.0,0.0
1998-09-29 00:00:00-04:00,7.629933730811829,7.879277970380843,7.629933730811829,7.829409122467041,852200,0.0,0.0
1998-09-30 00:00:00-04:00,7.829407379951006,8.128620400840854,7.729669706321057,8.078751564025879,1484000,0.0,0.0
1998-10-01 00:00:00-04:00,8.078753042221068,8.178490734100341,7.829408812522888,7.979015350341797,1801800,0.0,0.0
1998-10-02 00:00:00-04:00,7.979014432882962,8.02888327308848,7.779539072060888,7.879276752471924,1171800,0.0,0.0
1998-10-05 00:00:00-04:00,7.879273891448975,7.879273891448975,7.330716848373413,7.580060958862305,1177000,0.0,0.0
1998-10-06 00:00:00-04:00,7.5800583533991395,7.779533573225432,7.5800583533991395,7.629927158355713,1343000,0.0,0.0
1998-10-07 00:00:00-04:00,7.629929780960083,8.02888035774231,7.530192136764526,7.580060958862305,1461200,0.0,0.0
1998-10-08 00:00:00-04:00,7.58006020907698,7.58006020907698,7.230978488922119,7.230978488922119,1284800,0.0,0.0
1998-10-09 00:00:00-04:00,7.230981264682796,7.530194282531739,7.181112428374639,7.530194282531738,731400,0.0,0.0
1998-10-12 00:00:00-04:00,7.580060958862305,7.879273891448975,7.580060958862305,7.580060958862305,551200,0.0,0.0
1998-10-13 00:00:00-04:00,7.58006020907698,7.58006020907698,7.131240854592159,7.230978488922119,861600,0.0,0.0
1998-10-14 00:00:00-04:00,7.230981179646084,7.280850015367781,6.981637001037598,6.981637001037598,2724400,0.0,0.0
1998-10-15 00:00:00-04:00,6.9816360081711855,7.330717808579744,6.832029522281803,7.280848979949951,1678400,0.0,0.0
1998-10-16 00:00:00-04:00,7.430455403450208,7.829406029138809,7.430455403450208,7.779537200927734,1440000,0.0,0.0
1998-10-19 00:00:00-04:00,7.7795372009277335,7.829406029138809,7.629930716294508,7.779537200927734,1073000,0.0,0.0
1998-10-20 00:00:00-04:00,7.779533573225432,7.879271183138579,7.5800583533991395,7.629927158355713,1048200,0.0,0.0
1998-10-21 00:00:00-04:00,7.629932149664148,7.77953866240266,7.5800633120846435,7.679800987243652,620400,0.0,0.0
1998-10-22 00:00:00-04:00,7.679799544505584,7.879274857349884,7.330717747028057,7.779537200927734,1123600,0.0,0.0
1998-10-23 00:00:00-04:00,7.779536247253418,7.829405069351196,7.580060958862305,7.580060958862305,630200,0.0,0.0
1998-10-26 00:00:00-05:00,7.580064833539087,7.97901561425167,7.530195985950014,7.929146766662598,930800,0.0,0.0
1998-10-27 00:00:00-05:00,7.9291468182946465,8.028884514122252,7.779540274553238,7.829409122467041,780200,0.0,0.0
1998-10-28 00:00:00-05:00,7.87927689581561,8.228358783604909,7.87927689581561,8.128621101379395,1302200,0.0,0.0
1998-10-29 00:00:00-05:00,8.128622215914438,8.377966455666416,8.128622215914438,8.278228759765625,698200,0.0,0.0
1998-10-30 00:00:00-05:00,8.278226796318503,8.477702140808105,8.278226796318503,8.477702140808105,887800,0.0,0.0
1998-11-02 00:00:00-05:00,8.47769858520155,8.627305030822754,8.47769858520155,8.627305030822754,593600,0.0,0.0
1998-11-03 00:00:00-05:00,8.627308649175308,8.627308649175308,8.427833304685706,8.477702140808105,603800,0.0,0.0
1998-11-04 00:00:00-05:00,8.577436215615686,8.677173846029822,8.577436215615686,8.627305030822754,626400,0.0,0.0
1998-11-05 00:00:00-05:00,8.627309100572454,8.677177939304086,8.527571423109189,8.57744026184082,1141400,0.0,0.0
1998-11-06 00:00:00-05:00,8.57744062616584,8.876653671264648,8.527571785316038,8.876653671264648,1649800,0.0,0.0
1998-11-09 00:00:00-05:00,8.876650575910297,8.876650575910297,8.627306458609445,8.727044105529785,942800,0.0,0.0
1998-11-10 00:00:00-05:00,8.727045517183292,8.826783180236816,8.62730785412977,8.826783180236816,924200,0.0,0.0
1998-11-11 00:00:00-05:00,8.826779593120921,8.876648404381491,8.57743553681807,8.776910781860352,1397000,0.0,0.0
1998-11-12 00:00:00-05:00,8.776914348710054,8.826783180236816,8.62730785412977,8.826783180236816,924200,0.0,0.0
1998-11-13 00:00:00-05:00,8.677177429199219,8.677177429199219,8.577439757599228,8.677177429199219,692000,0.0,0.0
1998-11-16 00:00:00-05:00,8.677177939304086,8.77691561676735,8.57744026184082,8.57744026184082,1317000,0.0,0.0
1998-11-17 00:00:00-05:00,8.577437635149275,8.776912928989956,8.577437635149275,8.727044105529785,734200,0.0,0.0
1998-11-18 00:00:00-05:00,8.677173846029822,8.677173846029822,8.627305030822754,8.627305030822754,942200,0.0,0.0
1998-11-19 00:00:00-05:00,8.627305030822754,8.677173846029822,8.527567400408618,8.627305030822754,1603000,0.0,0.0
1998-11-20 00:00:00-05:00,8.627308593399222,8.77691510079921,8.627308593399222,8.677177429199219,2036600,0.0,0.0
1998-11-23 00:00:00-05:00,8.727045517183292,8.926520843290339,8.727045517183292,8.826783180236816,1374200,0.0,0.0
1998-11-24 00:00:00-05:00,8.876653597905086,9.125997800093431,8.876653597905086,9.076128959655762,665200,0.0,0.0
1998-11-25 00:00:00-05:00,9.076128959655762,9.076128959655762,9.076128959655762,9.076128959655762,0,0.0,0.0
1998-11-27 00:00:00-05:00,9.07612755033705,9.12599638303121,8.826783386866252,8.97638988494873,784800,0.0,0.0
1998-11-30 00:00:00-05:00,8.976392482525736,9.125999023901164,8.926523635400592,9.026261329650879,1025600,0.0,0.0
1998-12-01 00:00:00-05:00,8.976389674817101,8.976389674817101,8.727045517183292,8.826783180236816,1174600,0.0,0.0
1998-12-02 00:00:00-05:00,8.826783180236816,8.926520843290339,8.677176685656532,8.826783180236816,1628000,0.0,0.0
1998-12-03 00:00:00-05:00,8.72705191896673,8.72705191896673,8.527576446533203,8.527576446533203,1439000,0.0,0.0
1998-12-04 00:00:00-05:00,8.527570191076245,8.826783180236816,8.527570191076245,8.826783180236816,1093200,0.0,0.0
1998-12-07 00:00:00-05:00,8.876652615044707,9.275603294372559,8.876652615044707,9.275603294372559,1033600,0.0,0.0
1998-12-08 00:00:00-05:00,9.275605565276592,9.275605565276592,8.876654788275449,9.026261329650879,1492800,0.0,0.0
1998-12-09 00:00:00-05:00,9.026260119218094,9.076128959655762,8.976391278780424,9.076128959655762,843200,0.0,0.0
1998-12-10 00:00:00-05:00,9.026258717642891,9.026258717642891,8.826783386866252,8.97638988494873,864600,0.0,0.0
1998-12-11 00:00:00-05:00,8.976391352964251,8.976391352964251,8.677178307865443,8.876653671264648,833600,0.0,0.0
1998-12-14 00:00:00-05:00,8.876650575910297,8.926519399370466,8.677175282069616,8.727044105529785,987200,0.0,0.0
1998-12-15 00:00:00-05:00,8.727041970599782,8.826779593120921,8.727041970599782,8.776910781860352,1338200,0.0,0.0
1998-12-16 00:00:00-05:00,8.776914348710054,8.926520843290339,8.677176685656532,8.826783180236816,1001400,0.0,0.0
1998-12-17 00:00:00-05:00,8.826783180236816,8.876652011763577,8.727045517183292,8.826783180236816,823800,0.0,0.0
1998-12-18 00:00:00-05:00,8.77691561676735,8.77691561676735,8.527571423109189,8.57744026184082,1586400,0.0,0.0
1998-12-21 00:00:00-05:00,8.577437629912819,9.02625704078035,8.577437629912819,8.926519393920898,1004200,0.0,0.0
1998-12-22 00:00:00-05:00,8.926523635400592,9.125999023901164,8.876654788275449,9.026261329650879,851200,0.0,0.0
1998-12-23 00:00:00-05:00,9.026260119218094,9.175866640531101,8.926522438342756,9.076128959655762,1119200,0.0,0.0
1998-12-24 00:00:00-05:00,9.076129652763324,9.125998497009277,9.026260808517373,9.125998497009277,412600,0.0,0.0
1998-12-28 00:00:00-05:00,9.125998497009277,9.175867341255229,8.926523120025466,9.125998497009277,925600,0.0,0.0
1998-12-29 00:00:00-05:00,9.125995610487015,9.325470924377441,8.976389125069195,9.325470924377441,1176200,0.0,0.0
1998-12-30 00:00:00-05:00,9.325471670731254,9.325471670731254,9.175865173339844,9.175865173339844,507000,0.0,0.0
1998-12-31 00:00:00-05:00,9.175862804212068,9.524944541328832,9.076125165035851,9.475075721740723,1189600,0.0,0.0
1999-01-04 00:00:00-05:00,9.425212106652022,9.425212106652022,8.976392482525736,9.026261329650879,936400,0.0,0.0
1999-01-05 00:00:00-05:00,9.026258717642891,9.17586521572537,8.926521052254571,8.97638988494873,1714000,0.0,0.0
1999-01-06 00:00:00-05:00,8.97639196427142,9.325473873993086,8.97639196427142,9.125998497009277,1068600,0.0,0.0
1999-01-07 00:00:00-05:00,9.125996789624613,9.275603294372559,9.076127954708632,9.275603294372559,794400,0.0,0.0
1999-01-08 00:00:00-05:00,9.275600443388287,9.475075721740723,9.225731623800177,9.475075721740723,842400,0.0,0.0
1999-01-11 00:00:00-05:00,9.425210252721259,9.425210252721259,9.275603740773303,9.375341415405273,937000,0.0,0.0
1999-01-12 00:00:00-05:00,9.375343259526879,9.375343259526879,9.026261329650879,9.026261329650879,1088600,0.0,0.0
1999-01-13 00:00:00-05:00,8.976388217350625,8.976388217350625,8.776912923631722,8.926519393920898,1309400,0.0,0.0
1999-01-14 00:00:00-05:00,8.926521052254571,9.07612755033705,8.776914554172093,8.97638988494873,1510400,0.0,0.0
1999-01-15 00:00:00-05:00,8.97639196427142,9.125998497009277,8.97639196427142,9.125998497009277,682200,0.0,0.0
1999-01-19 00:00:00-05:00,9.125992321323706,9.275598752820814,8.876648268828522,9.225729942321777,874000,0.0,0.0
1999-01-20 00:00:00-05:00,9.225734903457317,9.574816764669215,9.125997228825346,9.375341415405273,864600,0.0,0.0
1999-01-21 00:00:00-05:00,9.375344957624163,9.425213813781738,9.175869532993861,9.425213813781738,676200,0.0,0.0
1999-01-22 00:00:00-05:00,9.425208581322655,9.475077409795261,9.275602095904835,9.325470924377441,883000,0.0,0.0
1999-01-25 00:00:00-05:00,9.275603294372559,9.275603294372559,8.976390284876668,9.275603294372559,1685600,0.0,0.0
1999-01-26 00:00:00-05:00,9.275598752820814,9.325467563319851,9.225729942321777,9.225729942321777,812000,0.0,0.0
1999-01-27 00:00:00-05:00,9.225736185501182,9.325473873993086,9.026260808517373,9.125998497009277,1629000,0.0,0.0
1999-01-28 00:00:00-05:00,9.125994687639801,9.225732334499252,8.926519393920898,8.926519393920898,1476000,0.0,0.0
1999-01-29 00:00:00-05:00,8.926523120025466,9.125998497009277,8.926523120025466,9.125998497009277,2794200,0.0,0.0
1999-02-01 00:00:00-05:00,9.12599638303121,9.12599638303121,8.926521052254571,8.97638988494873,1757400,0.0,0.0
1999-02-02 00:00:00-05:00,8.97638988494873,9.026258717642891,8.87665221956041,8.97638988494873,1439400,0.0,0.0
1999-02-03 00:00:00-05:00,8.976391352964251,8.976391352964251,8.826784830414846,8.876653671264648,1248800,0.0,0.0
1999-02-04 00:00:00-05:00,9.12599634087604,9.27560283826745,9.12599634087604,9.175865173339844,1329200,0.0,0.0
1999-02-05 00:00:00-05:00,9.17586113182274,9.225729942321777,9.026254700325632,9.225729942321777,1684000,0.0,0.0
1999-02-08 00:00:00-05:00,9.225738389151436,9.425213813781738,9.175869532993861,9.425213813781738,2020600,0.0,0.0
1999-02-09 00:00:00-05:00,9.425206437706947,9.77428815762202,9.425206437706947,9.574812889099121,2016400,0.0,0.0
1999-02-10 00:00:00-05:00,9.524949073791504,9.524949073791504,9.125998327245263,9.524949073791504,1747600,0.0,0.0
1999-02-11 00:00:00-05:00,9.524951526096888,9.524951526096888,9.375344957624163,9.425213813781738,878400,0.0,0.0
1999-02-12 00:00:00-05:00,9.425209799120502,9.475078634036484,9.125996789624613,9.275603294372559,781000,0.0,0.0
1999-02-16 00:00:00-05:00,9.275603294372559,9.32547212928854,9.225734459456577,9.275603294372559,1400400,0.0,0.0
1999-02-17 00:00:00-05:00,9.275604321406439,9.275604321406439,9.026260119218094,9.076128959655762,2035200,0.0,0.0
1999-02-18 00:00:00-05:00,9.076131820678711,9.425213813781738,9.076131820678711,9.425213813781738,2493400,0.0,0.0
1999-02-19 00:00:00-05:00,9.425206437706947,9.77428815762202,9.22573116918405,9.574812889099121,2076000,0.0,0.0
1999-02-22 00:00:00-05:00,9.624689106941224,10.023639950752258,9.624689106941224,9.973771095275879,1810800,0.0,0.0
1999-02-23 00:00:00-05:00,9.973766620342548,9.973766620342548,9.574815955528846,9.724422454833984,945800,0.0,0.0
1999-02-24 00:00:00-05:00,9.724421017061031,10.272978100074731,9.624683365603994,9.824158668518066,1255400,0.0,0.0
1999-02-25 00:00:00-05:00,9.82415883945969,10.622060064999562,9.82415883945969,10.57219123840332,1920800,0.0,0.0
1999-02-26 00:00:00-05:00,10.472455071014108,10.472455071014108,10.173242068985134,10.272979736328125,1381600,0.0,0.0
1999-03-01 00:00:00-05:00,10.422583352739565,10.721796271956968,10.422583352739565,10.671927452087402,1960600,0.0,0.0
1999-03-02 00:00:00-05:00,10.671925094392565,10.921269138654072,10.572187476687962,10.771662712097168,2643600,0.0,0.0
1999-03-03 00:00:00-05:00,10.771668880357655,10.921275392584844,10.771668880357655,10.871406555175781,1914600,0.0,0.0
1999-03-04 00:00:00-05:00,10.871400329801771,10.921269138654072,10.721793903244865,10.771662712097168,1548000,0.0,0.0
1999-03-05 00:00:00-05:00,10.771670511324112,10.921277046203613,10.771670511324112,10.921277046203613,1285200,0.0,0.0
1999-03-08 00:00:00-05:00,10.921277046203613,10.971145891163447,10.771670511324112,10.921277046203613,1160400,0.0,0.0
1999-03-09 00:00:00-05:00,10.921277046203613,11.02101473612328,10.87140820124378,10.921277046203613,865800,0.0,0.0
1999-03-10 00:00:00-05:00,10.921273693240066,11.07088018218856,10.871404863590568,11.021011352539062,828400,0.0,0.0
1999-03-11 00:00:00-05:00,11.02101306740297,11.070881904812035,10.821537717766718,10.871406555175781,1331400,0.0,0.0
1999-03-12 00:00:00-05:00,10.871407942338422,11.021014473655006,10.572194879705254,10.971145629882812,2434400,0.0,0.0
1999-03-15 00:00:00-05:00,10.971145629882812,11.021014473655006,10.771670254794033,10.971145629882812,1205000,0.0,0.0
1999-03-16 00:00:00-05:00,10.971145891163447,11.02101473612328,10.87140820124378,10.921277046203613,1524200,0.0,0.0
1999-03-17 00:00:00-05:00,10.921275392584844,11.02101306740297,10.721800042948592,10.871406555175781,1572000,0.0,0.0
1999-03-18 00:00:00-05:00,10.871406555175781,11.02101306740297,10.572193530721401,10.871406555175781,1227600,0.0,0.0
1999-03-19 00:00:00-05:00,10.871404863590568,11.07088018218856,10.771667204291571,11.021011352539062,1672600,0.0,0.0
1999-03-22 00:00:00-05:00,11.02101473612328,11.070883581083114,10.87140820124378,10.921277046203613,977000,0.0,0.0
1999-03-23 00:00:00-05:00,10.9212750517405,10.9212750517405,10.272980185655447,10.37271785736084,919200,0.0,0.0
1999-03-24 00:00:00-05:00,10.422584999229105,10.572191482471627,10.422584999229105,10.522322654724121,1160400,0.0,0.0
1999-03-25 00:00:00-05:00,10.522325440340264,10.721800804138184,10.472456599390783,10.721800804138184,1160000,0.0,0.0
1999-03-26 00:00:00-05:00,10.721800804138184,10.721800804138184,10.422587758441304,10.721800804138184,859600,0.0,0.0
1999-03-29 00:00:00-05:00,10.721800042948592,11.02101306740297,10.67193120553953,10.871406555175781,1144600,0.0,0.0
1999-03-30 00:00:00-05:00,10.771669006347656,10.771669006347656,10.472455978393555,10.472455978393555,1064600,0.0,0.0
1999-03-31 00:00:00-05:00,10.472452172609133,10.921271551435238,10.472452172609133,10.671927452087402,1141200,0.0,0.0
1999-04-01 00:00:00-05:00,10.67193120553953,10.871406555175781,10.322849343676086,10.871406555175781,1530000,0.0,0.0
1999-04-05 00:00:00-04:00,10.87140820124378,11.02101473612328,10.821539356283946,10.921277046203613,1293400,0.0,0.0
1999-04-06 00:00:00-04:00,10.921273024577015,10.921273024577015,10.57219123840332,10.57219123840332,764200,0.0,0.0
1999-04-07 00:00:00-04:00,10.572189075524728,10.671926708312697,10.422582626342773,10.422582626342773,945400,0.0,0.0
1999-04-08 00:00:00-04:00,10.422581050131056,10.771662712097168,10.27297462357415,10.771662712097168,857600,0.0,0.0
1999-04-09 00:00:00-04:00,10.771669645087663,10.771669645087663,10.422587758441304,10.721800804138184,484600,0.0,0.0
1999-04-12 00:00:00-04:00,10.721800042948592,10.921275392584844,10.622062368130464,10.871406555175781,1081400,0.0,0.0
1999-04-13 00:00:00-04:00,10.821533157494649,10.821533157494649,10.322844993554805,10.422582626342773,1171400,0.0,0.0
1999-04-14 00:00:00-04:00,10.422587140401204,10.671931330362955,10.272980626424152,10.472455978393555,1237800,0.0,0.0
1999-04-15 00:00:00-04:00,10.472456166442011,10.671931521993287,10.472456166442011,10.622062683105469,1128800,0.0,0.0
1999-04-16 00:00:00-04:00,10.622060064999562,10.622060064999562,10.272978278825867,10.57219123840332,576600,0.0,0.0
1999-04-19 00:00:00-04:00,10.572189812348267,10.721796271956968,10.472452172609133,10.671927452087402,912600,0.0,0.0
1999-04-20 00:00:00-04:00,10.671925094392565,10.771662712097168,10.671925094392565,10.771662712097168,783400,0.0,0.0
1999-04-21 00:00:00-04:00,10.77166765153141,11.12074947357178,10.62206115637125,11.120749473571777,718400,0.0,0.0
1999-04-22 00:00:00-04:00,11.120750077839554,11.56956958770752,11.070881243409781,11.56956958770752,1018800,0.0,0.0
1999-04-23 00:00:00-04:00,11.569573090139743,11.719179638719137,11.270359992980957,11.270359992980957,520000,0.0,0.0
1999-04-26 00:00:00-04:00,11.270355500786552,11.370093160085547,10.921273693240066,11.021011352539062,674600,0.0,0.0
1999-04-27 00:00:00-04:00,11.120752074888774,11.519702821969986,11.120752074888774,11.170620918273926,700200,0.0,0.0
1999-04-28 00:00:00-04:00,11.17062100497159,11.37009638006037,10.871407942338422,10.971145629882812,793200,0.0,0.0
1999-04-29 00:00:00-04:00,10.971142522889563,11.270355500786552,10.871404863590568,11.021011352539062,1224800,0.0,0.0
1999-04-30 00:00:00-04:00,11.021011352539062,11.07088018218856,10.771667204291571,11.021011352539062,912200,0.0,0.0
1999-05-03 00:00:00-04:00,11.021015745348635,12.018392735877923,11.021015745348635,11.270359992980957,1788400,0.0,0.0
1999-05-04 00:00:00-04:00,11.270355500786552,11.419961989735047,10.921273693240066,11.021011352539062,1459200,0.0,0.0
1999-05-05 00:00:00-04:00,11.021011352539062,11.07088018218856,10.721798374642074,11.021011352539062,823800,0.0,0.0
1999-05-06 00:00:00-04:00,10.921277573581115,10.921277573581115,10.622064489373413,10.821539878845215,937400,0.0,0.0
1999-05-07 00:00:00-04:00,10.82154045448647,11.070884704589844,10.72180275444512,11.070884704589844,499400,0.0,0.0
1999-05-10 00:00:00-04:00,11.070881904812035,11.120750742221098,10.821537717766718,10.871406555175781,626000,0.0,0.0
1999-05-11 00:00:00-04:00,10.871403446281533,11.51969814720658,10.821534623133454,11.320222854614258,822000,0.0,0.0
1999-05-12 00:00:00-04:00,11.320226851753565,11.569571055536684,10.921276125700576,11.469833374023438,673400,0.0,0.0
1999-05-13 00:00:00-04:00,11.4698293240585,11.56956697035466,11.270354031466178,11.320222854614258,574600,0.0,0.0
1999-05-14 00:00:00-04:00,11.220486671137055,11.220486671137055,11.021011352539062,11.021011352539062,535600,0.0,0.0
1999-05-17 00:00:00-04:00,11.02101306740297,11.02101306740297,10.721800042948592,10.871406555175781,643200,0.0,0.0
1999-05-18 00:00:00-04:00,10.871404197980773,11.220485984154468,10.472453585210836,10.57219123840332,1551200,0.0,0.0
1999-05-19 00:00:00-04:00,10.572194281289743,10.771669645087663,10.522325440340264,10.721800804138184,1095200,0.0,0.0
1999-05-20 00:00:00-04:00,10.72179552470668,10.821533157494649,10.422582626342773,10.422582626342773,1365400,0.0,0.0
1999-05-21 00:00:00-04:00,10.422586237342612,10.522323904685603,10.223110902656629,10.272979736328125,1414400,0.0,0.0
1999-05-24 00:00:00-04:00,10.272979736328125,10.422586237342612,10.173242068985134,10.272979736328125,1303800,0.0,0.0
1999-05-25 00:00:00-04:00,10.223111405092128,10.223111405092128,9.923898388357724,10.173242568969727,1346800,0.0,0.0
1999-05-26 00:00:00-04:00,10.173243133115097,10.721800360881106,10.173243133115097,10.622062683105469,877000,0.0,0.0
1999-05-27 00:00:00-04:00,10.572193257948932,10.572193257948932,10.023636060602525,10.173242568969727,1231800,0.0,0.0
1999-05-28 00:00:00-04:00,10.173242950439452,10.572193654378255,10.073505274454751,10.472455978393555,1108200,0.0,0.0
1999-06-01 00:00:00-04:00,10.472455978393555,10.572193654378255,10.272980626424152,10.472455978393555,923600,0.0,0.0
1999-06-02 00:00:00-04:00,10.472456166442011,10.721800360881106,10.422587327554192,10.622062683105469,1315600,0.0,0.0
1999-06-03 00:00:00-04:00,10.622064489373413,10.821539878845215,10.522326794637513,10.821539878845215,689600,0.0,0.0
1999-06-04 00:00:00-04:00,10.821536483251462,11.12074947357178,10.77166765153141,11.120749473571777,505600,0.0,0.0
1999-06-07 00:00:00-04:00,11.120747562021936,11.320222854614258,10.971141092577694,11.320222854614258,579600,0.0,0.0
1999-06-08 00:00:00-04:00,11.170621271002783,11.170621271002783,10.721801666364279,10.921277046203613,324200,0.0,0.0
1999-06-09 00:00:00-04:00,10.921275716432383,10.921275716432383,10.472456166442011,10.622062683105469,461000,0.0,0.0
1999-06-10 00:00:00-04:00,10.472455978393555,10.472455978393555,10.023636436462402,10.472455978393555,1437600,0.0,0.0
1999-06-11 00:00:00-04:00,10.472455071014108,10.472455071014108,10.173242068985134,10.272979736328125,680200,0.0,0.0
1999-06-14 00:00:00-04:00,10.272980185655447,10.472455529066233,10.173242513950054,10.37271785736084,710600,0.0,0.0
1999-06-15 00:00:00-04:00,10.372718302408854,10.622062492370604,10.272980626424152,10.472455978393555,559800,0.0,0.0
1999-06-16 00:00:00-04:00,10.572189812348267,10.871402731565672,10.572189812348267,10.671927452087402,546800,0.0,0.0
1999-06-17 00:00:00-04:00,10.622057891918711,10.622057891918711,10.322844993554805,10.422582626342773,416800,0.0,0.0
1999-06-18 00:00:00-04:00,10.422582626342773,10.472451442736757,10.322844993554805,10.422582626342773,1021600,0.0,0.0
1999-06-21 00:00:00-04:00,10.422584999229105,10.522322654724121,10.272978515986582,10.522322654724121,725600,0.0,0.0
1999-06-22 00:00:00-04:00,10.522320259130742,10.671926708312697,10.422582626342773,10.422582626342773,982400,0.0,0.0
1999-06-23 00:00:00-04:00,10.422587140401204,10.472455978393555,10.372718302408854,10.472455978393555,1028600,0.0,0.0
1999-06-24 00:00:00-04:00,10.472453826976613,10.622060310219135,10.272978515986582,10.522322654724121,867400,0.0,0.0
1999-06-25 00:00:00-04:00,10.472452396299781,10.472452396299781,10.173239470691216,10.223108291625977,1075400,0.0,0.0
1999-06-28 00:00:00-04:00,10.32284734373409,10.771666793461659,10.32284734373409,10.522322654724121,848800,0.0,0.0
1999-06-29 00:00:00-04:00,10.522324693312338,10.921275392584844,10.422587018494212,10.871406555175781,562800,0.0,0.0
1999-06-30 00:00:00-04:00,10.821538038656744,10.821538038656744,10.472456166442011,10.622062683105469,902200,0.0,0.0
1999-07-01 00:00:00-04:00,10.622060310219135,10.622060310219135,10.422584999229105,10.522322654724121,667400,0.0,0.0
1999-07-02 00:00:00-04:00,10.522324693312338,10.921275392584844,10.472455855903275,10.871406555175781,577000,0.0,0.0
1999-07-06 00:00:00-04:00,10.871401973888634,10.871401973888634,10.422582626342773,10.422582626342773,635200,0.0,0.0
1999-07-07 00:00:00-04:00,10.422584758614594,10.622060064999562,10.422584758614594,10.57219123840332,889200,0.0,0.0
1999-07-08 00:00:00-04:00,10.57219123840332,10.771666544788289,10.422584758614594,10.57219123840332,560000,0.0,0.0
1999-07-09 00:00:00-04:00,10.572195131484776,10.921277046203613,10.522326286524942,10.921277046203613,489600,0.0,0.0
1999-07-12 00:00:00-04:00,10.871402731565672,10.871402731565672,10.472452172609133,10.671927452087402,666600,0.0,0.0
1999-07-13 00:00:00-04:00,10.671932821404445,11.070883581083114,10.572195131484776,10.921277046203613,696000,0.0,0.0
1999-07-14 00:00:00-04:00,10.871406555175781,10.871406555175781,10.721800042948592,10.871406555175781,525800,0.0,0.0
1999-07-15 00:00:00-04:00,10.871407942338422,11.17062100497159,10.871407942338422,10.971145629882812,560000,0.0,0.0
1999-07-16 00:00:00-04:00,11.0708845948751,11.32022884250742,11.0708845948751,11.270359992980957,542600,0.0,0.0
1999-07-19 00:00:00-04:00,11.220486671137055,11.220486671137055,10.721798374642074,11.021011352539062,435000,0.0,0.0
1999-07-20 00:00:00-04:00,11.021006756358677,11.021006756358677,10.721793903244865,10.771662712097168,311200,0.0,0.0
1999-07-21 00:00:00-04:00,10.771671031477265,10.871408726213165,10.622064489373413,10.821539878845215,501800,0.0,0.0
1999-07-22 00:00:00-04:00,10.622062296107195,10.622062296107195,9.97376741418516,10.32284927368164,2450000,0.0,0.0
1999-07-23 00:00:00-04:00,10.272977112560737,10.272977112560737,10.073501828821694,10.223108291625977,1747200,0.0,0.0
1999-07-26 00:00:00-04:00,10.223110902656629,10.422586237342612,10.173242068985134,10.272979736328125,1697800,0.0,0.0
1999-07-27 00:00:00-04:00,10.272984228134156,10.272984228134156,9.973771095275879,9.973771095275879,921800,0.0,0.0
1999-07-28 00:00:00-04:00,9.97376586451675,10.023634693839334,9.824159376549,9.874028205871582,882000,0.0,0.0
1999-07-29 00:00:00-04:00,9.824156974752745,9.824156974752745,8.976387083530426,9.574812889099121,2305600,0.0,0.0
1999-07-30 00:00:00-04:00,9.574817917109785,9.624686760428064,9.425211387154944,9.524949073791504,1189800,0.0,0.0
1999-08-02 00:00:00-04:00,9.524944541328832,9.724419819681268,9.425206902152613,9.475075721740723,1816400,0.0,0.0
1999-08-03 00:00:00-04:00,9.475082669939313,9.574820382254464,9.175869532993861,9.425213813781738,923400,0.0,0.0
1999-08-04 00:00:00-04:00,9.425205184317925,9.574811615815035,9.026254700325632,9.225729942321777,1440000,0.0,0.0
1999-08-05 00:00:00-04:00,9.225731623800177,9.475075721740723,9.225731623800177,9.475075721740723,1192800,0.0,0.0
1999-08-06 00:00:00-04:00,9.425209335658861,9.425209335658861,9.026258675948434,9.175865173339844,599800,0.0,0.0
1999-08-09 00:00:00-04:00,9.175865173339844,9.175865173339844,9.026258675948434,9.175865173339844,826000,0.0,0.0
1999-08-10 00:00:00-04:00,9.175867871026307,9.175867871026307,8.976392482525736,9.026261329650879,1429800,0.0,0.0
1999-08-11 00:00:00-04:00,9.026260808517373,9.325473873993086,9.026260808517373,9.125998497009277,1063600,0.0,0.0
1999-08-12 00:00:00-04:00,9.076125864210075,9.076125864210075,8.826781747061448,8.926519393920898,1306600,0.0,0.0
1999-08-13 00:00:00-04:00,8.926522438342756,9.225735480968769,8.876653597905086,9.076128959655762,1530200,0.0,0.0
1999-08-16 00:00:00-04:00,9.07613017677602,9.125999023901164,9.026261329650879,9.026261329650879,935600,0.0,0.0
1999-08-17 00:00:00-04:00,9.026260808517373,9.175867341255229,8.926523120025466,9.125998497009277,867800,0.0,0.0
1999-08-18 00:00:00-04:00,9.125992321323706,9.225729942321777,9.026254700325632,9.225729942321777,1045600,0.0,0.0
1999-08-19 00:00:00-04:00,9.225734005803647,9.225734005803647,9.076127508412236,9.175865173339844,840600,0.0,0.0
1999-08-20 00:00:00-04:00,8.078746402964873,8.078746402964873,7.380583133572846,7.629927158355713,9866400,0.0,0.0
1999-08-23 00:00:00-04:00,7.629931518009731,7.679800351460775,7.2808496838524235,7.330718517303467,3412000,0.0,0.0
1999-08-24 00:00:00-04:00,7.330718795458476,7.330718795458476,7.031505783398946,7.181112289428711,2451200,0.0,0.0
1999-08-25 00:00:00-04:00,7.1811135031960225,7.280851190740411,6.981638128107244,7.131244659423828,3665000,0.0,0.0
1999-08-26 00:00:00-04:00,7.131242481437889,7.380586624145508,6.981635995813318,7.380586624145508,7876200,0.0,0.0
1999-08-27 00:00:00-04:00,7.380586624145508,7.530193109770079,7.0813736528963656,7.380586624145508,2256200,0.0,0.0
1999-08-30 00:00:00-04:00,7.330716848373413,7.330716848373413,7.031503915786743,7.0813727378845215,1270600,0.0,0.0
1999-08-31 00:00:00-04:00,7.280851795415209,7.979015666208449,7.280851795415209,7.829409122467041,2165800,0.0,0.0
1999-09-01 00:00:00-04:00,7.829406029138809,8.178487826616335,7.629930716294508,7.779537200927734,2134200,0.0,0.0
1999-09-02 00:00:00-04:00,7.779539966583251,8.128621888160705,7.679802274703979,7.979015350341797,1576800,0.0,0.0
1999-09-03 00:00:00-04:00,7.979015350341796,8.278228425979613,7.92914650440216,7.979015350341797,942000,0.0,0.0
1999-09-07 00:00:00-04:00,8.377962341308594,8.826781752450126,8.377962341308594,8.727044105529785,2218000,0.0,0.0
1999-09-08 00:00:00-04:00,8.727046264999213,8.77691510079921,8.477702085999237,8.677177429199219,2538200,0.0,0.0
1999-09-09 00:00:00-04:00,8.677178898795706,9.125998497009277,8.627310054549753,9.125998497009277,2172800,0.0,0.0
1999-09-10 00:00:00-04:00,9.125993313567008,9.724419104620583,9.076124497645877,9.62468147277832,1722000,0.0,0.0
1999-09-13 00:00:00-04:00,9.574811615815035,9.574811615815035,9.17586113182274,9.225729942321777,2144400,0.0,0.0
1999-09-14 00:00:00-04:00,9.22573826313019,10.272984228134156,9.12600055217743,9.973771095275879,3660400,0.0,0.0
1999-09-15 00:00:00-04:00,9.973763426144918,10.123369877537092,9.475075254837673,9.574812889099121,1592800,0.0,0.0
1999-09-16 00:00:00-04:00,9.125997875513654,9.125997875513654,8.57744062616584,8.876653671264648,5554600,0.0,0.0
1999-09-17 00:00:00-04:00,8.876650570491172,8.976388217350625,8.826781747061448,8.926519393920898,2134800,0.0,0.0
1999-09-20 00:00:00-04:00,8.926522438342756,9.076128959655762,8.926522438342756,9.076128959655762,1261200,0.0,0.0
1999-09-21 00:00:00-04:00,9.076127508412236,9.27560283826745,8.976389843484629,9.175865173339844,1482800,0.0,0.0
1999-09-22 00:00:00-04:00,9.175863511069528,9.425207628218155,8.876650570491172,8.926519393920898,1744000,0.0,0.0
1999-09-23 00:00:00-04:00,8.926522512114449,9.125997875513654,8.826784830414846,8.876653671264648,934800,0.0,0.0
1999-09-24 00:00:00-04:00,8.876650570491172,8.976388217350625,8.776912923631722,8.926519393920898,1314000,0.0,0.0
1999-09-27 00:00:00-04:00,8.926519393920898,8.976388217350625,8.876650570491172,8.926519393920898,2213600,0.0,0.0
1999-09-28 00:00:00-04:00,8.8766527723992,8.8766527723992,8.527570921799231,8.677177429199219,893400,0.0,0.0
1999-09-29 00:00:00-04:00,8.677173846029822,8.72704266123689,8.577436215615686,8.627305030822754,988800,0.0,0.0
1999-09-30 00:00:00-04:00,8.627308056089614,9.12599638303121,8.627308056089614,8.97638988494873,1475800,0.0,0.0
1999-10-01 00:00:00-04:00,8.926522512114449,8.926522512114449,8.826784830414846,8.876653671264648,1582400,0.0,0.0
1999-10-04 00:00:00-04:00,8.876648404381491,8.876648404381491,8.776910781860352,8.776910781860352,836800,0.0,0.0
1999-10-05 00:00:00-04:00,8.776912928989956,8.826781752450126,8.627306458609445,8.727044105529785,909000,0.0,0.0
1999-10-06 00:00:00-04:00,8.727044100201995,9.076125864210075,8.727044100201995,8.926519393920898,999800,0.0,0.0
1999-10-07 00:00:00-04:00,8.926519399370466,8.976388222830636,8.677175282069616,8.727044105529785,643200,0.0,0.0
1999-10-08 00:00:00-04:00,8.727044100201995,9.125994687639801,8.677175276772271,8.926519393920898,525600,0.0,0.0
1999-10-11 00:00:00-04:00,8.926523635400592,9.07613017677602,8.926523635400592,9.026261329650879,254800,0.0,0.0
1999-10-12 00:00:00-04:00,8.926521608199195,8.926521608199195,8.627308593399222,8.677177429199219,1059400,0.0,0.0
1999-10-13 00:00:00-04:00,8.677173846029822,8.677173846029822,8.627305030822754,8.627305030822754,895000,0.0,0.0
1999-10-14 00:00:00-04:00,8.627311133203053,8.627311133203053,8.278229179836455,8.37796688079834,1727600,0.0,0.0
1999-10-15 00:00:00-04:00,8.178489495508419,8.178489495508419,7.929145303572187,8.02888298034668,1364600,0.0,0.0
1999-10-18 00:00:00-04:00,8.028881293971365,8.377963089361424,8.028881293971365,8.178487777709961,830000,0.0,0.0
1999-10-19 00:00:00-04:00,8.228357315063477,8.477701476126006,8.228357315063477,8.228357315063477,721200,0.0,0.0
1999-10-20 00:00:00-04:00,8.228360329355512,8.527573432241168,8.228360329355512,8.37796688079834,573600,0.0,0.0
1999-10-21 00:00:00-04:00,8.377964468563304,8.527570976930507,8.0288826157065,8.477702140808105,1318800,0.0,0.0
1999-10-22 00:00:00-04:00,8.477704581760225,8.57744228272211,8.228360329355512,8.37796688079834,1282000,0.0,0.0
1999-10-25 00:00:00-04:00,8.377962823450213,8.477700476110334,8.328093997120153,8.427831649780273,1281400,0.0,0.0
1999-10-26 00:00:00-04:00,8.776914513629416,9.27560283826745,8.776914513629416,9.175865173339844,2706600,0.0,0.0
1999-10-27 00:00:00-04:00,9.175861271944912,9.175861271944912,8.677173159339212,8.776910781860352,2565600,0.0,0.0
1999-10-28 00:00:00-04:00,8.776915989565046,8.876653671264648,8.776915989565046,8.876653671264648,2061800,0.0,0.0
1999-10-29 00:00:00-04:00,8.876652011763577,8.926520843290339,8.776914348710054,8.826783180236816,1359000,0.0,0.0
1999-11-01 00:00:00-05:00,8.826780291651026,8.826780291651026,8.627305030822754,8.627305030822754,939800,0.0,0.0
1999-11-02 00:00:00-05:00,8.627314182749966,8.627314182749966,8.477707578424823,8.527576446533203,2745600,0.0,0.0
1999-11-03 00:00:00-05:00,8.577437635149275,8.727044105529785,8.577437635149275,8.727044105529785,1896200,0.0,0.0
1999-11-04 00:00:00-05:00,8.727046264999213,8.8766527723992,8.627308593399222,8.677177429199219,1218800,0.0,0.0
1999-11-05 00:00:00-05:00,8.677175282069616,8.776912928989956,8.577437635149275,8.727044105529785,2155600,0.0,0.0
1999-11-08 00:00:00-05:00,8.727045721477932,9.12599638303121,8.677176888783773,8.97638988494873,1225400,0.0,0.0
1999-11-09 00:00:00-05:00,8.976390443999192,9.026259279799186,8.42783325019924,8.677177429199219,5537600,0.0,0.0
1999-11-10 00:00:00-05:00,8.627309100572454,8.627309100572454,8.427833745645923,8.57744026184082,3436400,0.0,0.0
1999-11-11 00:00:00-05:00,8.577438128770456,8.677175781430577,8.427831649780273,8.427831649780273,822800,0.0,0.0
1999-11-12 00:00:00-05:00,8.427838710316442,8.627314182749966,8.427838710316442,8.527576446533203,1486200,0.0,0.0
1999-11-15 00:00:00-05:00,8.527570976930507,8.527570976930507,8.427833304685706,8.477702140808105,737000,0.0,0.0
1999-11-16 00:00:00-05:00,8.477702140808105,8.627308649175308,8.427833304685706,8.477702140808105,1568200,0.0,0.0
1999-11-17 00:00:00-05:00,8.477702911742433,8.477702911742433,8.228358708455891,8.328096389770508,1018000,0.0,0.0
1999-11-18 00:00:00-05:00,8.328097607716021,8.377966455666416,8.028884520013648,8.278228759765625,2207600,0.0,0.0
1999-11-19 00:00:00-05:00,8.278228759765625,8.377966455666416,8.128622215914438,8.278228759765625,1204400,0.0,0.0
1999-11-22 00:00:00-05:00,8.228358783604909,8.228358783604909,8.02888341915388,8.128621101379395,2462600,0.0,0.0
1999-11-23 00:00:00-05:00,8.078751818733926,8.078751818733926,7.979014141959433,8.02888298034668,2434200,0.0,0.0
1999-11-24 00:00:00-05:00,8.02888341915388,8.278227624717665,7.979014578041124,8.128621101379395,2671600,0.0,0.0
1999-11-26 00:00:00-05:00,8.128621101379395,8.178489942492153,8.078752260266638,8.128621101379395,773400,0.0,0.0
1999-11-29 00:00:00-05:00,8.128621101379395,8.178489942492153,7.979014578041124,8.128621101379395,2229600,0.0,0.0
1999-11-30 00:00:00-05:00,8.128620400840854,8.128620400840854,8.028882727210904,8.078751564025879,3057800,0.0,0.0
1999-12-01 00:00:00-05:00,8.078751564025879,8.128620400840854,8.078751564025879,8.078751564025879,2047400,0.0,0.0
1999-12-02 00:00:00-05:00,8.078752260266638,8.128621101379395,8.078752260266638,8.128621101379395,1537200,0.0,0.0
1999-12-03 00:00:00-05:00,8.128620400840854,8.178489237655828,8.078751564025879,8.078751564025879,5285400,0.0,0.0
1999-12-06 00:00:00-05:00,8.078751818733926,8.128620657121173,8.02888298034668,8.02888298034668,1378800,0.0,0.0
1999-12-07 00:00:00-05:00,8.02888327308848,8.02888327308848,7.829407912266406,7.879276752471924,2300600,0.0,0.0
1999-12-08 00:00:00-05:00,7.879276752471925,7.979014432882962,7.779539072060888,7.879276752471924,1535400,0.0,0.0
1999-12-09 00:00:00-05:00,7.879274857349884,7.92914368556096,7.679799544505584,7.779537200927734,1661800,0.0,0.0
1999-12-10 00:00:00-05:00,7.779539366691344,7.879277050879694,7.729670524597168,7.729670524597168,1529200,0.0,0.0
1999-12-13 00:00:00-05:00,7.829408812522888,8.028884196281432,7.829408812522888,7.979015350341797,1172600,0.0,0.0
1999-12-14 00:00:00-05:00,8.02888341915388,8.128621101379395,8.02888341915388,8.128621101379395,2919400,0.0,0.0
1999-12-15 00:00:00-05:00,8.627306453342545,8.926519393920898,8.627306453342545,8.926519393920898,2939000,0.0,0.0
1999-12-16 00:00:00-05:00,8.926520843290339,9.076127337870624,8.776914348710054,8.826783180236816,3297600,0.0,0.0
1999-12-17 00:00:00-05:00,8.826779593120921,8.926517215642061,8.727041970599782,8.776910781860352,1687800,0.0,0.0
1999-12-20 00:00:00-05:00,8.776912928989956,8.826781752450126,8.677175282069616,8.727044105529785,1564600,0.0,0.0
1999-12-21 00:00:00-05:00,8.727041970599782,8.776910781860352,8.727041970599782,8.776910781860352,2463400,0.0,0.0
1999-12-22 00:00:00-05:00,8.776912928989956,8.926519399370466,8.727044105529785,8.727044105529785,2387200,0.0,0.0
1999-12-23 00:00:00-05:00,8.727047148715243,8.876653671264648,8.727047148715243,8.876653671264648,930000,0.0,0.0
1999-12-27 00:00:00-05:00,8.876652011763577,8.876652011763577,8.776914348710054,8.826783180236816,837800,0.0,0.0
1999-12-28 00:00:00-05:00,8.826779593120921,8.826779593120921,8.727041970599782,8.776910781860352,1306200,0.0,0.0
1999-12-29 00:00:00-05:00,8.776910781860352,8.876648404381491,8.776910781860352,8.776910781860352,2216800,0.0,0.0
1999-12-30 00:00:00-05:00,8.776914348710054,8.876652011763577,8.776914348710054,8.826783180236816,639200,0.0,0.0
1999-12-31 00:00:00-05:00,8.826783180236816,8.876652011763577,8.776914348710054,8.826783180236816,255600,0.0,0.0
2000-01-03 00:00:00-05:00,8.826780291651026,8.826780291651026,8.627305030822754,8.627305030822754,1356800,0.0,0.0
2000-01-04 00:00:00-05:00,8.627311133203053,8.677179983683995,8.328098030317397,8.37796688079834,1126600,0.0,0.0
2000-01-05 00:00:00-05:00,8.377963811700994,8.377963811700994,8.128619650638464,8.228357315063477,1278800,0.0,0.0
2000-01-06 00:00:00-05:00,8.228357315063477,8.328094979488489,8.228357315063477,8.228357315063477,2142800,0.0,0.0
2000-01-07 00:00:00-05:00,8.377962823450213,8.477700476110334,8.377962823450213,8.427831649780273,2784200,0.0,0.0
2000-01-10 00:00:00-05:00,8.427831649780273,8.477700476110334,8.377962823450213,8.427831649780273,964200,0.0,0.0
2000-01-11 00:00:00-05:00,8.427838710316442,8.577445314641585,8.427838710316442,8.527576446533203,1656400,0.0,0.0
2000-01-12 00:00:00-05:00,8.527570976930507,8.577439813052907,8.477702140808105,8.477702140808105,1719400,0.0,0.0
2000-01-13 00:00:00-05:00,8.527567400408618,8.72704266123689,8.527567400408618,8.627305030822754,947800,0.0,0.0
2000-01-14 00:00:00-05:00,8.627314182749966,8.677183050858348,8.527576446533203,8.527576446533203,739400,0.0,0.0
2000-01-18 00:00:00-05:00,8.477702911742433,8.477702911742433,8.328096389770508,8.328096389770508,802800,0.0,0.0
2000-01-19 00:00:00-05:00,8.328095632440904,8.727046321420108,8.328095632440904,8.477702140808105,1146000,0.0,0.0
2000-01-20 00:00:00-05:00,8.477704581760225,8.477704581760225,8.37796688079834,8.37796688079834,1032800,0.0,0.0
2000-01-21 00:00:00-05:00,8.377962823450213,8.527569302440396,8.377962823450213,8.427831649780273,1961400,0.0,0.0
2000-01-24 00:00:00-05:00,8.427834071085126,8.477702911742433,8.328096389770508,8.328096389770508,1661000,0.0,0.0
2000-01-25 00:00:00-05:00,8.328096465830424,8.37796530694318,8.078752260266638,8.128621101379395,2578600,0.0,0.0
2000-01-26 00:00:00-05:00,8.078752419256395,8.078752419256395,7.729670524597168,7.729670524597168,2074600,0.0,0.0
2000-01-27 00:00:00-05:00,7.729671426639435,7.879277970380843,7.629933730811829,7.829409122467041,1875800,0.0,0.0
2000-01-28 00:00:00-05:00,7.779533573225432,7.779533573225432,7.629927158355713,7.629927158355713,1590000,0.0,0.0
2000-01-31 00:00:00-05:00,7.629931955148053,7.629931955148053,7.530194282531739,7.530194282531738,1802800,0.0,0.0
2000-02-01 00:00:00-05:00,7.530193059872357,7.829406029138809,7.530193059872357,7.779537200927734,1504600,0.0,0.0
2000-02-02 00:00:00-05:00,7.7795372009277335,7.829406029138809,7.729668372716659,7.779537200927734,955200,0.0,0.0
2000-02-03 00:00:00-05:00,7.779540274553238,7.979015666208449,7.729671426639435,7.829409122467041,1320200,0.0,0.0
2000-02-04 00:00:00-05:00,7.829406029138809,7.829406029138809,7.7795372009277335,7.779537200927734,2108000,0.0,0.0
2000-02-07 00:00:00-05:00,7.779540274553238,7.879277970380843,7.779540274553238,7.829409122467041,760800,0.0,0.0
2000-02-08 00:00:00-05:00,7.829409071484451,8.028884461840743,7.829409071484451,7.929146766662598,1197000,0.0,0.0
2000-02-09 00:00:00-05:00,7.9291468182946465,7.9291468182946465,7.829409122467041,7.829409122467041,1901400,0.0,0.0
2000-02-10 00:00:00-05:00,7.829407499982165,7.879276337561668,7.530194474505139,7.679800987243652,1941800,0.0,0.0
2000-02-11 00:00:00-05:00,7.629931955148053,7.629931955148053,7.380587773607267,7.530194282531738,4416200,0.0,0.0
2000-02-14 00:00:00-05:00,7.530194871033295,7.879276752471925,7.530194871033295,7.879276752471924,2297400,0.0,0.0
2000-02-15 00:00:00-05:00,8.02888341915388,8.52757183028145,8.02888341915388,8.128621101379395,2778000,0.0,0.0
2000-02-16 00:00:00-05:00,8.128620657121173,8.128620657121173,7.929145303572187,8.02888298034668,2960800,0.0,0.0
2000-02-17 00:00:00-05:00,8.028881293971365,8.228356605622826,7.9790124660584985,8.178487777709961,4666200,0.0,0.0
2000-02-18 00:00:00-05:00,8.178489942492153,8.37796530694318,8.078752260266638,8.128621101379395,2250000,0.0,0.0
2000-02-22 00:00:00-05:00,8.128619650638464,8.278226147275983,7.979013154000947,8.228357315063477,1162000,0.0,0.0
2000-02-23 00:00:00-05:00,8.228356605622826,8.377963089361424,8.128618949797096,8.178487777709961,5380600,0.0,0.0
2000-02-24 00:00:00-05:00,8.178489942492153,8.178489942492153,8.078752260266638,8.128621101379395,1238200,0.0,0.0
2000-02-25 00:00:00-05:00,8.128620657121173,8.228358333895665,7.979014141959433,8.02888298034668,1841200,0.0,0.0
2000-02-28 00:00:00-05:00,8.028884196281432,8.028884196281432,7.879277658462524,7.979015350341797,1085600,0.0,0.0
2000-02-29 00:00:00-05:00,7.879277970380843,7.879277970380843,7.729671426639435,7.829409122467041,2504000,0.0,0.0
2000-03-01 00:00:00-05:00,7.829409071484451,7.929146766662598,7.779540223895379,7.929146766662598,1148000,0.0,0.0
2000-03-02 00:00:00-05:00,7.9291468182946465,7.9291468182946465,7.779540274553238,7.829409122467041,1337200,0.0,0.0
2000-03-03 00:00:00-05:00,7.829409071484451,8.028884461840743,7.779540223895379,7.929146766662598,996200,0.0,0.0
2000-03-06 00:00:00-05:00,7.9291468182946465,8.028884514122252,7.779540274553238,7.829409122467041,728000,0.0,0.0
2000-03-07 00:00:00-05:00,7.829407499982165,7.829407499982165,7.629932149664148,7.679800987243652,841600,0.0,0.0
2000-03-08 00:00:00-05:00,7.679801682502993,7.879277050879694,7.629932840408817,7.729670524597168,1077000,0.0,0.0
2000-03-09 00:00:00-05:00,7.729671120643615,7.979015350341796,7.729671120643615,7.979015350341797,1225400,0.0,0.0
2000-03-10 00:00:00-05:00,7.979014432882962,8.02888327308848,7.779539072060888,7.879276752471924,802600,0.0,0.0
2000-03-13 00:00:00-05:00,7.87927646518494,8.377964849057404,7.87927646518494,8.02888298034668,1546200,0.0,0.0
2000-03-14 00:00:00-05:00,8.128619650638464,8.377963811700994,8.128619650638464,8.228357315063477,1142200,0.0,0.0
2000-03-15 00:00:00-05:00,8.228354509166211,8.677173846029822,8.078748063545007,8.627305030822754,1365000,0.0,0.0
2000-03-16 00:00:00-05:00,8.627306458609445,8.776912928989956,8.577437635149275,8.727044105529785,2816600,0.0,0.0
2000-03-17 00:00:00-05:00,8.727046778035719,8.727046778035719,8.477702584377555,8.57744026184082,1599400,0.0,0.0
2000-03-20 00:00:00-05:00,8.57744026184082,8.727046778035719,8.477702584377555,8.57744026184082,1223000,0.0,0.0
2000-03-21 00:00:00-05:00,8.57744026184082,8.677177939304086,8.527571423109189,8.57744026184082,1369600,0.0,0.0
2000-03-22 00:00:00-05:00,8.62730946701564,8.876653671264648,8.62730946701564,8.876653671264648,2129400,0.0,0.0
2000-03-23 00:00:00-05:00,8.87665221956041,9.12599638303121,8.87665221956041,8.97638988494873,1188200,0.0,0.0
2000-03-24 00:00:00-05:00,8.97638988494873,9.12599638303121,8.926521052254571,8.97638988494873,2409600,0.0,0.0
2000-03-27 00:00:00-05:00,8.97638988494873,9.07612755033705,8.97638988494873,8.97638988494873,783200,0.0,0.0
2000-03-28 00:00:00-05:00,8.976389674817101,9.026258506343863,8.776914348710054,8.826783180236816,765600,0.0,0.0
2000-03-29 00:00:00-05:00,8.826784455498984,8.876653294230616,8.427833745645923,8.57744026184082,1100000,0.0,0.0
2000-03-30 00:00:00-05:00,8.577445314641585,8.577445314641585,8.477707578424823,8.527576446533203,1426400,0.0,0.0
2000-03-31 00:00:00-05:00,8.527571423109189,8.677177939304086,8.37796490691429,8.57744026184082,1061000,0.0,0.0
2000-04-03 00:00:00-04:00,8.577438128770456,8.577438128770456,8.377962823450213,8.427831649780273,831800,0.0,0.0
2000-04-04 00:00:00-04:00,8.427835303616812,8.727048391319183,8.178491063864834,8.278228759765625,1216400,0.0,0.0
2000-04-05 00:00:00-04:00,8.278227624717665,8.328096465830424,7.929145736928366,8.128621101379395,1189800,0.0,0.0
2000-04-06 00:00:00-04:00,8.12861869179991,8.527569302440396,8.12861869179991,8.427831649780273,1026400,0.0,0.0
2000-04-07 00:00:00-04:00,8.427835731279282,8.477704581760225,8.328098030317397,8.37796688079834,631400,0.0,0.0
2000-04-10 00:00:00-04:00,8.427831649780273,8.527569302440396,8.427831649780273,8.427831649780273,768600,0.0,0.0
2000-04-11 00:00:00-04:00,8.427835731279282,8.57744228272211,8.328098030317397,8.37796688079834,2690400,0.0,0.0
2000-04-12 00:00:00-04:00,8.37796688079834,8.527573432241168,8.278229179836455,8.37796688079834,1724800,0.0,0.0
2000-04-13 00:00:00-04:00,8.377964584915727,8.477702258545676,8.078751564025879,8.078751564025879,1125000,0.0,0.0
2000-04-14 00:00:00-04:00,8.078752260266638,8.228358783604909,8.02888341915388,8.128621101379395,1554000,0.0,0.0
2000-04-17 00:00:00-04:00,8.178489124073701,8.527570976930507,8.178489124073701,8.477702140808105,1029400,0.0,0.0
2000-04-18 00:00:00-04:00,8.477702911742433,8.57744059305705,8.228358708455891,8.328096389770508,2104800,0.0,0.0
2000-04-19 00:00:00-04:00,8.37796984220806,8.577445314641585,8.37796984220806,8.527576446533203,2048200,0.0,0.0
2000-04-20 00:00:00-04:00,8.527567400408618,8.677173846029822,8.47769858520155,8.627305030822754,1061000,0.0,0.0
2000-04-24 00:00:00-04:00,8.627305030822754,8.826780291651026,8.427829769994482,8.627305030822754,751600,0.0,0.0
2000-04-25 00:00:00-04:00,8.62730946701564,9.026260193814052,8.527571785316038,8.876653671264648,1075600,0.0,0.0
2000-04-26 00:00:00-04:00,8.876653671264648,8.976391352964251,8.826784830414846,8.876653671264648,1090400,0.0,0.0
2000-04-27 00:00:00-04:00,8.876653597905086,9.125997800093431,8.876653597905086,9.076128959655762,967800,0.0,0.0
2000-04-28 00:00:00-04:00,9.07613017677602,9.125999023901164,8.627310552649734,9.026261329650879,890400,0.0,0.0
2000-05-01 00:00:00-04:00,9.026257953541801,9.325470924377441,9.026257953541801,9.325470924377441,1428200,0.0,0.0
2000-05-02 00:00:00-04:00,9.325471713807849,9.475078211890327,8.727045721477932,8.97638988494873,1448200,0.0,0.0
2000-05-03 00:00:00-04:00,8.976391278780424,9.125997800093431,8.67717823615441,9.076128959655762,890200,0.0,0.0
2000-05-04 00:00:00-04:00,9.07612678201441,9.425208581322655,9.026257953541801,9.325470924377441,1884000,0.0,0.0
2000-05-05 00:00:00-04:00,9.275605029747133,9.275605029747133,9.125998497009277,9.125998497009277,546400,0.0,0.0
2000-05-08 00:00:00-04:00,9.125997800093431,9.125997800093431,8.826784757467417,9.076128959655762,1355800,0.0,0.0
2000-05-09 00:00:00-04:00,9.076128959655762,9.076128959655762,8.826784757467417,9.076128959655762,347000,0.0,0.0
2000-05-10 00:00:00-04:00,9.076125864210075,9.125994687639801,8.776912923631722,8.926519393920898,631800,0.0,0.0
2000-05-11 00:00:00-04:00,8.926521052254571,8.97638988494873,8.776914554172093,8.97638988494873,774600,0.0,0.0
2000-05-12 00:00:00-04:00,8.976391278780424,9.076128959655762,8.926522438342756,9.076128959655762,1837800,0.0,0.0
2000-05-15 00:00:00-04:00,9.07613017677602,9.175867871026307,8.926523635400592,9.026261329650879,1755000,0.0,0.0
2000-05-16 00:00:00-04:00,9.076131820678711,9.475082669939313,9.076131820678711,9.425213813781738,1803800,0.0,0.0
2000-05-17 00:00:00-04:00,9.425208581322655,9.475077409795261,9.275602095904835,9.325470924377441,1008400,0.0,0.0
2000-05-18 00:00:00-04:00,9.325470924377441,9.425208581322655,9.325470924377441,9.325470924377441,891200,0.0,0.0
2000-05-19 00:00:00-04:00,9.275605565276592,9.275605565276592,8.926523635400592,9.026261329650879,709800,0.0,0.0
2000-05-22 00:00:00-04:00,9.026260119218094,9.175866640531101,8.926522438342756,9.076128959655762,727200,0.0,0.0
2000-05-23 00:00:00-04:00,9.076123510824669,9.325467563319851,9.076123510824669,9.225729942321777,1163800,0.0,0.0
2000-05-24 00:00:00-04:00,9.225729942321777,9.225729942321777,8.976385889826595,9.225729942321777,1389200,0.0,0.0
2000-05-25 00:00:00-04:00,9.22573326743223,9.475077409795261,9.175864438959621,9.325470924377441,802200,0.0,0.0
2000-05-26 00:00:00-04:00,9.325473873993086,9.425211562484991,9.026260808517373,9.125998497009277,579600,0.0,0.0
2000-05-30 00:00:00-04:00,9.125998497009277,9.225736185501182,9.026260808517373,9.125998497009277,1051200,0.0,0.0
2000-05-31 00:00:00-04:00,9.225729942321777,9.225729942321777,9.225729942321777,9.225729942321777,1308600,0.0,0.0
2000-06-01 00:00:00-04:00,9.225731623800177,9.524944541328832,9.175862804212068,9.475075721740723,2012800,0.0,0.0
2000-06-02 00:00:00-04:00,9.475075731572415,9.774288649411545,9.475075731572415,9.674551010131836,2205200,0.0,0.0
2000-06-05 00:00:00-04:00,9.674552888581248,10.123372352484502,9.674552888581248,9.874028205871582,1871600,0.0,0.0
2000-06-06 00:00:00-04:00,9.87402581195442,9.87402581195442,9.674550543026047,9.774288177490234,1274200,0.0,0.0
2000-06-07 00:00:00-04:00,9.774291287935698,9.82416012103741,9.574815955528846,9.724422454833984,464800,0.0,0.0
2000-06-08 00:00:00-04:00,9.72442695072719,9.72442695072719,9.375344957624163,9.425213813781738,936400,0.0,0.0
2000-06-09 00:00:00-04:00,9.425209799120502,9.524947468952465,9.225734459456577,9.275603294372559,1117000,0.0,0.0
2000-06-12 00:00:00-04:00,9.275598752820814,9.475073994816961,9.225729942321777,9.225729942321777,717000,0.0,0.0
2000-06-13 00:00:00-04:00,9.225734005803647,9.325471670731254,9.175865173339844,9.175865173339844,726000,0.0,0.0
2000-06-14 00:00:00-04:00,9.175864438959621,9.325470924377441,9.125995610487015,9.325470924377441,750800,0.0,0.0
2000-06-15 00:00:00-04:00,9.325474412401736,9.375343259526879,9.026261329650879,9.026261329650879,736200,0.0,0.0
2000-06-16 00:00:00-04:00,9.026260808517373,9.175867341255229,8.97639196427142,9.125998497009277,1652000,0.0,0.0
2000-06-19 00:00:00-04:00,9.125992321323706,9.275598752820814,9.076123510824669,9.225729942321777,974400,0.0,0.0
2000-06-20 00:00:00-04:00,9.175865173339844,9.175865173339844,9.12599634087604,9.175865173339844,395400,0.0,0.0
2000-06-21 00:00:00-04:00,9.175865624540595,9.32547212928854,9.076127954708632,9.275603294372559,606000,0.0,0.0
2000-06-22 00:00:00-04:00,9.275598752820814,9.375336373818888,9.17586113182274,9.225729942321777,1428600,0.0,0.0
2000-06-23 00:00:00-04:00,9.225736185501182,9.275605029747133,9.026260808517373,9.125998497009277,664000,0.0,0.0
2000-06-26 00:00:00-04:00,9.12599638303121,9.12599638303121,8.926521052254571,8.97638988494873,1288000,0.0,0.0
2000-06-27 00:00:00-04:00,8.976390971693881,8.976390971693881,8.527571423109189,8.57744026184082,1718400,0.0,0.0
2000-06-28 00:00:00-04:00,8.577436215615686,8.776911476443958,8.527567400408618,8.627305030822754,1722600,0.0,0.0
2000-06-29 00:00:00-04:00,8.62730946701564,8.926522512114449,8.62730946701564,8.876653671264648,1035400,0.0,0.0
2000-06-30 00:00:00-04:00,8.876653294230616,8.876653294230616,8.57744026184082,8.57744026184082,1555200,0.0,0.0
2000-07-03 00:00:00-04:00,8.577439757599228,8.677177429199219,8.577439757599228,8.677177429199219,540400,0.0,0.0
2000-07-05 00:00:00-04:00,8.677177485297708,8.77691515754251,8.477702140808105,8.477702140808105,874000,0.0,0.0
2000-07-06 00:00:00-04:00,8.477700476110334,8.577438128770456,8.427831649780273,8.427831649780273,531200,0.0,0.0
2000-07-07 00:00:00-04:00,8.427833745645923,8.57744026184082,8.228358390719391,8.57744026184082,1020000,0.0,0.0
2000-07-10 00:00:00-04:00,8.577445314641585,8.627314182749966,8.477707578424823,8.527576446533203,773600,0.0,0.0
2000-07-11 00:00:00-04:00,8.527570921799231,8.727046264999213,8.477702085999237,8.677177429199219,1306600,0.0,0.0
2000-07-12 00:00:00-04:00,8.677173159339212,8.876648404381491,8.62730434807864,8.776910781860352,686200,0.0,0.0
2000-07-13 00:00:00-04:00,8.826784830414846,8.976391352964251,8.826784830414846,8.876653671264648,678800,0.0,0.0
2000-07-14 00:00:00-04:00,8.876654788275449,9.026261329650879,8.876654788275449,9.026261329650879,634600,0.0,0.0
2000-07-17 00:00:00-04:00,9.026260808517373,9.225736185501182,8.97639196427142,9.125998497009277,956400,0.0,0.0
2000-07-18 00:00:00-04:00,9.125996951399177,9.225734622999168,8.677177429199219,8.677177429199219,930200,0.0,0.0
2000-07-19 00:00:00-04:00,8.727047148715243,9.026260193814052,8.727047148715243,8.876653671264648,577800,0.0,0.0
2000-07-20 00:00:00-04:00,8.876653671264648,9.076129034663854,8.727047148715243,8.876653671264648,534800,0.0,0.0
2000-07-21 00:00:00-04:00,8.876653671264648,8.976391352964251,8.776915989565046,8.876653671264648,1012400,0.0,0.0
2000-07-24 00:00:00-04:00,8.876650570491172,9.125994687639801,8.826781747061448,8.926519393920898,784000,0.0,0.0
2000-07-25 00:00:00-04:00,8.926519399370466,8.976388222830636,8.627306458609445,8.727044105529785,698600,0.0,0.0
2000-07-26 00:00:00-04:00,8.677177939304086,8.677177939304086,8.477702584377555,8.57744026184082,1148400,0.0,0.0
2000-07-27 00:00:00-04:00,8.57744026184082,8.727046778035719,8.477702584377555,8.57744026184082,1361400,0.0,0.0
2000-07-28 00:00:00-04:00,8.577436215615686,8.776911476443958,8.47769858520155,8.627305030822754,452400,0.0,0.0
2000-07-31 00:00:00-04:00,8.62730946701564,8.876653671264648,8.62730946701564,8.876653671264648,540600,0.0,0.0
2000-08-01 00:00:00-04:00,8.87665221956041,9.07612755033705,8.87665221956041,8.97638988494873,805400,0.0,0.0
2000-08-02 00:00:00-04:00,8.976391278780424,9.175866640531101,8.976391278780424,9.076128959655762,888800,0.0,0.0
2000-08-03 00:00:00-04:00,9.07613017677602,9.125999023901164,8.976392482525736,9.026261329650879,972200,0.0,0.0
2000-08-04 00:00:00-04:00,9.026254700325632,9.225729942321777,8.976385889826595,9.225729942321777,499000,0.0,0.0
2000-08-07 00:00:00-04:00,9.225736185501182,9.275605029747133,9.026260808517373,9.125998497009277,596200,0.0,0.0
2000-08-08 00:00:00-04:00,9.12599634087604,9.225734005803647,9.026258675948434,9.175865173339844,667400,0.0,0.0
2000-08-09 00:00:00-04:00,9.175865173339844,9.225734005803647,9.076127508412236,9.175865173339844,819800,0.0,0.0
2000-08-10 00:00:00-04:00,9.175865173339844,9.27560283826745,9.076127508412236,9.175865173339844,498600,0.0,0.0
2000-08-11 00:00:00-04:00,9.175867341255229,9.275605029747133,9.076129652763324,9.125998497009277,618400,0.0,0.0
2000-08-14 00:00:00-04:00,9.126000676836286,9.425213813781738,9.126000676836286,9.425213813781738,885200,0.0,0.0
2000-08-15 00:00:00-04:00,9.42520691193256,9.874026288691255,9.225731633373142,9.674551010131836,2278000,0.0,0.0
2000-08-16 00:00:00-04:00,9.674550288699452,9.774287920541713,9.574812656857189,9.62468147277832,1230200,0.0,0.0
2000-08-17 00:00:00-04:00,9.624681706229847,9.624681706229847,9.524944071968397,9.574812889099121,1243200,0.0,0.0
2000-08-18 00:00:00-04:00,9.574812656857189,9.674550288699452,9.475075025014927,9.62468147277832,1614000,0.0,0.0
2000-08-21 00:00:00-04:00,9.62468147277832,9.724419104620583,9.574812656857189,9.62468147277832,830600,0.0,0.0
2000-08-22 00:00:00-04:00,9.62468478863056,9.724422454833984,9.574815955528846,9.724422454833984,1032600,0.0,0.0
2000-08-23 00:00:00-04:00,9.72441936025814,9.824156994722328,9.624681725793955,9.774288177490234,4200000,0.0,0.0
2000-08-24 00:00:00-04:00,9.774288177490234,9.824156994722328,9.72441936025814,9.774288177490234,5076000,0.0,0.0
2000-08-25 00:00:00-04:00,9.774288177490234,9.824156994722328,9.72441936025814,9.774288177490234,628800,0.0,0.0
2000-08-28 00:00:00-04:00,9.774291287935698,9.82416012103741,9.62468478863056,9.724422454833984,1441400,0.0,0.0
2000-08-29 00:00:00-04:00,9.67455052336057,9.67455052336057,9.574812889099121,9.574812889099121,1291200,0.0,0.0
2000-08-30 00:00:00-04:00,9.574813370852125,9.674551010131836,9.52494455121227,9.674551010131836,1321200,0.0,0.0
2000-08-31 00:00:00-04:00,9.874029859226553,10.023636372245136,9.874029859226553,9.923898696899414,1412000,0.0,0.0
2000-09-01 00:00:00-04:00,9.923899820337745,9.973768663656026,9.524949073791504,9.524949073791504,1618400,0.0,0.0
2000-09-05 00:00:00-04:00,9.574813370852125,9.72441982977169,9.574813370852125,9.674551010131836,1273400,0.0,0.0
2000-09-06 00:00:00-04:00,9.674550288699452,9.674550288699452,9.574812656857189,9.62468147277832,2426200,0.0,0.0
2000-09-07 00:00:00-04:00,9.624683365603994,9.824158668518066,9.574814539875476,9.824158668518066,947800,0.0,0.0
2000-09-08 00:00:00-04:00,9.82416102155369,9.973767534572275,9.674554508535106,9.923898696899414,830000,0.0,0.0
2000-09-11 00:00:00-04:00,9.923898388357724,10.173242568969727,9.874029552235323,10.173242568969727,1421400,0.0,0.0
2000-09-12 00:00:00-04:00,10.173239470691216,10.422583575365021,10.123370649756454,10.223108291625977,4381800,0.0,0.0
2000-09-13 00:00:00-04:00,10.223112623092575,10.272981465156441,10.073506096900976,10.123374938964844,1074000,0.0,0.0
2000-09-14 00:00:00-04:00,10.123370649756454,10.223108291625977,10.073501828821694,10.223108291625977,1310400,0.0,0.0
2000-09-15 00:00:00-04:00,10.223111599539788,10.32284927368164,10.173242762468863,10.32284927368164,1756000,0.0,0.0
2000-09-18 00:00:00-04:00,10.173240448617694,10.173240448617694,9.824158668518066,9.824158668518066,2117200,0.0,0.0
2000-09-19 00:00:00-04:00,9.824156974752745,9.824156974752745,9.574812889099121,9.574812889099121,3288800,0.0,0.0
2000-09-20 00:00:00-04:00,9.574812889099121,9.624681706229847,9.375337620576223,9.574812889099121,2855400,0.0,0.0
2000-09-21 00:00:00-04:00,9.574817917109785,9.624686760428064,9.475080230473225,9.524949073791504,1744000,0.0,0.0
2000-09-22 00:00:00-04:00,9.524951526096888,9.524951526096888,9.375344957624163,9.425213813781738,2788200,0.0,0.0
2000-09-25 00:00:00-04:00,9.425206902152613,9.62468218050505,9.375338082564506,9.475075721740723,1557200,0.0,0.0
2000-09-26 00:00:00-04:00,9.574813370852125,9.72441982977169,9.574813370852125,9.674551010131836,1551600,0.0,0.0
2000-09-27 00:00:00-04:00,9.674554155423092,10.422586693213537,9.674554155423092,10.37271785736084,3312800,0.0,0.0
2000-09-28 00:00:00-04:00,10.372713809948788,10.472451442736757,10.17323854437285,10.422582626342773,1766200,0.0,0.0
2000-09-29 00:00:00-04:00,10.372718110752565,10.372718110752565,10.173242762468863,10.32284927368164,1844000,0.0,0.0
2000-10-02 00:00:00-04:00,10.37271818108515,10.871406555175781,10.37271818108515,10.871406555175781,2471800,0.0,0.0
2000-10-03 00:00:00-04:00,11.37009638006037,11.419965223832563,10.921276786110617,10.971145629882812,1548400,0.0,0.0
2000-10-04 00:00:00-04:00,11.220490115962617,11.220490115962617,10.771670511324112,10.921277046203613,1306600,0.0,0.0
2000-10-05 00:00:00-04:00,10.921276167936103,10.971145008885582,10.597128701764483,10.721800804138184,1273800,0.0,0.0
2000-10-06 00:00:00-04:00,10.696868437050032,10.821540563355978,10.248048782348633,10.248048782348633,894000,0.0,0.0
2000-10-09 00:00:00-04:00,10.347782868605394,10.347782868605394,9.724422454833984,9.724422454833984,1003200,0.0,0.0
2000-10-10 00:00:00-04:00,9.749356555187795,10.023635128351646,9.175864993117925,9.500012397766113,1171400,0.0,0.0
2000-10-11 00:00:00-04:00,9.42520585493608,9.599746704101562,9.125992970652396,9.599746704101562,1155000,0.0,0.0
2000-10-12 00:00:00-04:00,9.624686931906487,9.973768841353872,9.524949243492948,9.948834419250488,1144400,0.0,0.0
2000-10-13 00:00:00-04:00,9.948832462695073,10.223111051892179,9.948832462695073,10.148307800292969,625400,0.0,0.0
2000-10-16 00:00:00-04:00,10.123373678097359,10.472455529066233,10.023636006391966,10.37271785736084,764600,0.0,0.0
2000-10-17 00:00:00-04:00,10.37272042233222,10.37272042233222,9.674556547752166,9.79922866821289,847000,0.0,0.0
2000-10-18 00:00:00-04:00,9.774291643532372,9.799226060990364,9.02625911979265,9.275603294372559,968800,0.0,0.0
2000-10-19 00:00:00-04:00,9.3753370408888,10.02363162350345,9.3753370408888,9.599746704101562,1410000,0.0,0.0
2000-10-20 00:00:00-04:00,9.574812297077923,9.724418739219765,9.549877890054283,9.599746704101562,410800,0.0,0.0
2000-10-23 00:00:00-04:00,9.624681725793955,9.79922258610628,9.599747317177908,9.774288177490234,785600,0.0,0.0
2000-10-24 00:00:00-04:00,9.874029552235323,10.223111405092128,9.849095134174123,10.173242568969727,499600,0.0,0.0
2000-10-25 00:00:00-04:00,10.148307800292969,10.248045469091917,10.023635714294283,10.148307800292969,690600,0.0,0.0
2000-10-26 00:00:00-04:00,10.098439506862475,10.372718110752565,10.098439506862475,10.32284927368164,758000,0.0,0.0
2000-10-27 00:00:00-04:00,10.297912929860336,10.547257068597874,10.297912929860336,10.522322654724121,513800,0.0,0.0
2000-10-30 00:00:00-05:00,10.52232500532983,10.721800360881106,10.52232500532983,10.622062683105469,925400,0.0,0.0
2000-10-31 00:00:00-05:00,10.597127463642039,10.62206188120355,10.29791445290391,10.497389793395996,1120200,0.0,0.0
2000-11-01 00:00:00-05:00,10.52232436491893,10.547258782845278,10.297914603581795,10.37271785736084,603000,0.0,0.0
2000-11-02 00:00:00-05:00,10.297914153163873,10.372717403671116,10.173242068985134,10.272979736328125,448600,0.0,0.0
2000-11-03 00:00:00-05:00,10.123373235313638,10.422586237342612,10.123373235313638,10.272979736328125,418600,0.0,0.0
2000-11-06 00:00:00-05:00,10.297914153163873,10.422586237342612,10.223110902656629,10.272979736328125,524600,0.0,0.0
2000-11-07 00:00:00-05:00,10.372715836864407,10.422584663003178,10.223109358448093,10.29791259765625,666200,0.0,0.0
2000-11-08 00:00:00-05:00,10.123376656042687,10.322852058132199,10.123376656042687,10.248048782348633,315400,0.0,0.0
2000-11-09 00:00:00-05:00,10.098439506862475,10.347783692217103,10.098439506862475,10.32284927368164,263000,0.0,0.0
2000-11-10 00:00:00-05:00,10.322848569999621,10.44752065417836,10.19817648582088,10.272979736328125,501600,0.0,0.0
2000-11-13 00:00:00-05:00,10.272979736328125,10.347782986835368,10.19817648582088,10.272979736328125,708800,0.0,0.0
2000-11-14 00:00:00-05:00,10.272982677781439,10.447523645607822,10.272982677781439,10.347785949707031,536800,0.0,0.0
2000-11-15 00:00:00-05:00,10.272980594401837,10.272980594401837,10.148308499809582,10.198177337646484,503200,0.0,0.0
2000-11-16 00:00:00-05:00,10.216165784544545,10.266122585446963,10.116252182739709,10.141230583190918,582000,0.0225,0.0
2000-11-17 00:00:00-05:00,10.241136366172219,10.366028273076758,10.166201222029494,10.316071510314941,898000,0.0,0.0
2000-11-20 00:00:00-05:00,10.266111637782126,10.366025133040345,10.116241394894795,10.29109001159668,461800,0.0,0.0
2000-11-21 00:00:00-05:00,10.191180736262623,10.341051041207663,10.116245583790105,10.241137504577637,579200,0.0,0.0
2000-11-22 00:00:00-05:00,10.216165784544545,10.241144184995754,10.116252182739709,10.141230583190918,301200,0.0,0.0
2000-11-24 00:00:00-05:00,10.14122130654075,10.241134816950018,10.14122130654075,10.166199684143066,152200,0.0,0.0
2000-11-27 00:00:00-05:00,10.191182341399017,10.341052669949002,10.116247177124023,10.116247177124023,514000,0.0,0.0
2000-11-28 00:00:00-05:00,10.116242928938433,10.391005082563922,10.116242928938433,10.166199684143066,569000,0.0,0.0
2000-11-29 00:00:00-05:00,10.091267199632599,10.29109427289265,10.091267199632599,10.241137504577637,447600,0.0,0.0
2000-11-30 00:00:00-05:00,10.291094584637378,10.515900048864893,10.09126750532403,10.366029739379883,506400,0.0,0.0
2000-12-01 00:00:00-05:00,10.316071146143365,10.465941429138184,10.241136004645956,10.465941429138184,415400,0.0,0.0
2000-12-04 00:00:00-05:00,10.465947635949648,10.590839612512294,10.366034054699533,10.515904426574707,392400,0.0,0.0
2000-12-05 00:00:00-05:00,10.465943199927818,10.79066220135756,10.465943199927818,10.640791893005371,285600,0.0,0.0
2000-12-06 00:00:00-05:00,10.59083391974954,10.940531266156365,10.59083391974954,10.615812301635742,266600,0.0,0.0
2000-12-07 00:00:00-05:00,10.640796403137351,10.715731589074938,10.515904426574707,10.515904426574707,218800,0.0,0.0
2000-12-08 00:00:00-05:00,10.51590169109318,10.940534300947299,10.490923302278231,10.815642356872559,417200,0.0,0.0
2000-12-11 00:00:00-05:00,10.790658163857627,10.840614914616227,10.715723037719727,10.715723037719727,475000,0.0,0.0
2000-12-12 00:00:00-05:00,10.740704982080192,10.790661749438705,10.590834680004654,10.69074821472168,480800,0.0,0.0
2000-12-13 00:00:00-05:00,10.715726598400936,10.765683365759449,10.665769831042423,10.69074821472168,511600,0.0,0.0
2000-12-14 00:00:00-05:00,10.690745442001909,10.965507591212237,10.665767064800969,10.790658950805664,473800,0.0,0.0
2000-12-15 00:00:00-05:00,10.391007809522675,10.415986193680181,10.166202352105117,10.241137504577637,894200,0.0,0.0
2000-12-18 00:00:00-05:00,10.116242928938433,10.31606994975697,9.941394285722213,10.166199684143066,369800,0.0,0.0
2000-12-19 00:00:00-05:00,10.266115758058836,10.46594282877531,10.1662022227006,10.415986061096191,198200,0.0,0.0
2000-12-20 00:00:00-05:00,10.41598539693015,10.490920543670656,9.541742018290929,9.791525840759277,513200,0.0,0.0
2000-12-21 00:00:00-05:00,9.891441595043883,9.966376758642701,9.76654965571252,9.916419982910156,509200,0.0,0.0
2000-12-22 00:00:00-05:00,9.816504223006113,9.841482605252947,9.641655547278269,9.791525840759277,369000,0.0,0.0
2000-12-26 00:00:00-05:00,9.7915301682362,10.016335707813052,9.716594988377249,9.941400527954102,290800,0.0,0.0
2000-12-27 00:00:00-05:00,10.041311810998355,10.341052462072932,9.991355035819259,10.191182136535645,460000,0.0,0.0
2000-12-28 00:00:00-05:00,10.091267199632599,10.241137504577637,9.841483358057534,10.241137504577637,760400,0.0,0.0
2000-12-29 00:00:00-05:00,10.141221392183699,10.490918681569344,10.141221392183699,10.26611328125,588200,0.0,0.0
2001-01-02 00:00:00-05:00,10.216163917740374,10.565861460156915,10.216163917740374,10.54088306427002,422800,0.0,0.0
2001-01-03 00:00:00-05:00,10.34105406078781,11.415124893188477,10.34105406078781,11.415124893188477,2872400,0.0,0.0
2001-01-04 00:00:00-05:00,11.365164890885353,11.56499196588993,11.140359431505203,11.190316200256348,1057200,0.0,0.0
2001-01-05 00:00:00-05:00,11.190317049893467,11.215295436165551,10.815641255812212,10.990489959716797,942200,0.0,0.0
2001-01-08 00:00:00-05:00,10.890576815275553,10.915555202466551,10.74070649212956,10.840620040893555,614000,0.0,0.0
2001-01-09 00:00:00-05:00,10.865598428084553,11.040447138421547,10.815641653702556,10.840620040893555,994200,0.0,0.0
2001-01-10 00:00:00-05:00,10.84062033633708,11.040447439311034,10.815641948465336,10.9655122756958,1332000,0.0,0.0
2001-01-11 00:00:00-05:00,11.065422058105469,11.190313954923814,11.01546529937813,11.065422058105469,603000,0.0,0.0
2001-01-12 00:00:00-05:00,11.140360329602215,11.140360329602215,10.99049001126676,11.09040355682373,261600,0.0,0.0
2001-01-16 00:00:00-05:00,11.040445894002914,11.190316200256348,11.040445894002914,11.190316200256348,363800,0.0,0.0
2001-01-17 00:00:00-05:00,11.090405288662456,11.290232410980698,11.090405288662456,11.265254020690918,457200,0.0,0.0
2001-01-18 00:00:00-05:00,11.190317049893467,11.215295436165551,10.94053318717263,10.990489959716797,1140200,0.0,0.0
2001-01-19 00:00:00-05:00,10.690748087565103,10.840618387858072,10.341050720214843,10.490921020507812,916600,0.0,0.0
2001-01-22 00:00:00-05:00,10.490922234275125,11.090403504805133,10.490922234275125,10.990489959716797,1008800,0.0,0.0
2001-01-23 00:00:00-05:00,10.990491409646978,11.290232084455532,10.990491409646978,11.040448188781738,523200,0.0,0.0
2001-01-24 00:00:00-05:00,11.040444116743785,11.115379257807657,11.01546573638916,11.01546573638916,377800,0.0,0.0
2001-01-25 00:00:00-05:00,11.01546529937813,11.140357196196476,10.990486920014462,11.065422058105469,314000,0.0,0.0
2001-01-26 00:00:00-05:00,11.115384347770247,11.165341131355731,10.990492388806535,11.140362739562988,343400,0.0,0.0
2001-01-29 00:00:00-05:00,11.190317087709072,11.286233999844423,11.190317087709072,11.210299491882324,645000,0.0,0.0
2001-01-30 00:00:00-05:00,11.250266476063702,11.669903876946618,11.23428070317252,11.378155708312988,621600,0.0,0.0
2001-01-31 00:00:00-05:00,11.290229737758636,11.438102108665134,11.178326301335346,11.190316200256348,649200,0.0,0.0
2001-02-01 00:00:00-05:00,11.230277502629164,11.322197739274248,11.110380845793419,11.182318687438965,309800,0.0,0.0
2001-02-02 00:00:00-05:00,11.110387801687866,11.150353378987747,10.878588368084536,10.890578269958496,296000,0.0,0.0
2001-02-05 00:00:00-05:00,10.930540084838867,10.958515750635238,10.866595488081527,10.930540084838867,820000,0.0,0.0
2001-02-06 00:00:00-05:00,10.926543375951542,11.250262990059857,10.926543375951542,11.126370429992676,481000,0.0,0.0
2001-02-07 00:00:00-05:00,10.990492749513402,11.110388729141528,10.990492749513402,11.010475158691406,794000,0.0,0.0
2001-02-08 00:00:00-05:00,11.050438516983697,11.150352067340293,10.994487172713567,11.022462844848633,480400,0.0,0.0
2001-02-09 00:00:00-05:00,11.030455543490998,11.290230608577518,11.014469010363284,11.206303596496582,2133800,0.0,0.0
2001-02-12 00:00:00-05:00,11.222289308010412,11.250264978556146,11.12237576333002,11.166337966918945,306800,0.0,0.0
2001-02-13 00:00:00-05:00,11.162339712096735,11.47007356795478,11.162339712096735,11.330194473266602,591800,0.0,0.0
2001-02-14 00:00:00-05:00,11.310212140347176,11.35017770780405,11.190316200256348,11.190316200256348,227400,0.0,0.0
2001-02-15 00:00:00-05:00,11.190316200256348,11.270247335170097,11.150350632799473,11.190316200256348,642600,0.0,0.0
2001-02-16 00:00:00-05:00,11.190316200256348,11.230281767713223,11.130368230210934,11.190316200256348,893200,0.0,0.0
2001-02-20 00:00:00-05:00,11.190319420763966,11.250267408062056,11.150353841805236,11.218295097351074,1743200,0.0,0.0
2001-02-21 00:00:00-05:00,11.218295066223732,11.218295066223732,11.050440244886817,11.11838150024414,435200,0.0,0.0
2001-02-22 00:00:00-05:00,11.07634608617833,11.288506224053691,11.06833987036837,11.256482124328613,801800,0.0225,0.0
2001-02-23 00:00:00-05:00,11.20845002661974,11.228464810546964,10.748103124658012,10.836169242858887,678000,0.0,0.0
2001-02-26 00:00:00-05:00,10.836168976514232,10.9082234185053,10.748102860477955,10.872196197509766,432200,0.0,0.0
2001-02-27 00:00:00-05:00,10.892210048399283,11.052331356232752,10.828161830671888,11.00829792022705,511800,0.0,0.0
2001-02-28 00:00:00-05:00,11.008299531426117,11.008299531426117,10.728087965220142,10.792136192321777,616800,0.0,0.0
2001-03-01 00:00:00-05:00,10.892211544138894,10.928238766997255,10.648027966839555,10.916230201721191,1442200,0.0,0.0
2001-03-02 00:00:00-05:00,10.91622439214981,10.928232951034964,10.768112469943896,10.80013656616211,1489200,0.0,0.0
2001-03-05 00:00:00-05:00,10.800140927042937,10.804144036125924,10.640020381298395,10.7080717086792,848200,0.0,0.0
2001-03-06 00:00:00-05:00,10.688056926779252,10.752105145077069,10.607996272149487,10.7080717086792,2166600,0.0,0.0
2001-03-07 00:00:00-05:00,10.728083383837673,10.728083383837673,10.607993200184884,10.724081039428711,7399600,0.0,0.0
2001-03-08 00:00:00-05:00,10.788133190863553,10.920232746675492,10.788133190863553,10.872196197509766,221400,0.0,0.0
2001-03-09 00:00:00-05:00,10.87218989445359,10.87218989445359,10.752099736433054,10.808141708374023,284600,0.0,0.0
2001-03-12 00:00:00-05:00,10.828159982768824,10.908220623022638,10.688055007596928,10.728084564208984,402000,0.0,0.0
2001-03-13 00:00:00-05:00,10.828161826681871,11.144400569669966,10.808147044967555,10.852180480957031,561800,0.0,0.0
2001-03-14 00:00:00-05:00,10.808144152591284,10.848174468822355,10.708068743770994,10.8041410446167,923200,0.0,0.0
2001-03-15 00:00:00-05:00,10.76810979509928,11.108366210093326,10.728079493891542,10.840164184570312,376800,0.0,0.0
2001-03-16 00:00:00-05:00,10.808141708374023,10.92823186639456,10.804138601304725,10.808141708374023,928800,0.0,0.0
2001-03-19 00:00:00-05:00,10.708071064057046,10.808146494562253,10.688056283361982,10.788131713867188,617200,0.0,0.0
2001-03-20 00:00:00-05:00,10.808144970904475,11.032313689850191,10.768114651642602,10.832162857055664,459600,0.0,0.0
2001-03-21 00:00:00-05:00,10.768119426827788,10.82816455059054,10.656035399408033,10.676050186157227,448800,0.0,0.0
2001-03-22 00:00:00-05:00,10.636013292639712,10.68805292773238,10.455878032394716,10.579971313476562,595400,0.0,0.0
2001-03-23 00:00:00-05:00,10.527931702803231,10.692055296602883,10.45187494905246,10.668037414550781,780800,0.0,0.0
2001-03-26 00:00:00-05:00,10.7681092634879,10.848169861950863,10.748094495629386,10.84416675567627,641800,0.0,0.0
2001-03-27 00:00:00-05:00,10.848170280456543,10.908215349862983,10.768109678904967,10.848170280456543,628600,0.0,0.0
2001-03-28 00:00:00-05:00,10.848178571324262,10.900217467644081,10.816154458931663,10.836169242858887,286800,0.0,0.0
2001-03-29 00:00:00-05:00,10.73608730815586,10.880196108592187,10.688051550353487,10.808141708374023,874200,0.0,0.0
2001-03-30 00:00:00-05:00,10.808148372071681,11.064341274344113,10.7881335878998,11.032317161560059,703400,0.0,0.0
2001-04-02 00:00:00-04:00,11.188433414610659,11.284505736091159,10.800140256339324,10.896212577819824,504800,0.0,0.0
2001-04-03 00:00:00-04:00,10.808147431953314,10.88820808870712,10.607996553583808,10.652029991149902,1840400,0.0,0.0
2001-04-04 00:00:00-04:00,10.551951142405224,10.66803821732153,10.547948034509524,10.607993125915527,580000,0.0,0.0
2001-04-05 00:00:00-04:00,10.567967397466054,10.792136192321777,10.491909841464702,10.792136192321777,1000800,0.0,0.0
2001-04-06 00:00:00-04:00,10.892206179895814,10.892206179895814,10.688053035594152,10.784125328063965,646400,0.0,0.0
2001-04-09 00:00:00-04:00,10.968262074024382,11.288503765030288,10.960255859958451,11.280497550964355,550800,0.0,0.0
2001-04-10 00:00:00-04:00,11.22046067699365,11.648783517024489,11.200445127193284,11.628767967224121,761000,0.0,0.0
2001-04-11 00:00:00-04:00,12.009051939317358,12.049082265151407,11.368569016517439,11.548705101013184,1146000,0.0,0.0
2001-04-12 00:00:00-04:00,11.328534227360567,11.56871532422109,11.328534227360567,11.424607276916504,577800,0.0,0.0
2001-04-16 00:00:00-04:00,11.56872284485333,11.6687983033097,11.512680832442612,11.628767967224121,842800,0.0,0.0
2001-04-17 00:00:00-04:00,11.608751973549385,11.936999320983887,11.568721641627235,11.936999320983887,663000,0.0,0.0
2001-04-18 00:00:00-04:00,12.009046851609899,12.409348413330228,11.989032078929737,12.253231048583984,1329800,0.0,0.0
2001-04-19 00:00:00-04:00,12.269245377592053,13.049833134298026,12.249230600566824,12.53344440460205,1179800,0.0,0.0
2001-04-20 00:00:00-04:00,12.333292885484148,12.469395499429698,12.32928977760166,12.389335632324219,1236200,0.0,0.0
2001-04-23 00:00:00-04:00,12.349306994300877,12.389337315047927,12.089111054717346,12.145153045654297,660400,0.0,0.0
2001-04-24 00:00:00-04:00,12.209197838304725,12.389333849521638,12.069092136637643,12.149152755737305,451800,0.0,0.0
2001-04-25 00:00:00-04:00,12.14915609119692,12.465394020080568,12.141149874385977,12.465394020080566,469400,0.0,0.0
2001-04-26 00:00:00-04:00,12.409350557193637,12.449380872984312,12.169169425964355,12.169169425964355,463800,0.0,0.0
2001-04-27 00:00:00-04:00,12.249233950362209,12.649535708455646,12.22921840434853,12.577481269836426,384800,0.0,0.0
2001-04-30 00:00:00-04:00,12.573476375235868,12.609503589429718,12.509428164116784,12.569473266601562,592200,0.0,0.0
2001-05-01 00:00:00-04:00,12.561465009673624,12.605498433986186,12.469395816578974,12.597492218017578,642000,0.0,0.0
2001-05-02 00:00:00-04:00,12.593492526893293,12.609504963174993,12.469399199770052,12.573477745056152,285600,0.0,0.0
2001-05-03 00:00:00-04:00,12.533446172702199,12.589488930605468,12.309277431633856,12.473401069641113,340800,0.0,0.0
2001-05-04 00:00:00-04:00,12.573476899500923,12.573476899500923,12.349308151237159,12.409353256225586,1055000,0.0,0.0
2001-05-07 00:00:00-04:00,12.40935624013146,12.509431693680908,12.089115094179276,12.469401359558105,557200,0.0,0.0
2001-05-08 00:00:00-04:00,12.409354454879006,12.465396456479464,12.169173248210605,12.393342018127441,370200,0.0,0.0
2001-05-09 00:00:00-04:00,12.349307738071655,12.509428267188689,12.313280523580959,12.493415832519531,524600,0.0,0.0
2001-05-10 00:00:00-04:00,12.573477618208953,12.573477618208953,12.34930885713156,12.425366401672363,389400,0.0,0.0
2001-05-11 00:00:00-04:00,12.409353256225586,12.449383580722849,12.365319822927104,12.409353256225586,555000,0.0,0.0
2001-05-14 00:00:00-04:00,12.409353935001482,12.409353935001482,12.313281609061978,12.37732982635498,284800,0.0,0.0
2001-05-15 00:00:00-04:00,12.409352537976973,12.985786428720022,12.409352537976973,12.721588134765625,810400,0.0,0.0
2001-05-16 00:00:00-04:00,12.719582837115555,12.867904051475739,12.719582837115555,12.79975700378418,946400,0.0225,0.0
2001-05-17 00:00:00-04:00,12.82781669718503,13.024243313206439,12.82781669718503,12.956094741821289,584600,0.0,0.0
2001-05-18 00:00:00-04:00,13.188602238379005,13.224680541078822,13.076357780426678,13.092392921447754,538200,0.0,0.0
2001-05-21 00:00:00-04:00,13.108425094242664,13.300842155339701,13.108425094242664,13.256746292114258,522600,0.0,0.0
2001-05-22 00:00:00-04:00,13.228687322423804,13.25674805198425,13.08838367462158,13.088383674621582,481800,0.0,0.0
2001-05-23 00:00:00-04:00,13.08838119129782,13.224676792957824,13.004197489394008,13.144502639770508,302400,0.0,0.0
2001-05-24 00:00:00-04:00,13.08838367462158,13.14450513374247,13.048295825824466,13.088383674621582,310600,0.0,0.0
2001-05-25 00:00:00-04:00,13.104418240505662,13.224680266471315,12.99217531407925,13.012218475341797,201600,0.0,0.0
2001-05-29 00:00:00-04:00,13.05230485129891,13.16855578515581,13.02825214298627,13.128469467163086,377400,0.0,0.0
2001-05-30 00:00:00-04:00,13.128468923270702,13.140494512331315,12.627382323145866,12.8278169631958,406600,0.0,0.0
2001-05-31 00:00:00-04:00,12.831822963709307,13.00820639787921,12.787727869764185,12.859885215759277,443600,0.0,0.0
2001-06-01 00:00:00-04:00,12.827815781060465,13.088381400791178,12.827815781060465,12.948076248168945,194000,0.0,0.0
2001-06-04 00:00:00-04:00,12.948077485815157,13.280799723453281,12.948077485815157,13.028251647949219,386600,0.0,0.0
2001-06-05 00:00:00-04:00,13.028255955324644,13.52934272283713,13.028255955324644,13.389039039611816,523000,0.0,0.0
2001-06-06 00:00:00-04:00,13.409084425593807,13.613527187757406,13.348953391853842,13.453180313110352,490800,0.0,0.0
2001-06-07 00:00:00-04:00,13.352958509190568,13.729775145145606,13.352958509190568,13.5253324508667,604800,0.0,0.0
2001-06-08 00:00:00-04:00,13.52933889801422,13.569425216404401,13.28881792928309,13.381017684936523,309400,0.0,0.0
2001-06-11 00:00:00-04:00,13.421102845691143,13.721754795269872,13.264764076581386,13.276789665222168,598400,0.0,0.0
2001-06-12 00:00:00-04:00,13.328906104115799,13.328906104115799,12.827819408472347,12.988167762756348,981800,0.0,0.0
2001-06-13 00:00:00-04:00,13.068338460978993,13.16855578515581,12.992173845114815,13.128469467163086,673000,0.0,0.0
2001-06-14 00:00:00-04:00,13.128475207482529,13.22869257547858,12.82782310349438,12.936058044433594,596000,0.0,0.0
2001-06-15 00:00:00-04:00,12.932043358105439,13.18860100282176,12.907992178022242,13.088383674621582,1988200,0.0,0.0
2001-06-18 00:00:00-04:00,13.09239221038824,13.29282687468028,13.03627074905769,13.10441780090332,989000,0.0,0.0
2001-06-19 00:00:00-04:00,13.268774604023708,13.834000314884285,13.196618000152556,13.829992294311523,790600,0.0,0.0
2001-06-20 00:00:00-04:00,13.669643494224541,13.970295490688676,13.557400571553707,13.721756935119629,1018800,0.0,0.0
2001-06-21 00:00:00-04:00,13.741804838135504,13.870082945227885,13.68969290845124,13.729779243469238,1232600,0.0,0.0
2001-06-22 00:00:00-04:00,13.729776591916023,13.93021128668852,13.669645571806129,13.7498197555542,715400,0.0,0.0
2001-06-25 00:00:00-04:00,13.749822410978236,13.769865578487234,13.697708952098314,13.729779243469238,596800,0.0,0.0
2001-06-26 00:00:00-04:00,13.68968531345976,13.745806763027227,13.505284298773324,13.589468002319336,637800,0.0,0.0
2001-06-27 00:00:00-04:00,13.60952056708442,13.74982428799623,13.51331120903356,13.669650077819824,1012200,0.0,0.0
2001-06-28 00:00:00-04:00,13.685675536184519,13.850031862543114,13.629554087553993,13.709728240966797,563600,0.0,0.0
2001-06-29 00:00:00-04:00,13.629558563232422,13.789906922713271,12.980150612806028,13.429123878479004,1320200,0.0,0.0
2001-07-02 00:00:00-04:00,13.569420899860074,13.645587021445381,13.549377747040875,13.629551887512207,831000,0.0,0.0
2001-07-03 00:00:00-04:00,13.629559307529652,13.709733491648311,13.545377102342975,13.609516143798828,333600,0.0,0.0
2001-07-05 00:00:00-04:00,13.621534833641272,13.621534833641272,13.304847807907546,13.505282402038574,577200,0.0,0.0
2001-07-06 00:00:00-04:00,13.405065117354667,13.565413404485433,13.208640071273805,13.216657638549805,652600,0.0,0.0
2001-07-09 00:00:00-04:00,13.316880348362123,13.429123277458109,13.100410531509677,13.284810066223145,695000,0.0,0.0
2001-07-10 00:00:00-04:00,13.288818073804977,13.44114730870033,13.072348282075737,13.132477760314941,520200,0.0,0.0
2001-07-11 00:00:00-04:00,13.132478134326307,13.208644283138229,12.89997472596197,13.056313514709473,585800,0.0,0.0
2001-07-12 00:00:00-04:00,12.855878157338827,13.22066915430959,12.855878157338827,13.068338394165039,1187800,0.0,0.0
2001-07-13 00:00:00-04:00,13.108422458299374,13.168551917628786,12.747639585544656,12.911995887756348,1159200,0.0,0.0
2001-07-16 00:00:00-04:00,12.988165331479664,13.264764585187478,12.847860165446315,13.028251647949219,1003200,0.0,0.0
2001-07-17 00:00:00-04:00,13.068337964418774,13.148512126552836,12.819799438078636,13.028251647949219,650600,0.0,0.0
2001-07-18 00:00:00-04:00,12.92803545577844,13.068339104860792,12.7516527424495,13.056313514709473,449200,0.0,0.0
2001-07-19 00:00:00-04:00,13.108428217093136,13.128471379008301,12.787732274267189,12.823810577392578,564000,0.0,0.0
2001-07-20 00:00:00-04:00,12.743638215201429,12.787733327967722,12.475055694580076,12.475055694580078,609000,0.0,0.0
2001-07-23 00:00:00-04:00,12.471042122407027,12.627380879096101,12.35078089337149,12.370824813842773,1523200,0.0,0.0
2001-07-24 00:00:00-04:00,12.418931101178247,12.575270652770994,12.26660109905439,12.575270652770996,1275400,0.0,0.0
2001-07-25 00:00:00-04:00,12.767685760944522,12.968119621276855,12.70755552638508,12.968119621276855,1515600,0.0,0.0
2001-07-26 00:00:00-04:00,12.928035337823264,13.120452424464201,12.891957038503396,13.088383674621582,504600,0.0,0.0
2001-07-27 00:00:00-04:00,13.08838096115392,13.08838096115392,12.835832918272807,12.907989501953125,945000,0.0,0.0
2001-07-30 00:00:00-04:00,13.008207482981597,13.39704961606681,13.008207482981597,13.26075553894043,619200,0.0,0.0
2001-07-31 00:00:00-04:00,13.340928106196385,13.437137398721475,13.208642049318566,13.332910537719727,1057600,0.0,0.0
2001-08-01 00:00:00-04:00,13.433130991798173,13.433130991798173,13.236705870359485,13.288819313049316,889200,0.0,0.0
2001-08-02 00:00:00-04:00,13.38903899017141,13.38903899017141,13.32489994533447,13.32890796661377,512800,0.0,0.0
2001-08-03 00:00:00-04:00,13.409076284749965,13.465197733264079,13.328902131503469,13.36097240447998,505000,0.0,0.0
2001-08-06 00:00:00-04:00,13.40908113490679,13.625550968212522,13.33692452380488,13.469210624694824,277600,0.0,0.0
2001-08-07 00:00:00-04:00,13.473217780506502,13.549382399047417,13.34093017393037,13.445157051086426,238600,0.0,0.0
2001-08-08 00:00:00-04:00,13.42912429816947,13.569427970203552,13.42912429816947,13.469210624694824,1130200,0.0,0.0
2001-08-09 00:00:00-04:00,13.437136895548072,13.509293479941173,13.429119327371641,13.449162483215332,508600,0.0,0.0
2001-08-10 00:00:00-04:00,13.44916115141356,13.629552594533068,13.42911799755464,13.61752700805664,496400,0.0,0.0
2001-08-13 00:00:00-04:00,13.625550968212522,13.625550968212522,13.42912429816947,13.469210624694824,323000,0.0,0.0
2001-08-14 00:00:00-04:00,13.509300818508768,13.625553326425926,13.4812400792454,13.577447891235352,373000,0.0,0.0
2001-08-15 00:00:00-04:00,13.577449494073141,13.665641273138098,13.537363155877678,13.581459045410156,621200,0.0,0.0
2001-08-16 00:00:00-04:00,13.571419126922002,13.667754869793498,13.571419126922002,13.647685050964355,345600,0.0225,0.0
2001-08-17 00:00:00-04:00,13.64767804492463,13.860420771514242,13.64767804492463,13.691832542419434,624800,0.0,0.0
2001-08-20 00:00:00-04:00,13.768102709684317,14.045071359670455,13.66775210461194,13.864439964294434,669200,0.0,0.0
2001-08-21 00:00:00-04:00,13.864443232617898,13.968807212754696,13.707896496798165,13.848386764526367,788000,0.0,0.0
2001-08-22 00:00:00-04:00,13.748035997411503,14.000920008005837,13.727966178113649,13.81627368927002,334200,0.0,0.0
2001-08-23 00:00:00-04:00,13.820291724565896,13.868459608114664,13.748039133628037,13.812263488769531,400400,0.0,0.0
2001-08-24 00:00:00-04:00,13.812261310720924,14.04908887006548,13.792191490009522,13.980851173400879,804200,0.0,0.0
2001-08-27 00:00:00-04:00,13.988873307221048,14.129365068767413,13.952747029249545,13.972818374633789,969200,0.0,0.0
2001-08-28 00:00:00-04:00,13.872473993737831,13.95676816973017,13.808249640901378,13.824304580688477,718600,0.0,0.0
2001-08-29 00:00:00-04:00,13.844375839104705,13.852402543327935,13.683814192511909,13.768108367919922,570800,0.0,0.0
2001-08-30 00:00:00-04:00,13.808249545182793,14.008950837809117,13.66775772160676,13.768108367919922,768600,0.0,0.0
2001-08-31 00:00:00-04:00,13.768109162367551,13.864446462127955,13.515225090322247,13.804235458374023,735800,0.0,0.0
2001-09-04 00:00:00-04:00,13.748036390059704,14.09725615574919,13.748036390059704,13.868456840515137,382800,0.0,0.0
2001-09-05 00:00:00-04:00,13.968806718028748,14.049087524414062,13.748035648890903,14.049087524414062,525000,0.0,0.0
2001-09-06 00:00:00-04:00,14.045068598327095,14.049081948000309,13.727960381148842,13.8283109664917,719600,0.0,0.0
2001-09-07 00:00:00-04:00,13.727967562482226,14.045075945545271,13.246284194614054,13.250297546386719,1113200,0.0,0.0
2001-09-10 00:00:00-04:00,13.32656768311425,14.037050525206883,13.32656768311425,13.936699867248535,999000,0.0,0.0
2001-09-17 00:00:00-04:00,13.64768337673611,13.64768337673611,13.306491904809242,13.547332763671875,563000,0.0,0.0
2001-09-18 00:00:00-04:00,13.547337832407191,13.848389784238462,13.446987181796766,13.812263488769531,614200,0.0,0.0
2001-09-19 00:00:00-04:00,14.008946403507808,14.008946403507808,13.306492101666018,13.6075439453125,2208000,0.0,0.0
2001-09-20 00:00:00-04:00,13.647686517060693,13.675784572685718,12.965301884961821,13.446985244750977,4846800,0.0,0.0
2001-09-21 00:00:00-04:00,12.844881936302565,13.206144853252773,12.804741527128694,13.005443572998047,1240800,0.0,0.0
2001-09-24 00:00:00-04:00,13.206142419368833,13.603530023546522,13.206142419368833,13.539305686950684,1988600,0.0,0.0
2001-09-25 00:00:00-04:00,13.527265363143979,13.683812102485312,13.426914732158087,13.587474822998047,1086200,0.0,0.0
2001-09-26 00:00:00-04:00,13.587474517340763,13.848386764526367,13.386773259883858,13.848386764526367,1623800,0.0,0.0
2001-09-27 00:00:00-04:00,13.748038159573095,14.33810043334961,13.707898514664603,14.33810043334961,2680800,0.0,0.0
2001-09-28 00:00:00-04:00,14.249787807464598,14.851891517639158,14.249787807464598,14.85189151763916,1825600,0.0,0.0
2001-10-01 00:00:00-04:00,14.751538799510062,14.843861171514654,14.32605168697574,14.791678428649902,806600,0.0,0.0
2001-10-02 00:00:00-04:00,14.77161446107453,14.851895282360175,13.72796837804905,14.029020309448242,1734000,0.0,0.0
2001-10-03 00:00:00-04:00,14.029017468899879,14.037045702525845,13.487123183364684,13.627614974975586,2044400,0.0,0.0
2001-10-04 00:00:00-04:00,13.426913336645075,13.446983154510495,12.945230051730253,13.242268562316895,1990600,0.0,0.0
2001-10-05 00:00:00-04:00,13.306496526735376,13.727968941755138,12.628125166806749,13.639659881591797,2668400,0.0,0.0
2001-10-08 00:00:00-04:00,13.587477905566924,13.587477905566924,13.226216470796391,13.406847953796387,1056000,0.0,0.0
2001-10-09 00:00:00-04:00,13.366696131871711,13.691832542419434,13.366696131871711,13.691832542419434,1605800,0.0,0.0
2001-10-10 00:00:00-04:00,13.59149278023681,14.137400581285695,13.527268423126909,14.109302520751953,1981800,0.0,0.0
2001-10-11 00:00:00-04:00,14.181550197766818,14.330068684992927,14.105282747417226,14.19760513305664,1702600,0.0,0.0
2001-10-12 00:00:00-04:00,14.149437118328557,14.241759503012734,14.041058267291762,14.233731269836426,1006600,0.0,0.0
2001-10-15 00:00:00-04:00,14.189569859447037,14.510692905576688,14.149430244294914,14.490621566772461,510400,0.0,0.0
2001-10-16 00:00:00-04:00,14.590983055770982,14.916119694256802,14.590983055770982,14.731474876403809,1104000,0.0,0.0
2001-10-17 00:00:00-04:00,14.73147297313856,14.73147297313856,14.330070448155107,14.422392845153809,1123200,0.0,0.0
2001-10-18 00:00:00-04:00,14.350141111828602,14.611053380898985,14.269860295866238,14.607038497924805,793200,0.0,0.0
2001-10-19 00:00:00-04:00,14.611053159634677,14.843865838047781,14.430421709262074,14.803726196289062,732600,0.0,0.0
2001-10-22 00:00:00-04:00,14.763583460853079,14.851892500851429,14.450490000828417,14.63914966583252,521400,0.0,0.0
2001-10-23 00:00:00-04:00,14.538795597183661,14.590976807342175,13.808243342677903,14.061125755310059,2204200,0.0,0.0
2001-10-24 00:00:00-04:00,14.01295870634964,14.269856015385216,14.01295870634964,14.165492057800293,972000,0.0,0.0
2001-10-25 00:00:00-04:00,13.948740555180443,14.450493812561035,13.948740555180443,14.450493812561035,806600,0.0,0.0
2001-10-26 00:00:00-04:00,14.390273047730226,14.490623631134838,14.24978284345512,14.430414199829102,742800,0.0,0.0
2001-10-29 00:00:00-05:00,14.27788845167683,14.510702663558089,14.020991067000404,14.241762161254883,717800,0.0,0.0
2001-10-30 00:00:00-05:00,14.209648726274079,14.217675428574376,13.968806314082752,14.065143585205078,724800,0.0,0.0
2001-10-31 00:00:00-05:00,14.137401183165228,14.2096537793936,13.916628510673249,13.936699867248535,790200,0.0,0.0
2001-11-01 00:00:00-05:00,14.249788284301758,14.350138906022194,13.92866660104216,14.249788284301758,1045400,0.0,0.0
2001-11-02 00:00:00-05:00,14.209646713713845,14.249786344446132,14.069154943693317,14.129365921020508,633600,0.0,0.0
2001-11-05 00:00:00-05:00,14.189576122893737,14.209647470557695,13.97683331246959,14.0691556930542,1124000,0.0,0.0
2001-11-06 00:00:00-05:00,14.10929495228024,14.185560856928682,13.976831425480245,14.1373929977417,1100800,0.0,0.0
2001-11-07 00:00:00-05:00,14.117326820639466,14.269860217002043,14.117326820639466,14.241762161254883,1141400,0.0,0.0
2001-11-08 00:00:00-05:00,14.24175887060811,14.249787103427925,14.069155693054197,14.0691556930542,492400,0.0,0.0
2001-11-09 00:00:00-05:00,14.129366907257907,14.189576357558991,14.008946475426873,14.037044525146484,369000,0.0,0.0
2001-11-12 00:00:00-05:00,13.988876739427951,14.145425003199763,13.804231953927713,14.041059494018555,466000,0.0,0.0
2001-11-13 00:00:00-05:00,14.169510556029476,14.342113785348738,14.14944073357523,14.33810043334961,678400,0.0,0.0
2001-11-14 00:00:00-05:00,14.4384442144755,14.44647244588736,14.269854417283554,14.37421989440918,626000,0.0,0.0
2001-11-15 00:00:00-05:00,14.410351716747254,14.450491358027888,14.14943945473564,14.193593978881836,666200,0.0,0.0
2001-11-16 00:00:00-05:00,14.292057119574224,14.292057119574224,13.946410961774998,14.062966346740723,731600,0.0225,0.0
2001-11-19 00:00:00-05:00,14.079046523646431,14.14335270046602,13.749477175798518,13.866032600402832,1615800,0.0,0.0
2001-11-20 00:00:00-05:00,13.966508230791389,14.066986707271903,13.669091265809923,13.970526695251465,1124800,0.0,0.0
2001-11-21 00:00:00-05:00,14.006699644502758,14.062968881759522,13.866030384310715,13.966508865356445,513800,0.0,0.0
2001-11-23 00:00:00-05:00,13.970531089593255,14.046895736973582,13.8459387208028,13.958474159240723,111000,0.0,0.0
2001-11-26 00:00:00-05:00,13.96651530362626,14.20766315602812,13.950438371284628,14.139338493347168,848000,0.0,0.0
2001-11-27 00:00:00-05:00,14.187559193564583,14.187559193564583,13.765549939996264,13.853971481323242,844600,0.0,0.0
2001-11-28 00:00:00-05:00,13.765550637115446,13.765550637115446,13.484210609428951,13.576650619506836,1442600,0.0,0.0
2001-11-29 00:00:00-05:00,13.58469611132077,13.785653158923683,13.544505315072428,13.73742389678955,357000,0.0,0.0
2001-11-30 00:00:00-05:00,13.665074128583143,14.018758829436878,13.5806725681051,13.934355735778809,1334200,0.0,0.0
2001-12-03 00:00:00-05:00,13.974552611893987,14.00670494073252,13.793690970988093,13.890151023864746,588400,0.0,0.0
2001-12-04 00:00:00-05:00,13.990620489313565,14.460858918188354,13.946409724237228,14.44880199432373,873400,0.0,0.0
2001-12-05 00:00:00-05:00,14.464880950038507,14.806507128489962,14.368420946011646,14.758277893066406,1026400,0.0,0.0
2001-12-06 00:00:00-05:00,14.697995117890986,14.7663212963559,14.29206264529449,14.529191970825195,557800,0.0,0.0
2001-12-07 00:00:00-05:00,14.525168078602693,14.601532700721672,14.328231126482896,14.569378852844238,369200,0.0,0.0
2001-12-10 00:00:00-05:00,14.565362378183556,14.56938084312726,14.328233083823386,14.33225154876709,484800,0.0,0.0
2001-12-11 00:00:00-05:00,14.432725561025803,14.661816321265928,14.420668636754087,14.525165557861328,986200,0.0,0.0
2001-12-12 00:00:00-05:00,14.58947672966658,14.669859829891049,14.529190554383318,14.557324409484863,642800,0.0,0.0
2001-12-13 00:00:00-05:00,14.561341720732138,14.770337151483021,14.488997089580678,14.581437110900879,999600,0.0,0.0
2001-12-14 00:00:00-05:00,14.64976517936448,14.870817566281271,14.637706717153613,14.778377532958984,812200,0.0,0.0
2001-12-17 00:00:00-05:00,15.07177605025948,15.895699501037598,14.971297543257752,15.895699501037598,2161600,0.0,0.0
2001-12-18 00:00:00-05:00,15.875598987323782,15.99617285021179,15.682680500066999,15.835408210754395,2007200,0.0,0.0
2001-12-19 00:00:00-05:00,15.875599519488759,16.012250310857123,15.755025652559,15.91981029510498,683800,0.0,0.0
2001-12-20 00:00:00-05:00,15.8756046295166,16.056466254716792,15.795221514629805,15.875604629516602,487200,0.0,0.0
2001-12-21 00:00:00-05:00,15.875600180027458,15.9157909596163,15.875600180027458,15.879618644714355,852000,0.0,0.0
2001-12-24 00:00:00-05:00,15.976077766035699,16.140862406194657,15.976077766035699,16.132823944091797,647800,0.0,0.0
2001-12-26 00:00:00-05:00,16.076563909953073,16.434267211640634,16.056468511701755,16.1971378326416,498400,0.0,0.0
2001-12-27 00:00:00-05:00,16.1971263885208,16.434255599975586,16.120763315848066,16.434255599975586,471400,0.0,0.0
2001-12-28 00:00:00-05:00,16.442296663047237,16.518659747808247,16.156938178057416,16.297607421875,634600,0.0,0.0
2001-12-31 00:00:00-05:00,16.377987696979442,16.377987696979442,16.012246192558123,16.02028465270996,679400,0.0,0.0
2002-01-02 00:00:00-05:00,15.980088548098875,16.07253005125076,15.83540089934533,16.068510055541992,988600,0.0,0.0
2002-01-03 00:00:00-05:00,16.056462894941347,16.197132166673246,15.96000287062514,16.10067367553711,1134000,0.0,0.0
2002-01-04 00:00:00-05:00,16.01626443523716,16.414159774780273,15.951958288088521,16.414159774780273,761800,0.0,0.0
2002-01-07 00:00:00-05:00,16.25340118473381,16.880387560348776,16.07655958128455,16.160961151123047,872200,0.0,0.0
2002-01-08 00:00:00-05:00,16.156941106516904,16.639238153447863,16.016270304022846,16.558855056762695,908200,0.0,0.0
2002-01-09 00:00:00-05:00,16.558855076492392,16.71961973687423,16.076558028986778,16.209190368652344,570200,0.0,0.0
2002-01-10 00:00:00-05:00,16.17702764172067,16.27750607427794,15.996166156481742,16.07253074645996,687000,0.0,0.0
2002-01-11 00:00:00-05:00,16.072547380259625,16.076565847121856,15.875608774032832,16.036375045776367,1206000,0.0,0.0
2002-01-14 00:00:00-05:00,15.935886440285454,16.1971295503286,15.795215658096229,16.096651077270508,920000,0.0,0.0
2002-01-15 00:00:00-05:00,16.096651097579596,16.177034182763453,15.89971414871796,16.04842185974121,529800,0.0,0.0
2002-01-16 00:00:00-05:00,16.01626803272523,16.060478806291457,15.895694171386308,16.000192642211914,387000,0.0,0.0
2002-01-17 00:00:00-05:00,16.016265416197662,16.06047618254132,15.795213117658967,16.04439926147461,613000,0.0,0.0
2002-01-18 00:00:00-05:00,15.9559919099046,16.05647044644911,15.891685707843344,16.036375045776367,490400,0.0,0.0
2002-01-22 00:00:00-05:00,16.04841850690264,16.096647734664963,15.935883131064044,15.972055435180664,359600,0.0,0.0
2002-01-23 00:00:00-05:00,15.972067242268196,16.028334971782485,15.879625648716846,15.9278564453125,703400,0.0,0.0
2002-01-24 00:00:00-05:00,15.968032318020041,16.0765492091634,15.815304671242812,16.07253074645996,624200,0.0,0.0
2002-01-25 00:00:00-05:00,16.072537799981724,16.241340904832093,15.87559931114308,16.0845947265625,544000,0.0,0.0
2002-01-28 00:00:00-05:00,16.07655217158756,16.116742938744736,15.586216839736705,15.662581443786621,1012000,0.0,0.0
2002-01-29 00:00:00-05:00,15.662587126074648,15.674644053960078,15.075791593709562,15.212442398071289,866800,0.0,0.0
2002-01-30 00:00:00-05:00,15.224497750330109,15.328994681419262,14.649760796390439,15.027559280395508,1546600,0.0,0.0
2002-01-31 00:00:00-05:00,15.031580902430482,15.152154769236951,14.790431635637646,15.07981014251709,1793200,0.0,0.0
2002-02-01 00:00:00-05:00,15.111968799663353,15.232544250247166,15.071778004922443,15.18029499053955,915200,0.0,0.0
2002-02-04 00:00:00-05:00,15.252638560742822,15.300867817631294,14.91101069706669,15.107949256896973,1077000,0.0,0.0
2002-02-05 00:00:00-05:00,15.473687628772138,16.24536170446238,15.39330452925938,16.152921676635742,1487600,0.0,0.0
2002-02-06 00:00:00-05:00,16.036362681046743,16.414161135210062,15.955979607153804,16.140859603881836,1571800,0.0,0.0
2002-02-07 00:00:00-05:00,16.136839507758914,16.414159474798023,15.71884879234213,15.755021095275879,1118800,0.0,0.0
2002-02-08 00:00:00-05:00,15.674639719299536,16.072535094465405,15.674639719299536,16.016265869140625,684600,0.0,0.0
2002-02-11 00:00:00-05:00,15.915789956781335,16.07253766693325,15.694737616611013,15.964020729064941,653800,0.0,0.0
2002-02-12 00:00:00-05:00,15.968040607624353,15.968040607624353,15.316940455933086,15.38928508758545,2135600,0.0,0.0
2002-02-13 00:00:00-05:00,15.312925491266755,15.598285646883486,15.18029464509548,15.280773162841797,1706400,0.0,0.0
2002-02-14 00:00:00-05:00,15.38124257358276,15.413394882970813,14.730142593383789,14.730142593383789,1974600,0.0,0.0
2002-02-15 00:00:00-05:00,14.730139899987934,15.087842900659528,14.388512284481195,14.947172164916992,2330600,0.0,0.0
2002-02-19 00:00:00-05:00,15.111959468150976,15.200381001798048,14.870811782251174,14.87483024597168,747600,0.0,0.0
2002-02-20 00:00:00-05:00,14.975319265801135,15.449578044646483,14.975319265801135,15.248620986938477,636600,0.0,0.0
2002-02-21 00:00:00-05:00,15.349088690330273,15.493777915141992,14.870811782251174,14.87483024597168,501000,0.0,0.0
2002-02-22 00:00:00-05:00,14.874835636993696,15.320960397457023,14.83062638732719,15.172252655029297,495200,0.0,0.0
2002-02-25 00:00:00-05:00,15.200388018444887,15.212444948351594,14.906990969666012,14.955220222473145,623400,0.0,0.0
2002-02-26 00:00:00-05:00,14.888819179755906,15.110139157853155,14.888819179755906,14.953203201293945,485400,0.0225,0.0
2002-02-27 00:00:00-05:00,15.049782993057756,15.218790507555711,14.884798809127457,14.91296672821045,935800,0.0,0.0
2002-02-28 00:00:00-05:00,15.013571143792383,15.090026726593843,14.856633576404812,14.888826370239258,1291400,0.0,0.0
2002-03-01 00:00:00-05:00,14.98942654841655,15.110146455221921,14.8485869129831,14.888826370239258,1521200,0.0,0.0
2002-03-04 00:00:00-05:00,14.92906958568269,14.989430321798807,14.856637316358263,14.908949851989746,2584200,0.0,0.0
2002-03-05 00:00:00-05:00,15.090022226700857,15.72983923051443,15.04978278144423,15.629239082336426,1564200,0.0,0.0
2002-03-06 00:00:00-05:00,15.673502729173814,15.83446203841814,15.267077288131409,15.70167064666748,795400,0.0,0.0
2002-03-07 00:00:00-05:00,15.705698333415725,15.72581959580928,15.267081522876564,15.4280424118042,477000,0.0,0.0
2002-03-08 00:00:00-05:00,15.528641668673387,16.083955014214045,15.528641668673387,15.96725845336914,955600,0.0,0.0
2002-03-11 00:00:00-05:00,15.866657853541255,16.055786651459737,15.693625450134277,15.693625450134277,1399400,0.0,0.0
2002-03-12 00:00:00-05:00,15.593021824558631,15.681550439677428,15.230860703651127,15.657405853271484,1252800,0.0,0.0
2002-03-13 00:00:00-05:00,15.657413316716948,15.826422432047751,15.49645240069114,15.753990173339844,994800,0.0,0.0
2002-03-14 00:00:00-05:00,15.774105151634979,16.196625510108756,15.762032088796348,16.13626480102539,1073000,0.0,0.0
2002-03-15 00:00:00-05:00,16.277102202816423,16.37770233814281,16.055782212105626,16.09602165222168,906200,0.0,0.0
2002-03-18 00:00:00-05:00,16.09603490965637,16.23687460110086,15.902882674944994,16.015554428100586,431600,0.0,0.0
2002-03-19 00:00:00-05:00,16.116139679749413,16.49439713127491,16.116139679749413,16.405868530273438,649800,0.0,0.0
2002-03-20 00:00:00-05:00,16.438056863370825,16.478297827176608,16.02358491390403,16.0477294921875,543600,0.0,0.0
2002-03-21 00:00:00-05:00,15.88677256040348,15.931036863808329,15.673500773128684,15.72178840637207,1043400,0.0,0.0
2002-03-22 00:00:00-05:00,15.77410588765512,15.870681184650797,15.673505724513234,15.693625450134277,839000,0.0,0.0
2002-03-25 00:00:00-05:00,15.673504343356178,15.693624067204262,15.532663206346527,15.540711402893066,1191800,0.0,0.0
2002-03-26 00:00:00-05:00,15.693624382062922,15.81434426260994,15.584976029059636,15.733863830566406,923200,0.0,0.0
2002-03-27 00:00:00-05:00,15.69362640330986,16.015546637908866,15.613145960900919,15.991403579711914,505800,0.0,0.0
2002-03-28 00:00:00-05:00,16.09200049247763,16.546712060251625,16.05578437747438,16.538663864135742,1066200,0.0,0.0
2002-04-01 00:00:00-05:00,16.659376386742775,16.659376386742775,16.132231335041194,16.425983428955078,889000,0.0,0.0
2002-04-02 00:00:00-05:00,16.39782527171471,16.55878613379524,16.15638551363046,16.518545150756836,842400,0.0,0.0
2002-04-03 00:00:00-05:00,16.53866560522372,16.599026314929013,16.196625676991342,16.337465286254883,640600,0.0,0.0
2002-04-04 00:00:00-05:00,16.333431422976258,16.45817609291079,16.071870562964875,16.30526351928711,475200,0.0,0.0
2002-04-05 00:00:00-05:00,16.204668631529334,16.49439748832505,16.204668631529334,16.458181381225586,488200,0.0,0.0
2002-04-08 00:00:00-04:00,16.458185834055882,16.458185834055882,16.13626411272512,16.438064575195312,342400,0.0,0.0
2002-04-09 00:00:00-04:00,16.438062082756034,16.687551532461917,16.337461943852908,16.578903198242188,1445800,0.0,0.0
2002-04-10 00:00:00-04:00,16.538657783608674,16.619138180142,16.341482423889712,16.542682647705078,474200,0.0,0.0
2002-04-11 00:00:00-04:00,16.54671321543124,16.59902572631836,16.297225258567117,16.59902572631836,770800,0.0,0.0
2002-04-12 00:00:00-04:00,16.53866642340661,16.5950038049357,16.41794653306051,16.522571563720703,545600,0.0,0.0
2002-04-15 00:00:00-04:00,16.23685764708104,16.357579010879995,16.164425442816036,16.188570022583008,659200,0.0,0.0
2002-04-16 00:00:00-04:00,16.269061954300525,16.498430252075195,16.256990423376696,16.498430252075195,560200,0.0,0.0
2002-04-17 00:00:00-04:00,16.397817612423548,16.498417720475228,16.164424624926458,16.289169311523438,339200,0.0,0.0
2002-04-18 00:00:00-04:00,16.188578280891907,16.578907410213105,16.188578280891907,16.522571563720703,488600,0.0,0.0
2002-04-19 00:00:00-04:00,16.5225729480409,16.69158050167816,16.47830862636348,16.61914825439453,1571000,0.0,0.0
2002-04-22 00:00:00-04:00,16.659379145926604,16.759979257834285,16.442082535797397,16.542682647705078,946800,0.0,0.0
2002-04-23 00:00:00-04:00,16.578904844715154,16.683528324148728,16.49842441859278,16.538663864135742,474400,0.0,0.0
2002-04-24 00:00:00-04:00,16.820338914803592,17.09397135030578,16.679499367869788,17.05373191833496,2397000,0.0,0.0
2002-04-25 00:00:00-04:00,17.04166548808272,17.444066104425044,17.04166548808272,17.423946380615234,1439200,0.0,0.0
2002-04-26 00:00:00-04:00,17.423937750754845,17.50039481241503,17.20261782839089,17.44405746459961,984600,0.0,0.0
2002-04-29 00:00:00-04:00,17.448088905191955,17.484305017777977,17.30322445484788,17.343463897705078,1017600,0.0,0.0
2002-04-30 00:00:00-04:00,17.34347120326909,17.685512751778322,17.34347120326909,17.536624908447266,1089000,0.0,0.0
2002-05-01 00:00:00-04:00,17.54467009500881,18.10400836346599,17.504430638590016,18.083887100219727,1208000,0.0,0.0
2002-05-02 00:00:00-04:00,17.92693846870068,18.30921917608769,17.83841141980547,18.22873878479004,951600,0.0,0.0
2002-05-03 00:00:00-04:00,18.148258028251707,18.268979380286517,17.878650488121682,18.015466690063477,583800,0.0,0.0
2002-05-06 00:00:00-04:00,18.711631244747515,19.194512358070927,18.594934681478982,18.98526382446289,2071200,0.0,0.0
2002-05-07 00:00:00-04:00,19.013428875959136,19.09390930519272,18.808205239698182,18.896732330322266,1598800,0.0,0.0
2002-05-08 00:00:00-04:00,18.89673209197931,19.45204535814676,18.892708761334806,19.439973831176758,1568400,0.0,0.0
2002-05-09 00:00:00-04:00,19.33936695806789,19.814199630983897,19.25888655782119,19.729694366455078,1770200,0.0,0.0
2002-05-10 00:00:00-04:00,19.71763269228307,19.749825482475853,19.57276820648899,19.661296844482422,2256400,0.0,0.0
2002-05-13 00:00:00-04:00,19.496309670418754,19.617029545228245,19.359493402958265,19.439973831176758,1707600,0.0,0.0
2002-05-14 00:00:00-04:00,19.452046594098235,19.617030791662547,19.31120698704452,19.512407302856445,1413600,0.0,0.0
2002-05-15 00:00:00-04:00,19.45606633354523,20.317204815690886,19.41985022198286,20.224651336669922,1714200,0.0,0.0
2002-05-16 00:00:00-04:00,20.323331889198617,20.516657100861853,20.097786577130947,20.25889015197754,1651400,0.0225,0.0
2002-05-17 00:00:00-04:00,20.158197368422552,20.226667570051507,20.06153554265606,20.138059616088867,737200,0.0,0.0
2002-05-20 00:00:00-04:00,20.138063831211504,20.138063831211504,19.771551130939947,19.87626838684082,705200,0.0,0.0
2002-05-21 00:00:00-04:00,19.775579357413548,19.936684493135175,19.735303841689362,19.819883346557617,590600,0.0,0.0
2002-05-22 00:00:00-04:00,19.81988319348135,19.936684339156805,19.73530368926633,19.823911666870117,872200,0.0,0.0
2002-05-23 00:00:00-04:00,19.823907766131594,19.89237643614385,19.71918898840304,19.86821174621582,563800,0.0,0.0
2002-05-24 00:00:00-04:00,19.85612617046467,19.93667871497931,19.695022617847386,19.715160369873047,456000,0.0,0.0
2002-05-28 00:00:00-04:00,19.513779776792447,19.727242713806046,19.13115634265691,19.715160369873047,911600,0.0,0.0
2002-05-29 00:00:00-04:00,19.73529662604923,19.73529662604923,19.05060235418964,19.239900588989258,982800,0.0,0.0
2002-05-30 00:00:00-04:00,19.1392160854436,19.320458967546845,19.030470356181652,19.090885162353516,817400,0.0,0.0
2002-05-31 00:00:00-04:00,19.090867416598925,19.453351307449232,19.050590404452723,19.39696502685547,879800,0.0,0.0
2002-06-03 00:00:00-04:00,19.41308744438361,19.49363998045063,19.219762279669865,19.22378921508789,616000,0.0,0.0
2002-06-04 00:00:00-04:00,19.211718127450087,19.52989998629255,19.191580365738748,19.33254623413086,1206800,0.0,0.0
2002-06-05 00:00:00-04:00,19.493637187658816,19.50571952859373,19.211704120021825,19.384891510009766,979200,0.0,0.0
2002-06-06 00:00:00-04:00,19.292258168468372,19.332533665707235,18.96602110975134,19.131153106689453,614600,0.0,0.0
2002-06-07 00:00:00-04:00,18.97004934907845,19.0908789219254,18.93782925635462,19.010326385498047,573200,0.0,0.0
2002-06-10 00:00:00-04:00,18.909642280250267,19.19962935520312,18.829089717491897,19.090885162353516,806400,0.0,0.0
2002-06-11 00:00:00-04:00,19.292264562152045,19.614473256081908,19.155325675180325,19.187545776367188,506000,0.0,0.0
2002-06-12 00:00:00-04:00,19.187546118641094,20.138062934999013,19.187546118641094,20.057510375976562,1954000,0.0,0.0
2002-06-13 00:00:00-04:00,20.025285143362705,20.029312078896528,19.324480056762695,19.324480056762695,694200,0.0,0.0
2002-06-14 00:00:00-04:00,18.929773063903216,19.328507257653424,18.627702217138804,19.211706161499023,957600,0.0,0.0
2002-06-17 00:00:00-04:00,19.23184186705055,19.40502925703849,19.23184186705055,19.384891510009766,914400,0.0,0.0
2002-06-18 00:00:00-04:00,19.35267288296083,19.868208197929242,19.35267288296083,19.84001350402832,1217600,0.0,0.0
2002-06-19 00:00:00-04:00,19.755441530937585,20.440136050757772,19.674888963356544,20.395832061767578,2621400,0.0,0.0
2002-06-20 00:00:00-04:00,20.540823249802465,20.838867243566064,20.53679631342191,20.774425506591797,2028400,0.0,0.0
2002-06-21 00:00:00-04:00,20.37971050239693,20.613312671649958,20.238744735717773,20.238744735717773,2593400,0.0,0.0
2002-06-24 00:00:00-04:00,20.319303416700578,20.35957892326442,19.60641588835352,19.912513732910156,907600,0.0,0.0
2002-06-25 00:00:00-04:00,20.11791738040136,20.669699660720063,20.037364852606032,20.14611053466797,1460600,0.0,0.0
2002-06-26 00:00:00-04:00,19.976948404156328,19.980976875236053,19.396973018011295,19.86417579650879,1565400,0.0,0.0
2002-06-27 00:00:00-04:00,19.67489500660007,19.727254422072072,19.13519463537157,19.521846771240234,1212400,0.0,0.0
2002-06-28 00:00:00-04:00,19.52183681215515,20.34346853273914,19.368787118460865,20.037370681762695,2798600,0.0,0.0
2002-07-01 00:00:00-04:00,20.017233098061485,20.08973024114227,19.09490952829875,19.203655242919922,1160600,0.0,0.0
2002-07-02 00:00:00-04:00,19.050601019675486,19.433224398006676,18.92977298873189,19.425168991088867,1362400,0.0,0.0
2002-07-03 00:00:00-04:00,19.37281558072759,19.695025811026493,19.139214853814355,19.658777236938477,699000,0.0,0.0
2002-07-05 00:00:00-04:00,19.558078593085558,20.138053995034372,19.26003471793795,20.029308319091797,415000,0.0,0.0
2002-07-08 00:00:00-04:00,20.021260753099206,20.065564735062797,19.50169838783702,19.666831970214844,834400,0.0,0.0
2002-07-09 00:00:00-04:00,19.735304862032354,19.8682168363363,19.453371628149387,19.489620208740234,1036600,0.0,0.0
2002-07-10 00:00:00-04:00,20.03736597263348,20.138056253902995,19.336560938976483,19.618494033813477,1226400,0.0,0.0
2002-07-11 00:00:00-04:00,19.574197998822655,19.574197998822655,18.966029129448728,19.19157600402832,1315200,0.0,0.0
2002-07-12 00:00:00-04:00,19.13115818604207,19.501697775536005,19.030467879799748,19.159351348876953,1015600,0.0,0.0
2002-07-15 00:00:00-04:00,19.090886612518855,19.159355297396406,18.269253175513494,19.030471801757812,1178400,0.0,0.0
2002-07-16 00:00:00-04:00,18.929775912922914,19.304343942197967,18.672008997381376,18.921720504760742,831400,0.0,0.0
2002-07-17 00:00:00-04:00,19.02241027424349,19.276150246867935,18.450490138309622,18.651870727539062,1068600,0.0,0.0
2002-07-18 00:00:00-04:00,18.607565452934757,18.66797870363846,17.987312912674167,18.023561477661133,959400,0.0,0.0
2002-07-19 00:00:00-04:00,17.963147603671132,18.00342464259954,16.83541663267862,16.92402458190918,2083800,0.0,0.0
2002-07-22 00:00:00-04:00,16.513214074035805,17.487895728244794,16.513214074035805,17.129438400268555,2437600,0.0,0.0
2002-07-23 00:00:00-04:00,18.426320993689174,19.272118719818412,18.237022778167827,18.49076271057129,3734400,0.0,0.0
2002-07-24 00:00:00-04:00,18.325634506309633,19.026439666748047,18.16452941256847,19.026439666748047,2614200,0.0,0.0
2002-07-25 00:00:00-04:00,18.929786984539735,19.55406688632176,18.615633564533546,19.521846771240234,1990200,0.0,0.0
2002-07-26 00:00:00-04:00,19.473503043749634,19.51378008484879,19.256013167462278,19.4332275390625,1880600,0.0,0.0
2002-07-29 00:00:00-04:00,19.63461607580068,20.13404083251953,19.513787976462897,20.13404083251953,1626400,0.0,0.0
2002-07-30 00:00:00-04:00,20.11792321933697,20.1340340368543,19.594333941320677,19.932653427124023,2007400,0.0,0.0
2002-07-31 00:00:00-04:00,19.83197024273502,19.97696304321289,19.131164793234944,19.97696304321289,1354400,0.0,0.0
2002-08-01 00:00:00-04:00,19.735295360625102,19.735295360625102,18.925746165730846,19.231843948364258,2357400,0.0,0.0
2002-08-02 00:00:00-04:00,18.949918949096908,19.191576652109678,18.808953107982123,19.16338348388672,1596600,0.0,0.0
2002-08-05 00:00:00-04:00,19.163375448925898,19.183513198297018,18.925746318958403,18.974077224731445,957000,0.0,0.0
2002-08-06 00:00:00-04:00,19.3325398328503,19.43323014447973,18.86936378479004,18.86936378479004,1516800,0.0,0.0
2002-08-07 00:00:00-04:00,19.070741430410596,19.32045447047907,18.869360838594595,19.30837059020996,1125400,0.0,0.0
2002-08-08 00:00:00-04:00,19.433231142989808,19.77960607861829,19.231850509383698,19.711135864257812,1122200,0.0,0.0
2002-08-09 00:00:00-04:00,19.73530209339898,19.775577605555277,19.328513889536044,19.711135864257812,1176800,0.0,0.0
2002-08-12 00:00:00-04:00,19.715163566317113,19.715163566317113,19.413092627721074,19.658777236938477,560400,0.0,0.0
2002-08-13 00:00:00-04:00,19.75544352824946,19.77558128807758,19.28421349533867,19.288240432739258,813000,0.0,0.0
2002-08-14 00:00:00-04:00,19.288234733446995,19.948762893676758,18.929777490620758,19.948762893676758,1101200,0.0,0.0
2002-08-15 00:00:00-04:00,19.84807258787558,20.13403422402414,19.815852488953517,19.948762893676758,1157000,0.0,0.0
2002-08-16 00:00:00-04:00,19.99512089479871,20.12412155570896,19.71293291018828,19.922557830810547,1418400,0.0225,0.0
2002-08-19 00:00:00-04:00,19.92255230053444,20.055585060187404,19.874177450573708,20.035429000854492,1343200,0.0,0.0
2002-08-20 00:00:00-04:00,19.954814767070584,20.660288016411464,19.78146978849348,20.47081756591797,2265000,0.0,0.0
2002-08-21 00:00:00-04:00,20.96262870108804,21.123880306220123,20.317625356178272,20.527250289916992,2002400,0.0,0.0
2002-08-22 00:00:00-04:00,20.47888336725339,20.47888336725339,19.99916203950608,20.120100021362305,1704000,0.0,0.0
2002-08-23 00:00:00-04:00,20.055589395853623,20.23699704468447,19.82983748421867,19.87821388244629,1043600,0.0,0.0
2002-08-26 00:00:00-04:00,19.95480514072653,20.035430923604377,19.454926517131,19.58795928955078,1016200,0.0,0.0
2002-08-27 00:00:00-04:00,19.487187967588305,19.636344746874318,19.253373224774265,19.49121856689453,1108800,0.0,0.0
2002-08-28 00:00:00-04:00,19.410586693923154,19.78952593084295,19.156615978193425,19.753244400024414,1829200,0.0,0.0
2002-08-29 00:00:00-04:00,19.652466610849075,19.94271891750833,19.55168473079344,19.676654815673828,966200,0.0,0.0
2002-08-30 00:00:00-04:00,19.591993541568492,19.785496071696794,19.475087749286175,19.47911834716797,725200,0.0,0.0
2002-09-03 00:00:00-04:00,19.450900813550586,19.632308486212914,18.946991466049276,19.567808151245117,1864200,0.0,0.0
2002-09-04 00:00:00-04:00,19.53152687068237,19.7613094131061,19.450901066471918,19.74518394470215,2120000,0.0,0.0
2002-09-05 00:00:00-04:00,19.64843680376486,19.813719032201654,19.261433200026687,19.692779541015625,1147400,0.0,0.0
2002-09-06 00:00:00-04:00,19.874181894790055,20.01124528183588,19.725025177001953,19.725025177001953,1336600,0.0,0.0
2002-09-09 00:00:00-04:00,19.692774628630957,20.075746000298555,19.4347733157039,19.97899627685547,1164600,0.0,0.0
2002-09-10 00:00:00-04:00,20.035438539059292,20.136220421511492,19.87418691201198,20.03140640258789,837000,0.0,0.0
2002-09-11 00:00:00-04:00,20.148308744642968,20.148308744642968,20.00318262395356,20.01930809020996,577600,0.0,0.0
2002-09-12 00:00:00-04:00,19.966900586774923,19.966900586774923,19.664555022285615,19.696805953979492,795200,0.0,0.0
2002-09-13 00:00:00-04:00,19.59602478103248,19.71293210577721,19.51136838910386,19.6484317779541,799600,0.0,0.0
2002-09-16 00:00:00-04:00,19.632309915446275,20.124124428701364,19.583935045151055,20.055593490600586,798200,0.0,0.0
2002-09-17 00:00:00-04:00,20.25715060355958,20.25715060355958,19.74517865252459,19.777429580688477,1384000,0.0,0.0
2002-09-18 00:00:00-04:00,19.761308404008215,19.92255846638568,19.753245670217957,19.841934204101562,871600,0.0,0.0
2002-09-19 00:00:00-04:00,19.84193563328519,19.983029640254404,19.148555855472257,19.221118927001953,1270000,0.0,0.0
2002-09-20 00:00:00-04:00,19.221119223218224,19.563776981315208,19.221119223218224,19.43880844116211,1770600,0.0,0.0
2002-09-23 00:00:00-04:00,19.35012435459512,19.74115860969334,19.35012435459512,19.684720993041992,1661400,0.0,0.0
2002-09-24 00:00:00-04:00,19.471058658871545,19.503309598206712,18.777680379069214,18.906681060791016,1523800,0.0,0.0
2002-09-25 00:00:00-04:00,19.007465294651766,19.390435250948112,18.830088181949,19.265466690063477,1099200,0.0,0.0
2002-09-26 00:00:00-04:00,19.406561563783683,19.70890725047614,19.374312156864193,19.652469635009766,1265000,0.0,0.0
2002-09-27 00:00:00-04:00,19.652466612213427,19.773404560726696,19.591996869052068,19.672622680664062,1619800,0.0,0.0
2002-09-30 00:00:00-04:00,19.612160818015532,19.74922428074033,19.209033167390835,19.55169105529785,1641200,0.0,0.0
2002-10-01 00:00:00-04:00,19.591996097869885,19.950780868530273,19.438808753427264,19.950780868530273,1771000,0.0,0.0
2002-10-02 00:00:00-04:00,19.95078235875478,20.12009518509379,19.684718247500978,19.91853141784668,1752800,0.0,0.0
2002-10-03 00:00:00-04:00,19.49121882773815,19.57184465522921,19.039716346721875,19.047779083251953,2695800,0.0,0.0
2002-10-04 00:00:00-04:00,19.051802360394827,19.051802360394827,16.891040548504808,17.22966766357422,5648400,0.0,0.0
2002-10-07 00:00:00-04:00,17.794039962719364,18.535794305702815,17.57635083712658,18.031885147094727,2951600,0.0,0.0
2002-10-08 00:00:00-04:00,18.080266150073452,18.90667868174011,17.87064122200996,18.58014488220215,2137600,0.0,0.0
2002-10-09 00:00:00-04:00,18.584171855838292,18.955049850147198,18.459203350534963,18.463233947753906,1954800,0.0,0.0
2002-10-10 00:00:00-04:00,18.50355940598362,18.942968597823622,18.281837972359373,18.789779663085938,1740200,0.0,0.0
2002-10-11 00:00:00-04:00,18.983265447212165,19.422674284906563,18.95101452365614,19.269485473632812,2107600,0.0,0.0
2002-10-14 00:00:00-04:00,19.172744354056036,19.632309455620224,19.172744354056036,19.43880844116211,984600,0.0,0.0
2002-10-15 00:00:00-04:00,19.652446967987586,20.05960467981708,19.616165465918986,19.914480209350586,1425400,0.0,0.0
2002-10-16 00:00:00-04:00,19.91449610008275,20.144278617269087,19.69277477840371,19.825807571411133,975400,0.0,0.0
2002-10-17 00:00:00-04:00,20.01527860504272,20.071716202267947,19.773401211179937,19.995121002197266,974400,0.0,0.0
2002-10-18 00:00:00-04:00,19.991100255991167,20.003193593410728,19.54766045542798,19.55169105529785,1395200,0.0,0.0
2002-10-21 00:00:00-04:00,19.571835424338605,20.11202621459961,19.22917774137539,20.11202621459961,1090400,0.0,0.0
2002-10-22 00:00:00-04:00,20.075755068348982,20.34988197160709,19.837909712222384,20.204755783081055,1644800,0.0,0.0
2002-10-23 00:00:00-04:00,18.805890448178783,19.26948595224626,18.564013128926927,19.112266540527344,3908200,0.0,0.0
2002-10-24 00:00:00-04:00,19.12033372493486,19.16064585196158,18.51967319025868,18.543861389160156,1430400,0.0,0.0
2002-10-25 00:00:00-04:00,18.543863458085273,18.572082257714143,18.152829323500605,18.39470672607422,1677200,0.0,0.0
2002-10-28 00:00:00-05:00,18.48340341329811,18.543873180096355,18.01174476838796,18.100433349609375,1197200,0.0,0.0
2002-10-29 00:00:00-05:00,18.120583090753165,18.301990789915425,17.858549576651065,18.221364974975586,2114400,0.0,0.0
2002-10-30 00:00:00-05:00,18.28182624601708,18.78170487872389,18.24554471995119,18.6527042388916,1163000,0.0,0.0
2002-10-31 00:00:00-05:00,18.652705913759014,19.01955180456115,18.608361651495724,18.987300872802734,1663200,0.0,0.0
2002-11-01 00:00:00-05:00,18.926832256556636,19.128395962083736,18.684954887238693,18.959081649780273,831600,0.0,0.0
2002-11-04 00:00:00-05:00,19.0356876997308,19.14856294710933,18.68899768242829,18.713184356689453,1314200,0.0,0.0
2002-11-05 00:00:00-05:00,18.709145595402422,18.946990861344435,18.418893328406273,18.878459930419922,1107600,0.0,0.0
2002-11-06 00:00:00-05:00,19.067920814647156,19.108234466977574,18.346322584922905,18.733325958251953,1992200,0.0,0.0
2002-11-07 00:00:00-05:00,18.624485336006156,18.624485336006156,18.342295861346727,18.358421325683594,1827400,0.0,0.0
2002-11-08 00:00:00-05:00,18.297952477658846,18.64464228842274,18.092358179871116,18.18910789489746,1092400,0.0,0.0
2002-11-11 00:00:00-05:00,18.088329007430517,18.088329007430517,17.60860787547821,17.612638473510742,1947800,0.0,0.0
2002-11-12 00:00:00-05:00,17.394955808206465,18.205241572777528,17.394955808206465,18.03592872619629,2334800,0.0,0.0
2002-11-13 00:00:00-05:00,18.007699367474746,18.06010635758063,17.53604106994855,17.648916244506836,1696000,0.0,0.0
2002-11-14 00:00:00-05:00,17.90692222858716,18.20926784373916,17.785984290088226,17.971424102783203,1264600,0.0,0.0
2002-11-15 00:00:00-05:00,17.636827689243027,17.636827689243027,17.128887728428936,17.52395248413086,2786600,0.0,0.0
2002-11-18 00:00:00-05:00,17.5138683037039,17.5138683037039,16.626068251273157,17.243492126464844,3441400,0.0225,0.0
2002-11-19 00:00:00-05:00,16.948898682951786,17.67527974719773,16.888366286180126,17.634925842285156,2256000,0.0,0.0
2002-11-20 00:00:00-05:00,17.634930626512446,18.030404851675577,17.45333492633468,17.735816955566406,935200,0.0,0.0
2002-11-21 00:00:00-05:00,17.856874984389588,18.127249527725777,17.31208958367779,17.380691528320312,2339200,0.0,0.0
2002-11-22 00:00:00-05:00,17.46141555104515,17.812499736806455,17.38070613585527,17.546159744262695,795800,0.0,0.0
2002-11-25 00:00:00-05:00,17.776171538649233,17.93759028695565,17.711604347207324,17.784242630004883,1002600,0.0,0.0
2002-11-26 00:00:00-05:00,17.885124850824408,17.885124850824408,17.356480034096275,17.42104721069336,2054800,0.0,0.0
2002-11-27 00:00:00-05:00,17.75598779468129,17.98197364807129,17.64299563768763,17.98197364807129,1484600,0.0,0.0
2002-11-29 00:00:00-05:00,17.796345702419025,17.824593748025798,17.735814835862953,17.764062881469727,545200,0.0,0.0
2002-12-02 00:00:00-05:00,18.038470526087114,18.07882442982983,17.735811629808477,17.800378799438477,768400,0.0,0.0
2002-12-03 00:00:00-05:00,17.77616762471431,17.953728516636883,17.703529357910156,17.703529357910156,1650400,0.0,0.0
2002-12-04 00:00:00-05:00,17.675280427549886,17.816522178986137,17.582465211156105,17.683351516723633,1274800,0.0,0.0
2002-12-05 00:00:00-05:00,17.83670631225499,17.83670631225499,17.24349410411578,17.457372665405273,1688000,0.0,0.0
2002-12-06 00:00:00-05:00,17.558256319191816,17.792313345349385,17.485619577332585,17.719675064086914,1611000,0.0,0.0
2002-12-09 00:00:00-05:00,17.651061519928277,17.683344324089493,17.219266891479492,17.219266891479492,2655200,0.0,0.0
2002-12-10 00:00:00-05:00,17.231383449322966,17.35244672323235,16.94890145059904,17.154708862304688,2153400,0.0,0.0
2002-12-11 00:00:00-05:00,17.154708709684407,17.35244656885286,16.973114570137444,17.130496978759766,1265600,0.0,0.0
2002-12-12 00:00:00-05:00,17.150669921176178,17.186989048467716,16.948897333868224,17.037677764892578,858400,0.0,0.0
2002-12-13 00:00:00-05:00,17.029613083363902,17.029613083363902,16.666421673812675,16.694669723510742,1463400,0.0,0.0
2002-12-16 00:00:00-05:00,16.593777628416003,16.997322814686644,16.593777628416003,16.993288040161133,1469400,0.0,0.0
2002-12-17 00:00:00-05:00,16.89240314248037,17.04978553185457,16.630098133921468,16.65834617614746,1689200,0.0,0.0
2002-12-18 00:00:00-05:00,16.464640834498503,16.581669290506326,16.061095708459803,16.22654914855957,4249200,0.0,0.0
2002-12-19 00:00:00-05:00,16.230581562710054,16.416211906636107,16.145835936655015,16.214439392089844,1557200,0.0,0.0
2002-12-20 00:00:00-05:00,16.254807399236597,17.28788412529684,16.21848825349298,17.150678634643555,3078800,0.0,0.0
2002-12-23 00:00:00-05:00,17.02960067136215,17.39682658918816,16.755189926239186,16.876253128051758,2026000,0.0,0.0
2002-12-24 00:00:00-05:00,16.827836076027367,17.158743035126466,16.827836076027367,16.928722381591797,401400,0.0,0.0
2002-12-26 00:00:00-05:00,16.747128094785893,17.118388990744823,16.64624178096188,16.904510498046875,661000,0.0,0.0
2002-12-27 00:00:00-05:00,16.928729279740548,17.041721495406065,16.78748747075517,16.79959487915039,738000,0.0,0.0
2002-12-30 00:00:00-05:00,16.76729964665055,16.787476595033024,16.40007364424053,16.52517318725586,2296600,0.0,0.0
2002-12-31 00:00:00-05:00,16.424286629682765,16.900469992631688,16.34761207195555,16.662378311157227,1101400,0.0,0.0
2003-01-02 00:00:00-05:00,16.74712607958331,17.634925842285156,16.739054990720238,17.634925842285156,2173600,0.0,0.0
2003-01-03 00:00:00-05:00,17.554221244082775,17.735816944143586,17.400873592986624,17.667213439941406,1107000,0.0,0.0
2003-01-06 00:00:00-05:00,17.453337003763544,17.800386263322114,17.291918242302636,17.304025650024414,1844200,0.0,0.0
2003-01-07 00:00:00-05:00,17.279810817980344,17.295953000553553,16.900478763929538,17.166818618774414,2003200,0.0,0.0
2003-01-08 00:00:00-05:00,17.170844780220325,17.19505804193251,16.7551937936107,16.888362884521484,1060400,0.0,0.0
2003-01-09 00:00:00-05:00,16.9085417362082,16.9085417362082,16.387968143711575,16.400074005126953,3568400,0.0,0.0
2003-01-10 00:00:00-05:00,15.980387973470066,16.335508150930163,15.94003407259165,16.242692947387695,4627600,0.0,0.0
2003-01-13 00:00:00-05:00,16.948895923000233,17.231377829597413,16.686590965573735,16.872222900390625,3037600,0.0,0.0
2003-01-14 00:00:00-05:00,16.72695600309083,17.041720901127427,16.64624662068561,16.89644432067871,1857600,0.0,0.0
2003-01-15 00:00:00-05:00,16.84801894204821,16.92065723069913,16.646246260107514,16.900480270385742,1554000,0.0,0.0
2003-01-16 00:00:00-05:00,16.94890145059904,17.291914316576133,16.856086222621744,17.154708862304688,1521000,0.0,0.0
2003-01-17 00:00:00-05:00,17.15470566987726,17.170847847235322,16.95293307110974,17.069961547851562,1273400,0.0,0.0
2003-01-21 00:00:00-05:00,17.06996550086185,17.211207276349107,16.977150268663255,17.029611587524414,1896000,0.0,0.0
2003-01-22 00:00:00-05:00,17.029605259085507,17.029605259085507,16.779407702683454,16.872222900390625,1817000,0.0,0.0
2003-01-23 00:00:00-05:00,16.9085434321677,17.150669921176178,16.888364941914766,17.037677764892578,1382200,0.0,0.0
2003-01-24 00:00:00-05:00,17.037686420953833,17.049792289733887,16.496935550661874,16.545360565185547,1530600,0.0,0.0
2003-01-27 00:00:00-05:00,16.331478437041135,16.799590913531265,16.09338665351752,16.448505401611328,1676600,0.0,0.0
2003-01-28 00:00:00-05:00,16.505004466881324,16.694669723510742,16.28708962115059,16.694669723510742,1967400,0.0,0.0
2003-01-29 00:00:00-05:00,16.54535504418138,16.80766006917958,16.404114824199546,16.70677375793457,1082000,0.0,0.0
2003-01-30 00:00:00-05:00,16.62606921149236,16.69063640779433,16.517111779094655,16.549394607543945,984800,0.0,0.0
2003-01-31 00:00:00-05:00,16.545359919137166,16.94487050671724,16.513075551113022,16.900480270385742,844600,0.0,0.0
2003-02-03 00:00:00-05:00,16.969079311072925,17.39683787705569,16.900477349981145,17.31209373474121,2085000,0.0,0.0
2003-02-04 00:00:00-05:00,17.23137712736792,17.23541190127661,16.763264844433355,16.944860458374023,2084400,0.0,0.0
2003-02-05 00:00:00-05:00,17.150662556658887,17.630880554060614,17.0497763063256,17.37261199951172,2653400,0.0,0.0
2003-02-06 00:00:00-05:00,17.23138427734375,17.34437646650172,17.090142501493162,17.23138427734375,1009200,0.0,0.0
2003-02-07 00:00:00-05:00,17.328224876300094,17.348403361467106,16.98117740670083,17.082063674926758,729600,0.0,0.0
2003-02-10 00:00:00-05:00,17.08207188161798,17.13856797266239,16.924687934476093,17.049787521362305,1090800,0.0,0.0
2003-02-11 00:00:00-05:00,17.069959813184965,17.142598064511922,16.78344312150787,16.8520450592041,798400,0.0,0.0
2003-02-12 00:00:00-05:00,16.86818564424076,17.078029290574392,16.654307224059494,16.662378311157227,515400,0.0,0.0
2003-02-13 00:00:00-05:00,16.66238410981727,16.80362433467429,16.509036480398937,16.674489974975586,776600,0.0,0.0
2003-02-14 00:00:00-05:00,16.68256227158908,17.138568878173828,16.634137268050072,17.138568878173828,953600,0.0,0.0
2003-02-18 00:00:00-05:00,17.067870870719325,17.419327188519866,16.974957202382893,17.314294815063477,749000,0.0225,0.0
2003-02-19 00:00:00-05:00,17.31429396387282,17.435485632221734,17.16886334543986,17.34661102294922,666800,0.0,0.0
2003-02-20 00:00:00-05:00,17.358734315649357,17.37893267374717,16.991118650539775,17.015356063842773,1096600,0.0,0.0
2003-02-21 00:00:00-05:00,17.03958732701576,17.673825039433765,16.98707038683729,17.544553756713867,1127800,0.0,0.0
2003-02-24 00:00:00-05:00,17.455687815450503,17.455687815450503,17.144628155805506,17.168867111206055,1225600,0.0,0.0
2003-02-25 00:00:00-05:00,17.128465020331145,17.28601432842413,16.67197485354813,17.249656677246094,1382800,0.0,0.0
2003-02-26 00:00:00-05:00,17.249658481238544,17.354690850606453,17.09614821120635,17.20522117614746,707200,0.0,0.0
2003-02-27 00:00:00-05:00,17.24965899386702,17.770784883727334,17.18098273640286,17.685949325561523,1048800,0.0,0.0
2003-02-28 00:00:00-05:00,17.685948561195584,17.976809797111727,17.649590906706067,17.81521987915039,770000,0.0,0.0
2003-03-03 00:00:00-05:00,17.85965858580941,18.29190987810117,17.843499284537472,17.900056838989258,855800,0.0,0.0
2003-03-04 00:00:00-05:00,17.932372670827565,18.06972364014896,17.673830032348633,17.673830032348633,750200,0.0,0.0
2003-03-05 00:00:00-05:00,17.677865238223358,17.904090768158703,17.637468537644175,17.85965347290039,754600,0.0,0.0
2003-03-06 00:00:00-05:00,17.653630933854824,17.831378605061065,17.54859702825089,17.75058364868164,1002600,0.0,0.0
2003-03-07 00:00:00-05:00,17.710183930384346,18.037402754629742,17.508197344290107,18.009124755859375,1033800,0.0,0.0
2003-03-10 00:00:00-05:00,17.944489316685004,17.964689210090153,17.677867058713364,17.681907653808594,694600,0.0,0.0
2003-03-11 00:00:00-05:00,17.681917681028292,17.71423475493928,17.354698639349916,17.374897003173828,790800,0.0,0.0
2003-03-12 00:00:00-05:00,17.374890764701444,17.976811653166607,17.374890764701444,17.9727725982666,1859000,0.0,0.0
2003-03-13 00:00:00-05:00,18.15859934451817,18.275751966213925,17.807143020466683,18.219194412231445,800400,0.0,0.0
2003-03-14 00:00:00-05:00,18.223234465597862,18.667604446411133,18.134359853020914,18.667604446411133,1661400,0.0,0.0
2003-03-17 00:00:00-05:00,18.62317541511898,19.261454205354916,18.54238195800653,19.14834213256836,2453800,0.0,0.0
2003-03-18 00:00:00-05:00,19.067539680727002,19.184692305194893,18.942307405499,19.087738037109375,1370400,0.0,0.0
2003-03-19 00:00:00-05:00,19.16852544244739,19.370512008666992,19.15236614730137,19.370512008666992,1098600,0.0,0.0
2003-03-20 00:00:00-05:00,19.29780775522046,19.580589417817617,19.08774142132075,19.572509765625,1011600,0.0,0.0
2003-03-21 00:00:00-05:00,19.713896439879772,20.077473020910457,19.604823465570565,19.875486373901367,1338200,0.0,0.0
2003-03-24 00:00:00-05:00,19.188728574076425,19.362437187608805,19.09581491537885,19.172569274902344,1402000,0.0,0.0
2003-03-25 00:00:00-05:00,19.172571936095128,19.43919424533281,19.02714130541352,19.09581756591797,1792600,0.0,0.0
2003-03-26 00:00:00-05:00,19.099861594675566,19.099861594675566,18.542379419932846,18.817081451416016,2814000,0.0,0.0
2003-03-27 00:00:00-05:00,18.582769619184955,18.740318941129733,18.36866428844315,18.61912727355957,2227400,0.0,0.0
2003-03-28 00:00:00-05:00,18.59488755116172,18.821113117987633,18.405021178235646,18.800914764404297,1372600,0.0,0.0
2003-03-31 00:00:00-05:00,18.58277600217907,18.86555768433251,18.485821710198735,18.675689697265625,1131600,0.0,0.0
2003-04-01 00:00:00-05:00,18.84535448049267,19.188731158493496,18.7120425559049,18.998863220214844,2147200,0.0,0.0
2003-04-02 00:00:00-05:00,19.37051940226296,19.620982408485443,19.083698738602067,19.103897094726562,2299000,0.0,0.0
2003-04-03 00:00:00-05:00,18.683762356654007,18.764557312889906,18.332306069218813,18.55449104309082,2738000,0.0,0.0
2003-04-04 00:00:00-05:00,18.90594580307066,18.90594580307066,18.647403196832542,18.813032150268555,1325400,0.0,0.0
2003-04-07 00:00:00-04:00,19.289720017329323,19.39071331584937,18.93018412116362,18.934223175048828,997200,0.0,0.0
2003-04-08 00:00:00-04:00,18.97058252486005,19.285682692395262,18.905946869654084,19.233165740966797,1139400,0.0,0.0
2003-04-09 00:00:00-04:00,19.2008491268956,19.4674714248001,19.03926074270133,19.047340393066406,1613200,0.0,0.0
2003-04-10 00:00:00-04:00,19.047336544861118,19.22912324772315,18.92614335490586,19.180646896362305,972800,0.0,0.0
2003-04-11 00:00:00-04:00,19.277610484915552,19.47151752539055,18.986749153684976,19.019067764282227,908400,0.0,0.0
2003-04-14 00:00:00-04:00,19.06753837110258,19.390716674130957,19.01502141528681,19.38263702392578,681000,0.0,0.0
2003-04-15 00:00:00-04:00,19.382637611325606,19.67753791809082,19.289723942703887,19.67753791809082,855000,0.0,0.0
2003-04-16 00:00:00-04:00,19.72196818644066,19.78660382593722,19.495742677685087,19.556339263916016,1103800,0.0,0.0
2003-04-17 00:00:00-04:00,19.612897323947553,20.045148497604075,19.612897323947553,20.016870498657227,1251200,0.0,0.0
2003-04-21 00:00:00-04:00,19.911840814886204,20.06939012753262,19.717933850010958,19.835084915161133,713200,0.0,0.0
2003-04-22 00:00:00-04:00,19.79064944353961,19.835085204881167,19.60482058441374,19.68561553955078,1578600,0.0,0.0
2003-04-23 00:00:00-04:00,19.91588252917816,19.99263843915512,18.845354254629825,19.24528694152832,3391400,0.0,0.0
2003-04-24 00:00:00-04:00,19.269531161364803,19.33820589850258,18.92615285256732,19.225093841552734,1560800,0.0,0.0
2003-04-25 00:00:00-04:00,19.067543795152403,19.313967802884214,18.966550450412228,19.168537139892578,1287000,0.0,0.0
2003-04-28 00:00:00-04:00,19.10793926812852,19.519992272669384,19.087740908707463,19.45535659790039,875200,0.0,0.0
2003-04-29 00:00:00-04:00,19.39071562061764,19.673497198292107,19.28972231009359,19.661376953125,939800,0.0,0.0
2003-04-30 00:00:00-04:00,19.677531983586665,19.677531983586665,19.390711413773072,19.507863998413086,1644800,0.0,0.0
2003-05-01 00:00:00-04:00,19.5078657522076,19.70581175270583,19.342236805632673,19.649255752563477,942800,0.0,0.0
2003-05-02 00:00:00-04:00,19.572506934595857,19.992639541625977,19.515950918464085,19.992639541625977,840600,0.0,0.0
2003-05-05 00:00:00-04:00,19.734093930205276,19.899722911841515,19.67753791809082,19.67753791809082,881600,0.0,0.0
2003-05-06 00:00:00-04:00,19.754299535747613,19.863370995754774,19.55635189510532,19.730060577392578,1218200,0.0,0.0
2003-05-07 00:00:00-04:00,19.730047935391596,19.907795559661714,19.390710441032127,19.786603927612305,1445200,0.0,0.0
2003-05-08 00:00:00-04:00,19.491703033630444,19.705808294029225,19.491703033630444,19.544219970703125,697000,0.0,0.0
2003-05-09 00:00:00-04:00,19.604826223530846,19.875489169937868,19.556349852919155,19.7906551361084,466400,0.0,0.0
2003-05-12 00:00:00-04:00,19.612898171076726,19.996673011834165,19.60481852230931,19.879520416259766,749000,0.0,0.0
2003-05-13 00:00:00-04:00,19.879530465929133,20.1178748314338,19.818935381094107,19.99668312072754,983800,0.0,0.0
2003-05-14 00:00:00-04:00,20.089592786482374,20.18654706021759,20.016877466439933,20.13806915283203,1013600,0.0,0.0
2003-05-15 00:00:00-04:00,20.19866359244594,20.55011990746449,20.15422628597684,20.489524841308594,1424200,0.0,0.0
2003-05-16 00:00:00-04:00,20.491533940993687,20.762435482759155,20.491533940993687,20.697742462158203,1543400,0.0225,0.0
2003-05-19 00:00:00-04:00,20.620926647948462,20.968652324482786,20.616884007655546,20.693706512451172,1452400,0.0,0.0
2003-05-20 00:00:00-04:00,20.697757053173405,21.029309210283497,20.645194997283426,20.940357208251953,1812800,0.0,0.0
2003-05-21 00:00:00-04:00,20.92418266936255,21.231474335220902,20.895879550496822,21.029308319091797,2446800,0.0,0.0
2003-05-22 00:00:00-04:00,21.005050881584275,21.045483470730506,20.823101145617414,20.93631362915039,1774000,0.0,0.0
2003-05-23 00:00:00-04:00,20.843319065976498,20.9969656930446,20.8231027698265,20.94844627380371,537200,0.0,0.0
2003-05-27 00:00:00-04:00,20.948437354344797,21.22742582419743,20.867570661771843,21.18294906616211,748400,0.0,0.0
2003-05-28 00:00:00-04:00,21.05356948094017,21.47003099413979,21.001005883164066,21.368947982788086,1382000,0.0,0.0
2003-05-29 00:00:00-04:00,21.20721540042416,21.385120939352227,20.83118648703168,21.029308319091797,1559200,0.0,0.0
2003-05-30 00:00:00-04:00,20.944393695971037,21.13443019691659,20.86352700137268,21.08591079711914,1139200,0.0,0.0
2003-06-02 00:00:00-04:00,21.267869280898893,21.421515921159784,21.110179998022694,21.18700408935547,1197000,0.0,0.0
2003-06-03 00:00:00-04:00,21.247646152145354,21.247646152145354,20.903964571361403,21.07782745361328,821600,0.0,0.0
2003-06-04 00:00:00-04:00,20.964608687870978,21.300204909864366,20.928218754671743,21.081865310668945,1207600,0.0,0.0
2003-06-05 00:00:00-04:00,21.025263559903543,21.279993146444763,20.912051095842617,21.09804344177246,847200,0.0,0.0
2003-06-06 00:00:00-04:00,21.126354935055687,21.631770124889556,21.126354935055687,21.22743797302246,1223800,0.0,0.0
2003-06-09 00:00:00-04:00,21.146568841890897,21.397254315815523,21.106136248240162,21.372995376586914,1133400,0.0,0.0
2003-06-10 00:00:00-04:00,21.44981079064227,21.656020959959758,21.393204561387765,21.550893783569336,857600,0.0,0.0
2003-06-11 00:00:00-04:00,21.449819046680915,21.47003534456677,21.08592105752153,21.18700408935547,2078000,0.0,0.0
2003-06-12 00:00:00-04:00,21.28807834062066,21.35277139261463,20.87970219670545,21.316381454467773,729000,0.0,0.0
2003-06-13 00:00:00-04:00,21.389163512190418,21.60750162093533,21.348729386567893,21.57111167907715,827400,0.0,0.0
2003-06-16 00:00:00-04:00,21.55898595592961,22.17761353252828,21.55898595592961,22.09674835205078,783200,0.0,0.0
2003-06-17 00:00:00-04:00,22.076525790410823,22.16952350438754,21.89053344726563,21.890533447265625,874600,0.0,0.0
2003-06-18 00:00:00-04:00,21.813708758527625,22.023961555182815,21.631759074652557,21.939050674438477,914000,0.0,0.0
2003-06-19 00:00:00-04:00,21.939045776581757,21.939045776581757,21.389155749327127,21.429588317871094,813200,0.0,0.0
2003-06-20 00:00:00-04:00,21.530675089150375,21.704537940962116,21.364899060958237,21.63984489440918,1322200,0.0,0.0
2003-06-23 00:00:00-04:00,21.643886472036296,21.692407411370944,21.2072088148512,21.348724365234375,731200,0.0,0.0
2003-06-24 00:00:00-04:00,21.36490803598505,21.599419849852318,21.30830178927242,21.490251541137695,514800,0.0,0.0
2003-06-25 00:00:00-04:00,21.490249729444887,21.73689099184239,21.267865861243543,21.279996871948242,789600,0.0,0.0
2003-06-26 00:00:00-04:00,21.32042626983422,21.611545804699674,21.271906861491367,21.57111167907715,448400,0.0,0.0
2003-06-27 00:00:00-04:00,21.67218958211293,21.684320588148502,21.27594449863622,21.348724365234375,662000,0.0,0.0
2003-06-30 00:00:00-04:00,21.449816566506893,21.55089958665292,21.195086923865638,21.31234359741211,752000,0.0,0.0
2003-07-01 00:00:00-04:00,21.069736235355258,21.385114633958068,20.701794256184026,21.3568115234375,1308400,0.0,0.0
2003-07-02 00:00:00-04:00,21.065700110564162,21.587288848083038,21.065700110564162,21.554943084716797,1556000,0.0,0.0
2003-07-03 00:00:00-04:00,21.611539502391036,21.935004701022134,21.57919221132606,21.813705444335938,747000,0.0,0.0
2003-07-07 00:00:00-04:00,21.79349663116162,22.33934424461123,21.75710668743803,22.23421859741211,1284200,0.0,0.0
2003-07-08 00:00:00-04:00,22.319132348391733,22.949889440641595,22.29891605176403,22.840721130371094,1889000,0.0,0.0
2003-07-09 00:00:00-04:00,22.844761906126244,22.96606121838585,22.238263802423777,22.610248565673828,2213000,0.0,0.0
2003-07-10 00:00:00-04:00,22.581938929896268,22.610242043178612,22.238257387236928,22.48085594177246,890800,0.0,0.0
2003-07-11 00:00:00-04:00,22.52129006246438,22.666849812147298,22.408076066931002,22.48085594177246,1488000,0.0,0.0
2003-07-14 00:00:00-04:00,22.622371873953792,22.743671144912543,22.52128889108751,22.553634643554688,961800,0.0,0.0
2003-07-15 00:00:00-04:00,22.53342602733571,22.59407645466647,22.23826380196184,22.28678321838379,1226200,0.0,0.0
2003-07-16 00:00:00-04:00,22.359568794847245,22.359568794847245,21.680290622746153,21.801589965820312,2115000,0.0,0.0
2003-07-17 00:00:00-04:00,21.805625816511434,21.805625816511434,21.393206973774465,21.425554275512695,1246200,0.0,0.0
2003-07-18 00:00:00-04:00,21.429607062417393,21.530690114598606,21.28809140632568,21.421520233154297,1146800,0.0,0.0
2003-07-21 00:00:00-04:00,21.42555482479847,21.457900584961706,21.14656473856864,21.364904403686523,783800,0.0,0.0
2003-07-22 00:00:00-04:00,21.40937923174729,21.490245938427428,21.247645818387024,21.336599349975586,1975000,0.0,0.0
2003-07-23 00:00:00-04:00,21.591321676854214,21.627711605505233,21.22742239034401,21.429588317871094,2420600,0.0,0.0
2003-07-24 00:00:00-04:00,21.530685063948408,21.583248670625704,21.11422348022461,21.11422348022461,1533000,0.0,0.0
2003-07-25 00:00:00-04:00,21.118265717854467,21.441731094274076,21.025269518534117,21.372995376586914,1047200,0.0,0.0
2003-07-28 00:00:00-04:00,21.37299153447587,21.49024819435079,21.18699916927004,21.344688415527344,1230200,0.0,0.0
2003-07-29 00:00:00-04:00,21.3406425413557,21.4336387165937,20.883748490282592,21.009090423583984,1339000,0.0,0.0
2003-07-30 00:00:00-04:00,21.03739170827389,21.065694822516182,20.78266368009327,20.827138900756836,914400,0.0,0.0
2003-07-31 00:00:00-04:00,20.823092920624205,21.292117864518815,20.78266034744859,20.912046432495117,1633200,0.0,0.0
2003-08-01 00:00:00-04:00,20.91205247079942,20.9241819377737,20.620932924182778,20.661365509033203,1533800,0.0,0.0
2003-08-04 00:00:00-04:00,20.661364784002576,20.72605784293565,20.382376256554476,20.588584899902344,1864200,0.0,0.0
2003-08-05 00:00:00-04:00,20.620927221486877,20.661359795155718,20.350025584617256,20.414718627929688,993400,0.0,0.0
2003-08-06 00:00:00-04:00,20.297472461341204,20.576461065148724,20.155955295788853,20.475378036499023,2120800,0.0,0.0
2003-08-07 00:00:00-04:00,20.438979834765718,20.536020181759362,20.232771218209713,20.487499237060547,889800,0.0,0.0
2003-08-08 00:00:00-04:00,20.515804847358957,20.746273946989092,20.45919707590947,20.722013473510742,980200,0.0,0.0
2003-08-11 00:00:00-04:00,20.66136291901702,20.87970255160942,20.588583041486217,20.84735679626465,1007400,0.0,0.0
2003-08-12 00:00:00-04:00,20.855444350039527,20.936309512431425,20.762446636961453,20.920137405395508,786000,0.0,0.0
2003-08-13 00:00:00-04:00,20.984832897267324,21.053568601762056,20.649236573239786,20.831186294555664,732600,0.0,0.0
2003-08-14 00:00:00-04:00,20.924180231355248,21.12230358273507,20.810967769083415,21.089956283569336,704200,0.0,0.0
2003-08-15 00:00:00-04:00,21.081868252055727,21.170821777265694,20.94439532327852,21.134431838989258,325000,0.0,0.0
2003-08-18 00:00:00-04:00,21.104082347273955,21.245719862195337,21.059567258660625,21.164783477783203,477800,0.0225,0.0
2003-08-19 00:00:00-04:00,21.19715449096298,21.213340529683812,20.893644266754535,21.087890625,839600,0.0,0.0
2003-08-20 00:00:00-04:00,21.10407660746758,21.40353914149272,21.071701445014746,21.294275283813477,1050600,0.0,0.0
2003-08-21 00:00:00-04:00,21.29023951007922,21.448064644427657,21.148600421092922,21.176929473876953,526800,0.0,0.0
2003-08-22 00:00:00-04:00,21.25381723313669,21.286190866111838,20.800575565350904,20.877464294433594,603600,0.0,0.0
2003-08-25 00:00:00-04:00,20.82080972617102,20.92197983995831,20.679170640628758,20.760107040405273,679000,0.0,0.0
2003-08-26 00:00:00-04:00,20.756057539197442,20.836993925809946,20.61846614507614,20.78843116760254,816000,0.0,0.0
2003-08-27 00:00:00-04:00,20.719635332997676,20.869366638232343,20.67916636960107,20.796524047851562,830400,0.0,0.0
2003-08-28 00:00:00-04:00,20.841041684376798,20.9664931706481,20.81271417840155,20.93816566467285,684400,0.0,0.0
2003-08-29 00:00:00-04:00,20.849129672224866,21.043376034992235,20.841035880809617,20.98672103881836,669000,0.0,0.0
2003-09-02 00:00:00-04:00,21.035282104517968,21.407588788493847,21.011000730432738,21.375213623046875,863000,0.0,0.0
2003-09-03 00:00:00-04:00,21.37521804813625,21.694915926310966,21.322609165260282,21.581605911254883,1176800,0.0,0.0
2003-09-04 00:00:00-04:00,21.581611831666223,21.6180315947253,21.383317707187544,21.561376571655273,703200,0.0,0.0
2003-09-05 00:00:00-04:00,21.488529570438747,21.609934930780923,21.253815730825995,21.342845916748047,693200,0.0,0.0
2003-09-08 00:00:00-04:00,21.439969028838764,21.54518680528984,21.237628813530282,21.286190032958984,785200,0.0,0.0
2003-09-09 00:00:00-04:00,21.185021762162194,21.213349271262864,20.816762600120004,20.88555908203125,2357800,0.0,0.0
2003-09-10 00:00:00-04:00,20.92602651110836,21.18097563674787,20.812716474705677,20.88555908203125,1330800,0.0,0.0
2003-09-11 00:00:00-04:00,20.90983709264998,21.027194787933208,20.82485457278281,20.901744842529297,1486800,0.0,0.0
2003-09-12 00:00:00-04:00,20.84103442938726,21.051468360329974,20.800567018862136,21.015047073364258,992600,0.0,0.0
2003-09-15 00:00:00-04:00,20.901737088907705,21.11216947611766,20.901737088907705,21.015047073364258,971200,0.0,0.0
2003-09-16 00:00:00-04:00,21.06361338320132,21.338796163962694,20.954349495804912,21.164783477783203,1382000,0.0,0.0
2003-09-17 00:00:00-04:00,21.164784750763214,21.330703654107555,21.104083616603024,21.314516067504883,883600,0.0,0.0
2003-09-18 00:00:00-04:00,21.286184729464093,21.775849101747106,21.261904897665776,21.58969497680664,981000,0.0,0.0
2003-09-19 00:00:00-04:00,21.609934215697407,21.925584437182156,21.589698960487784,21.91344451904297,1326800,0.0,0.0
2003-09-22 00:00:00-04:00,21.81226987679532,22.034843744164064,21.735379627966417,21.966047286987305,1073000,0.0,0.0
2003-09-23 00:00:00-04:00,21.93368377003326,22.06722753449149,21.812279926780242,22.02676010131836,989000,0.0,0.0
2003-09-24 00:00:00-04:00,22.176480827690682,22.24932340747688,22.018655752731547,22.083404541015625,1466600,0.0,0.0
2003-09-25 00:00:00-04:00,22.136020065452197,22.257423886998243,22.0753173828125,22.0753173828125,871400,0.0,0.0
2003-09-26 00:00:00-04:00,22.119827409017525,22.237185078571663,22.03889103195491,22.216951370239258,1144800,0.0,0.0
2003-09-29 00:00:00-04:00,22.12792652897063,22.714713474292545,22.055083926448827,22.362640380859375,1292200,0.0,0.0
2003-09-30 00:00:00-04:00,22.26146917035405,22.3626392751059,22.067222754478497,22.245283126831055,1144600,0.0,0.0
2003-10-01 00:00:00-04:00,22.257423857820466,22.658058166503906,22.196721175260347,22.658058166503906,893400,0.0,0.0
2003-10-02 00:00:00-04:00,22.65401253176103,22.856352766818276,22.50023352087215,22.84825897216797,876600,0.0,0.0
2003-10-03 00:00:00-04:00,22.949422531140613,23.208417711000095,22.68638122697903,23.018218994140625,1258000,0.0,0.0
2003-10-06 00:00:00-04:00,22.864437075690603,23.22864996518589,22.864437075690603,23.204368591308594,915200,0.0,0.0
2003-10-07 00:00:00-04:00,23.18009793139286,23.451234661945232,22.99799294620819,23.418859481811523,1079600,0.0,0.0
2003-10-08 00:00:00-04:00,23.41481244185123,23.50788876550083,23.20842453589183,23.426952362060547,684800,0.0,0.0
2003-10-09 00:00:00-04:00,23.633344376625292,23.831636978606554,23.556454085309742,23.730466842651367,1194000,0.0,0.0
2003-10-10 00:00:00-04:00,23.774970147381712,24.167510574022405,23.738548854768318,24.074434280395508,994600,0.0,0.0
2003-10-13 00:00:00-04:00,24.01778375290966,24.313201835748774,23.916613641829613,24.151329040527344,912000,0.0,0.0
2003-10-14 00:00:00-04:00,23.309589963899725,23.39052635105398,22.933237075805664,22.933237075805664,4187000,0.0,0.0
2003-10-15 00:00:00-04:00,22.933243192531748,23.09106988425781,22.714716895783347,22.787559509277344,2184600,0.0,0.0
2003-10-16 00:00:00-04:00,22.803733869281093,23.00202789188678,22.54069260534503,22.949419021606445,1246600,0.0,0.0
2003-10-17 00:00:00-04:00,23.01013272488842,23.265081863800564,22.78351109655168,22.92110252380371,842400,0.0,0.0
2003-10-20 00:00:00-04:00,22.840161487480525,22.94537925720215,22.6782902518266,22.94537925720215,647400,0.0,0.0
2003-10-21 00:00:00-04:00,22.94537399027356,22.94537399027356,22.61353625806051,22.698518753051758,965400,0.0,0.0
2003-10-22 00:00:00-04:00,22.65805641401113,22.783506350790187,22.577120024768796,22.70256996154785,660600,0.0,0.0
2003-10-23 00:00:00-04:00,22.662102258793443,22.868488582264842,22.51237094397171,22.560932159423828,725800,0.0,0.0
2003-10-24 00:00:00-04:00,22.560938388200963,22.625687207924482,22.32622295186969,22.605453491210938,614200,0.0,0.0
2003-10-27 00:00:00-05:00,22.621639044974046,22.921101730328292,22.4921414171884,22.65401268005371,1355600,0.0,0.0
2003-10-28 00:00:00-05:00,22.94538350076324,23.4390926361084,22.783510691439027,23.4390926361084,1713600,0.0,0.0
2003-10-29 00:00:00-05:00,23.503847676054917,23.920668159042094,23.224617101543345,23.402677536010742,1679800,0.0,0.0
2003-10-30 00:00:00-05:00,23.44313223302958,23.55239611013967,23.337914480079277,23.410757064819336,1195600,0.0,0.0
2003-10-31 00:00:00-05:00,23.41076978872851,23.431005051724405,23.317693445135927,23.402677536010742,846800,0.0,0.0
2003-11-03 00:00:00-05:00,23.40266879348858,23.742598855065047,23.362199826348583,23.588821411132812,1280400,0.0,0.0
2003-11-04 00:00:00-05:00,23.511932576651542,23.532167833319924,23.321733822582157,23.47955894470215,1394000,0.0,0.0
2003-11-05 00:00:00-05:00,23.46336857463601,23.491696078132733,23.374338395798787,23.422901153564453,817200,0.0,0.0
2003-11-06 00:00:00-05:00,23.430996652340532,23.487651663458553,23.22460877614399,23.455276489257812,682200,0.0,0.0
2003-11-07 00:00:00-05:00,23.41885323897496,23.491695831124375,23.31363701905533,23.374338150024414,868800,0.0,0.0
2003-11-10 00:00:00-05:00,23.414814571522104,23.431002162429188,23.07083521154798,23.167959213256836,988200,0.0,0.0
2003-11-11 00:00:00-05:00,23.167952047844366,23.167952047844366,22.95347193772793,22.9858455657959,567200,0.0,0.0
2003-11-12 00:00:00-05:00,22.965619750441242,23.346018887479755,22.933244567510123,23.289363861083984,1552600,0.0,0.0
2003-11-13 00:00:00-05:00,23.297453281231316,23.402671062262403,23.111300645540503,23.309593200683594,924400,0.0,0.0
2003-11-14 00:00:00-05:00,23.32982539123651,23.42290169684648,23.058688723822083,23.111297607421875,935000,0.0,0.0
2003-11-17 00:00:00-05:00,23.06273302652753,23.20841665074327,22.90895406661133,23.13962173461914,675000,0.0,0.0
2003-11-18 00:00:00-05:00,23.117348135536137,23.327946296739004,22.744748180052635,22.77309799194336,663800,0.0225,0.0
2003-11-19 00:00:00-05:00,22.781205244121313,22.931054517141266,22.659705791809202,22.805505752563477,584200,0.0,0.0
2003-11-20 00:00:00-05:00,22.57870374290078,22.967502575578163,22.51795324937965,22.809553146362305,1011000,0.0,0.0
2003-11-21 00:00:00-05:00,22.971546516378552,23.072796278464217,22.85004556591675,22.979646682739258,440600,0.0,0.0
2003-11-24 00:00:00-05:00,22.777150856686738,23.319849731376916,22.777150856686738,23.080900192260742,698800,0.0,0.0
2003-11-25 00:00:00-05:00,22.98370244195626,23.46565088852218,22.90270230057186,23.311752319335938,637600,0.0,0.0
2003-11-26 00:00:00-05:00,23.41300705778468,23.44945705186331,23.044457804300553,23.24290657043457,547200,0.0,0.0
2003-11-28 00:00:00-05:00,23.186203332559028,23.267203478518525,23.016104416498443,23.198352813720703,213800,0.0,0.0
2003-12-01 00:00:00-05:00,23.226701098753132,23.441351703108783,23.165952152008433,23.3603515625,697200,0.0,0.0
2003-12-02 00:00:00-05:00,23.368451826200477,23.473750927956193,23.226701193320675,23.25910186767578,905600,0.0,0.0
2003-12-03 00:00:00-05:00,23.360354155857614,23.720803199385426,23.34820467414973,23.534503936767578,1157000,0.0,0.0
2003-12-04 00:00:00-05:00,23.59120537743147,23.59120537743147,23.30365629211675,23.32390594482422,732000,0.0,0.0
2003-12-05 00:00:00-05:00,23.28339554855272,23.412995118086197,23.007996077056884,23.336044311523438,699600,0.0,0.0
2003-12-08 00:00:00-05:00,23.327944145309004,23.469694736638505,23.186195098928238,23.336044311523438,630200,0.0,0.0
2003-12-09 00:00:00-05:00,23.40894950424576,23.489949639578953,23.072801028294275,23.113300323486328,602200,0.0,0.0
2003-12-10 00:00:00-05:00,23.11734294982668,23.344141394076804,23.11734294982668,23.255041122436523,1353600,0.0,0.0
2003-12-11 00:00:00-05:00,23.25505047363472,23.489950722434664,23.25505047363472,23.457550048828125,628000,0.0,0.0
2003-12-12 00:00:00-05:00,23.449449785007886,23.587149548304808,23.327948812431927,23.562849044799805,552400,0.0,0.0
2003-12-15 00:00:00-05:00,23.672203472294097,23.69245312323862,23.23075428392638,23.27125358581543,947200,0.0,0.0
2003-12-16 00:00:00-05:00,23.23885259914452,23.583101272583008,23.23885259914452,23.583101272583008,786200,0.0,0.0
2003-12-17 00:00:00-05:00,23.54259859953131,23.574997724823856,23.315798542687546,23.485898971557617,784400,0.0,0.0
2003-12-18 00:00:00-05:00,23.55070371845682,23.696502130349813,23.449453920088477,23.570953369140625,864000,0.0,0.0
2003-12-19 00:00:00-05:00,23.631701665796882,23.8949517522334,23.489952569992155,23.870651245117188,1024000,0.0,0.0
2003-12-22 00:00:00-05:00,23.87065041809085,24.39715057272268,23.83420043115402,24.368799209594727,1400200,0.0,0.0
2003-12-23 00:00:00-05:00,24.389049069147184,24.494348167340977,24.27564825768948,24.324249267578125,872800,0.0,0.0
2003-12-24 00:00:00-05:00,24.202755192809896,24.39310534014082,24.190605709346077,24.312105178833008,267000,0.0,0.0
2003-12-26 00:00:00-05:00,24.30804981460533,24.36070013809076,24.2553994911199,24.299949645996094,184400,0.0,0.0
2003-12-29 00:00:00-05:00,24.32019853020161,24.498399144102187,24.32019853020161,24.380949020385742,773800,0.0,0.0
2003-12-30 00:00:00-05:00,24.340442198695634,24.575342388418655,24.210842626761817,24.526742935180664,1359200,0.0,0.0
2003-12-31 00:00:00-05:00,24.40120371025462,24.644202631298118,24.360704405063856,24.522703170776367,769400,0.0,0.0
2004-01-02 00:00:00-05:00,24.51054538823236,24.826444187606366,24.437645427615443,24.502445220947266,848200,0.0,0.0
2004-01-05 00:00:00-05:00,24.50244725036065,24.692797334953763,24.332348358132045,24.559146881103516,1405400,0.0,0.0
2004-01-06 00:00:00-05:00,24.563203908093474,24.648253375573105,24.364753605691547,24.623952865600586,1065800,0.0,0.0
2004-01-07 00:00:00-05:00,24.50245104587919,24.567250854615775,24.340450751563075,24.401201248168945,1775400,0.0,0.0
2004-01-08 00:00:00-05:00,24.239201272693556,24.44170087077771,24.20680214037374,24.255401611328125,2285600,0.0,0.0
2004-01-09 00:00:00-05:00,24.2553994911199,24.498399914549374,24.17439934997674,24.299949645996094,1312600,0.0,0.0
2004-01-12 00:00:00-05:00,24.372847143314416,24.474096923223517,24.19869739827484,24.34044647216797,1614800,0.0,0.0
2004-01-13 00:00:00-05:00,24.380947226227622,24.538896635144127,24.299947093592507,24.441696166992188,1332400,0.0,0.0
2004-01-14 00:00:00-05:00,24.54294850640722,24.956047835478923,24.522698857373637,24.87099838256836,1129800,0.0,0.0
2004-01-15 00:00:00-05:00,24.846692315184335,25.01679272788013,24.664443969726562,24.664443969726562,907000,0.0,0.0
2004-01-16 00:00:00-05:00,24.688739589002445,24.785940032401065,24.611790332317153,24.72924041748047,1227800,0.0,0.0
2004-01-20 00:00:00-05:00,24.648253608092325,24.798102891962817,24.49435346671347,24.575353622436523,651600,0.0,0.0
2004-01-21 00:00:00-05:00,24.50244662739975,24.842645948156648,24.453847165848483,24.69279670715332,1084600,0.0,0.0
2004-01-22 00:00:00-05:00,24.725201242007167,25.045150985854598,24.684701939346457,24.996551513671875,835800,0.0,0.0
2004-01-23 00:00:00-05:00,25.069444253997652,25.190943671838326,24.737345124256976,24.90744400024414,586000,0.0,0.0
2004-01-26 00:00:00-05:00,24.935794193182666,25.093743593279182,24.63609572760182,25.077543258666992,683600,0.0,0.0
2004-01-27 00:00:00-05:00,25.17879044281179,25.340790682373335,25.109941345214843,25.312440872192383,711000,0.0,0.0
2004-01-28 00:00:00-05:00,25.251698551024948,25.52709812024917,25.207149938460123,25.280048370361328,1387200,0.0,0.0
2004-01-29 00:00:00-05:00,25.109949354064057,25.429899079524635,24.862899605162834,25.381298065185547,1397400,0.0,0.0
2004-01-30 00:00:00-05:00,25.29218729364136,25.923986275700443,25.26383748787094,25.875385284423828,1303000,0.0,0.0
2004-02-02 00:00:00-05:00,25.863242497451573,26.041443088319024,25.53519267376744,25.745792388916016,1565600,0.0,0.0
2004-02-03 00:00:00-05:00,25.74578810385151,25.786287388699545,25.38533921587847,25.676939010620117,1141200,0.0,0.0
2004-02-04 00:00:00-05:00,25.676945693471346,25.717444988859995,25.433945286292193,25.555444717407227,1260200,0.0,0.0
2004-02-05 00:00:00-05:00,25.474444553661222,25.506843678981777,25.049194253592876,25.15044403076172,2046400,0.0,0.0
2004-02-06 00:00:00-05:00,25.7376893074162,26.56388619489901,25.68503899835324,26.4869384765625,2701000,0.0,0.0
2004-02-09 00:00:00-05:00,26.20343602331997,26.523385628030848,25.976637555128924,26.00093650817871,1321800,0.0,0.0
2004-02-10 00:00:00-05:00,25.91994758112489,26.235846447886082,25.757947290763152,26.04954719543457,1236400,0.0,0.0
2004-02-11 00:00:00-05:00,26.049541310636936,26.551739316399136,25.93209120390505,26.503141403198242,1192200,0.0,0.0
2004-02-12 00:00:00-05:00,26.365437174394092,26.644887503817785,26.34113822049551,26.482887268066406,573800,0.0,0.0
2004-02-13 00:00:00-05:00,26.381641242002225,26.588191649075533,26.26824198789074,26.333040237426758,589800,0.0,0.0
2004-02-17 00:00:00-05:00,26.72994043452857,26.770439726298275,26.507189694948337,26.72184181213379,512000,0.0,0.0
2004-02-18 00:00:00-05:00,26.537358638567053,26.71981751438925,26.387340402094285,26.460323333740234,770400,0.0375,0.0
2004-02-19 00:00:00-05:00,26.55763216749057,27.153658911081344,26.55763216749057,26.825237274169922,1315200,0.0,0.0
2004-02-20 00:00:00-05:00,27.02796608428405,27.161765538236835,26.431939367297772,26.55357551574707,905000,0.0,0.0
2004-02-23 00:00:00-05:00,26.577901969633405,26.630610651506938,26.334623515659445,26.504919052124023,775600,0.0,0.0
2004-02-24 00:00:00-05:00,26.504921373956105,26.504921373956105,26.184607602017334,26.346792221069336,930800,0.0,0.0
2004-02-25 00:00:00-05:00,26.371127039599696,26.618457964620855,26.363016104744585,26.484655380249023,669800,0.0,0.0
2004-02-26 00:00:00-05:00,26.517078680823428,26.63060696045522,26.354894098457887,26.464366912841797,585600,0.0,0.0
2004-02-27 00:00:00-05:00,26.435993232407224,27.21447885613183,26.395447847302147,27.109058380126953,1317600,0.0,0.0
2004-03-01 00:00:00-05:00,27.1252774395039,27.328007460586267,26.865783259991638,26.963092803955078,817800,0.0,0.0
2004-03-02 00:00:00-05:00,26.963090467506955,27.105000851284647,26.869833304787697,26.99958038330078,945200,0.0,0.0
2004-03-03 00:00:00-05:00,26.959037337377335,27.121221972926158,26.873891099732496,26.963092803955078,665800,0.0,0.0
2004-03-04 00:00:00-05:00,26.963092690163567,27.498299819825718,26.833345600955003,27.465862274169922,843600,0.0,0.0
2004-03-05 00:00:00-05:00,27.530734511255027,28.118650271595193,27.429369511650563,28.037559509277344,1521800,0.0,0.0
2004-03-08 00:00:00-05:00,27.956466337316243,27.97268510885936,27.672645568847656,27.672645568847656,715200,0.0,0.0
2004-03-09 00:00:00-05:00,27.692919806630144,27.733465188780745,27.567225100524595,27.672645568847656,877400,0.0,0.0
2004-03-10 00:00:00-05:00,27.907805304157186,28.118643088371293,27.69291205483891,27.745620727539062,924400,0.0,0.0
2004-03-11 00:00:00-05:00,27.73346117600611,27.851044932619637,27.46991159003882,27.530731201171875,920000,0.0,0.0
2004-03-12 00:00:00-05:00,27.352335998682634,27.972689411917926,27.25908191473234,27.883487701416016,991600,0.0,0.0
2004-03-15 00:00:00-05:00,27.814557996102504,27.814557996102504,27.319896254654154,27.323951721191406,903800,0.0,0.0
2004-03-16 00:00:00-05:00,27.36044431323849,27.69697378871458,27.36044431323849,27.664539337158203,931000,0.0,0.0
2004-03-17 00:00:00-05:00,27.623989711271715,27.956466799870654,27.587499794756738,27.851049423217773,641600,0.0,0.0
2004-03-18 00:00:00-05:00,27.928086392081397,28.64169692737295,27.851051088139844,28.520057678222656,1438400,0.0,0.0
2004-03-19 00:00:00-05:00,28.520056319126024,28.544386023845437,28.20785346485942,28.25650978088379,967400,0.0,0.0
2004-03-22 00:00:00-05:00,28.260561281525995,28.31327306227899,27.87132004558886,28.297054290771484,987600,0.0,0.0
2004-03-23 00:00:00-05:00,28.382207142868054,28.52817302707601,28.151095008441306,28.349769592285156,1002800,0.0,0.0
2004-03-24 00:00:00-05:00,28.329493887413882,28.47951212125815,28.23623671783901,28.284893035888672,1092000,0.0,0.0
2004-03-25 00:00:00-05:00,28.32136217047487,28.341636394804116,28.09430570636641,28.199726104736328,863400,0.0,0.0
2004-03-26 00:00:00-05:00,28.159194680596634,28.479508439498062,28.07810392107833,28.305160522460938,570800,0.0,0.0
2004-03-29 00:00:00-05:00,28.159199060421717,28.516005881993326,28.159199060421717,28.471405029296875,508400,0.0,0.0
2004-03-30 00:00:00-05:00,28.57276069268041,28.73088981198916,28.471395713974104,28.67412567138672,526000,0.0,0.0
2004-03-31 00:00:00-05:00,28.64170029492501,28.78766617370148,28.62142605321134,28.706575393676758,1032200,0.0,0.0
2004-04-01 00:00:00-05:00,28.787674293973186,28.787674293973186,28.536287855522872,28.641708374023438,1894600,0.0,0.0
2004-04-02 00:00:00-05:00,28.645740613739616,28.645740613739616,27.89969283968832,27.936185836791992,1979800,0.0,0.0
2004-04-05 00:00:00-04:00,27.93620573372091,27.93620573372091,27.11717447553918,27.571290969848633,2470000,0.0,0.0
2004-04-06 00:00:00-04:00,27.571273259142167,28.02944183349609,27.518564585657977,28.029441833496094,1134000,0.0,0.0
2004-04-07 00:00:00-04:00,27.83077402172078,28.061886096897968,27.806447411727696,27.855100631713867,911400,0.0,0.0
2004-04-08 00:00:00-04:00,27.956470039520532,28.321384714029417,27.944306732606034,28.14298439025879,1224000,0.0,0.0
2004-04-12 00:00:00-04:00,28.138922857752046,28.24434331731085,27.879428721464304,27.891592025756836,618800,0.0,0.0
2004-04-13 00:00:00-04:00,27.89565230129791,27.89565230129791,27.16582298377104,27.28746223449707,1662000,0.0,0.0
2004-04-14 00:00:00-04:00,27.182040695568134,27.182040695568134,26.577906118954303,26.78874397277832,1875600,0.0,0.0
2004-04-15 00:00:00-04:00,26.788736223677866,27.104994459638046,26.760354153615122,26.861719131469727,1247400,0.0,0.0
2004-04-16 00:00:00-04:00,26.96308931574916,27.22258346169075,26.723869406658785,27.153656005859375,1960200,0.0,0.0
2004-04-19 00:00:00-04:00,27.157711884486982,27.24285811241001,26.849561421469648,26.995527267456055,786800,0.0,0.0
2004-04-20 00:00:00-04:00,26.971195817246905,27.725351608191605,26.971195817246905,27.015796661376953,1671400,0.0,0.0
2004-04-21 00:00:00-04:00,26.96714496074228,26.991471570393777,26.5170841217041,26.5170841217041,1531600,0.0,0.0
2004-04-22 00:00:00-04:00,26.557632916970196,27.43342809800244,26.557632916970196,27.28746223449707,1325600,0.0,0.0
2004-04-23 00:00:00-04:00,27.064456633042436,27.0887832446177,26.861726620809907,26.934709548950195,785400,0.0,0.0
2004-04-26 00:00:00-04:00,26.96309632751576,27.109062209243184,26.861731303728106,26.894168853759766,751200,0.0,0.0
2004-04-27 00:00:00-04:00,26.995516995095702,27.327993941458228,26.886041105556632,27.25095558166504,1011600,0.0,0.0
2004-04-28 00:00:00-04:00,27.656426593312297,27.92808405447341,26.233261108398438,26.233261108398438,1885800,0.0,0.0
2004-04-29 00:00:00-04:00,26.24948725392278,26.423835228935786,25.819700517413366,25.949447631835938,1534200,0.0,0.0
2004-04-30 00:00:00-04:00,26.21299126791467,26.302192968473225,25.78320308405929,26.156227111816406,1323400,0.0,0.0
2004-05-03 00:00:00-04:00,26.15622372095753,26.75630274860698,26.115678342345667,26.715757369995117,1926400,0.0,0.0
2004-05-04 00:00:00-04:00,26.71169664854803,26.71169664854803,26.330566452487446,26.42382049560547,1855200,0.0,0.0
2004-05-05 00:00:00-04:00,26.56574351645477,26.719820329168797,26.371124407173326,26.419780731201172,1025800,0.0,0.0
2004-05-06 00:00:00-04:00,26.338679551578682,26.517082930110774,26.15216833466518,26.427881240844727,869000,0.0,0.0
2004-05-07 00:00:00-04:00,26.184603194426302,26.306239318179856,25.329082489013672,25.329082489013672,1880400,0.0,0.0
2004-05-10 00:00:00-04:00,25.22772267129432,25.85618538627527,25.033102049367088,25.71427345275879,1909200,0.0,0.0
2004-05-11 00:00:00-04:00,25.584529142161074,25.762932558278383,25.503438367606712,25.673730850219727,1130600,0.0,0.0
2004-05-12 00:00:00-04:00,25.483160376660997,25.90889461394893,25.402069614041537,25.888620376586914,1029800,0.0,0.0
2004-05-13 00:00:00-04:00,25.685882182869094,26.01025131670232,25.604791446117446,25.653446197509766,1742600,0.0,0.0
2004-05-14 00:00:00-04:00,25.462884273670586,25.925108364169347,25.454774889153963,25.82779884338379,1197200,0.0,0.0
2004-05-17 00:00:00-04:00,25.341244925036822,25.92510665129521,25.304753470476495,25.779142379760742,1408600,0.0,0.0
2004-05-18 00:00:00-04:00,25.777124730487824,26.381972931787786,25.777124730487824,26.345439910888672,1469000,0.0375,0.0
2004-05-19 00:00:00-04:00,26.345435588088314,26.69048303837229,26.337315075619664,26.41850471496582,1478600,0.0,0.0
2004-05-20 00:00:00-04:00,26.41850300034524,26.52810513501404,26.317018280550187,26.321075439453125,1229200,0.0,0.0
2004-05-21 00:00:00-04:00,26.37384126780199,26.386018934856605,25.93542667143447,25.95978355407715,2264800,0.0,0.0
2004-05-24 00:00:00-04:00,26.06126103332786,26.446904623009132,26.008490121863915,26.227697372436523,1400400,0.0,0.0
2004-05-25 00:00:00-04:00,26.284553921109833,26.64177917605799,26.126237936763665,26.63772201538086,1622200,0.0,0.0
2004-05-26 00:00:00-04:00,26.46721916297266,26.771673385386006,26.46721916297266,26.662071228027344,1100600,0.0,0.0
2004-05-27 00:00:00-04:00,26.662064504591346,26.735133623427277,26.536224448789138,26.564640045166016,896400,0.0,0.0
2004-05-28 00:00:00-04:00,26.56057615017569,26.625524748537725,26.426615601153163,26.54433822631836,720000,0.0,0.0
2004-06-01 00:00:00-04:00,26.544351431133915,26.57276703775312,26.349502442050476,26.487520217895508,1306800,0.0,0.0
2004-06-02 00:00:00-04:00,26.588992835088934,26.9543383942212,26.467209949689035,26.824438095092773,1758200,0.0,0.0
2004-06-03 00:00:00-04:00,26.816319492465976,26.816319492465976,26.479392600077414,26.503747940063477,1025400,0.0,0.0
2004-06-04 00:00:00-04:00,26.588997213612384,26.877213452982012,26.487512491423022,26.702659606933594,759600,0.0,0.0
2004-06-07 00:00:00-04:00,26.76761288671482,26.76761288671482,26.515929645969496,26.666128158569336,868000,0.0,0.0
2004-06-08 00:00:00-04:00,26.584938204629314,27.145135879516598,26.56870027666915,27.1451358795166,1196800,0.0,0.0
2004-06-09 00:00:00-04:00,27.015236102457724,27.181669447565888,26.840682244670248,26.917808532714844,778400,0.0,0.0
2004-06-10 00:00:00-04:00,26.92186004966061,26.92186004966061,26.66611973050749,26.791959762573242,849600,0.0,0.0
2004-06-14 00:00:00-04:00,26.787905343012543,26.787905343012543,26.268304081473456,26.42255973815918,1259800,0.0,0.0
2004-06-15 00:00:00-04:00,26.68236638407137,27.112660645141663,26.633652599074143,26.85692024230957,1018800,0.0,0.0
2004-06-16 00:00:00-04:00,26.921864712343115,27.035527096096715,26.69453994483592,26.909687042236328,541800,0.0,0.0
2004-06-17 00:00:00-04:00,26.913747628520014,26.913747628520014,26.45097757637216,26.536224365234375,1222000,0.0,0.0
2004-06-18 00:00:00-04:00,26.365718176318293,26.848786235955778,26.325124924422692,26.597103118896484,837400,0.0,0.0
2004-06-21 00:00:00-04:00,26.568697039175778,26.81631999052533,26.507808688079745,26.751371383666992,672000,0.0,0.0
2004-06-22 00:00:00-04:00,26.609301619262112,26.670189989159663,26.312964798463156,26.629596710205078,1035800,0.0,0.0
2004-06-23 00:00:00-04:00,26.62957895923961,26.653937388030247,26.325124924422692,26.597103118896484,939400,0.0,0.0
2004-06-24 00:00:00-04:00,26.710773192933488,26.771661532804337,26.365722749307277,26.471267700195312,1844600,0.0,0.0
2004-06-25 00:00:00-04:00,26.52810513501404,26.52810513501404,26.28454242691948,26.321075439453125,912200,0.0,0.0
2004-06-28 00:00:00-04:00,26.386017135233143,26.483441562092253,26.166809852000124,26.25611686706543,1277800,0.0,0.0
2004-06-29 00:00:00-04:00,26.288604067568617,26.38196828033976,26.22771261307072,26.304841995239258,788600,0.0,0.0
2004-06-30 00:00:00-04:00,26.42662548517296,26.4550410882844,26.243954193323475,26.248014450073242,1118800,0.0,0.0
2004-07-01 00:00:00-04:00,26.248007586171298,26.82444001116151,26.22770940479894,26.747310638427734,1912200,0.0,0.0
2004-07-02 00:00:00-04:00,26.747316693469283,26.79197022494299,26.56870256757446,26.69454574584961,682600,0.0,0.0
2004-07-06 00:00:00-04:00,26.54840644309888,26.65800859067013,26.373852580620056,26.491575241088867,905400,0.0,0.0
2004-07-07 00:00:00-04:00,26.42661423730654,26.824435608611868,26.422553982284928,26.791959762573242,1626600,0.0,0.0
2004-07-08 00:00:00-04:00,26.731072712743376,26.860973021150574,26.63770851139289,26.747310638427734,933000,0.0,0.0
2004-07-09 00:00:00-04:00,26.751380661789952,26.934051972568955,26.528112973443367,26.560588836669922,754600,0.0,0.0
2004-07-12 00:00:00-04:00,26.564647782914392,26.653954853845857,26.345440362555884,26.515933990478516,557600,0.0,0.0
2004-07-13 00:00:00-04:00,26.475334008075553,26.645827592826937,26.43068048391669,26.584936141967773,436000,0.0,0.0
2004-07-14 00:00:00-04:00,26.483454420237294,26.747315339111704,26.280484959113625,26.46721649169922,609200,0.0,0.0
2004-07-15 00:00:00-04:00,26.44691574337093,26.564638377274562,26.34543103452996,26.406322479248047,776200,0.0,0.0
2004-07-16 00:00:00-04:00,26.467222028709433,26.584944712437228,26.272373039625993,26.487520217895508,755000,0.0,0.0
2004-07-19 00:00:00-04:00,26.446913780241655,26.727009449845585,26.41443793252699,26.54433822631836,594000,0.0,0.0
2004-07-20 00:00:00-04:00,26.62958275044097,27.01522644101902,26.544335980203808,26.88938331604004,1204400,0.0,0.0
2004-07-21 00:00:00-04:00,26.954353984073194,27.169501188591358,26.601185889802167,26.63772201538086,597800,0.0,0.0
2004-07-22 00:00:00-04:00,26.621471654360068,26.86503435526732,26.479393670253156,26.70671844482422,776200,0.0,0.0
2004-07-23 00:00:00-04:00,26.80819444111355,26.83254977416133,26.455026626586914,26.455026626586914,795200,0.0,0.0
2004-07-26 00:00:00-04:00,26.459089500861285,26.63364329814226,26.239882190527005,26.37790298461914,420000,0.0,0.0
2004-07-27 00:00:00-04:00,26.588997683430097,26.87315367175406,26.584937427291756,26.783849716186523,871000,0.0,0.0
2004-07-28 00:00:00-04:00,26.28454059616036,26.771665978420444,26.223649149110937,26.747310638427734,1765200,0.0,0.0
2004-07-29 00:00:00-04:00,26.67018531780611,26.9299859740931,26.43068284597546,26.666128158569336,869000,0.0,0.0
2004-07-30 00:00:00-04:00,26.747298451047598,27.64442253112793,26.62145845566727,27.64442253112793,2661400,0.0,0.0
2004-08-02 00:00:00-04:00,27.636311092306485,28.878482687437376,27.279083006964964,28.391357421875,5431800,0.0,0.0
2004-08-03 00:00:00-04:00,28.009780228737224,28.314234361658283,27.90829551776354,28.269580841064453,2203400,0.0,0.0
2004-08-04 00:00:00-04:00,28.228982385616057,28.269575643128118,27.867697128744787,28.058488845825195,1118200,0.0,0.0
2004-08-05 00:00:00-04:00,27.965142416904957,27.97732009353151,27.238511106517194,27.246631622314453,1849800,0.0,0.0
2004-08-06 00:00:00-04:00,27.299398982649215,27.664744718559422,27.238507510486027,27.33187484741211,1360600,0.0,0.0
2004-08-09 00:00:00-04:00,27.307507064706833,27.425229711424855,27.214142856768035,27.234437942504883,462800,0.0,0.0
2004-08-10 00:00:00-04:00,27.222261635247566,27.526715810161555,27.015235026195032,27.461767196655273,1508400,0.0,0.0
2004-08-11 00:00:00-04:00,27.360279906639445,27.55107166722957,27.22631933893986,27.478002548217773,898600,0.0,0.0
2004-08-12 00:00:00-04:00,27.197901265677967,27.266910122608124,26.929980154677416,27.124832153320312,1433000,0.0,0.0
2004-08-13 00:00:00-04:00,27.10860221298443,27.181671346863162,26.889394811348232,26.99493980407715,702800,0.0,0.0
2004-08-16 00:00:00-04:00,26.958395172415244,27.68908309936523,26.88532607001354,27.689083099365234,921800,0.0,0.0
2004-08-17 00:00:00-04:00,27.595725885866983,27.88394211338686,27.214142355061718,27.307506561279297,1038200,0.0,0.0
2004-08-18 00:00:00-04:00,27.293291753301546,27.75657844543457,27.248588379453157,27.75657844543457,480600,0.0375,0.0
2004-08-19 00:00:00-04:00,27.71593675973581,27.833790827106537,27.638724378063845,27.75657844543457,778200,0.0,0.0
2004-08-20 00:00:00-04:00,27.75657704566218,27.83785421191025,27.67123199041901,27.768768310546875,683000,0.0,0.0
2004-08-23 00:00:00-04:00,27.78502634390837,27.817535352409156,27.602148056030273,27.602148056030273,634400,0.0,0.0
2004-08-24 00:00:00-04:00,27.817539012475493,27.98822605705811,27.520874505023244,27.626537322998047,893400,0.0,0.0
2004-08-25 00:00:00-04:00,27.524936226311933,27.764706059019826,27.354249200754566,27.634660720825195,578400,0.0,0.0
2004-08-26 00:00:00-04:00,27.687488043773655,27.915069690213524,27.63465819576492,27.768768310546875,413800,0.0,0.0
2004-08-27 00:00:00-04:00,27.87848797694489,28.012598068549316,27.79721082474351,27.845975875854492,453400,0.0,0.0
2004-08-30 00:00:00-04:00,27.780947997748587,27.780947997748587,27.45177158094515,27.4802188873291,373200,0.0,0.0
2004-08-31 00:00:00-04:00,27.512744286422716,27.89881864674259,27.512744286422716,27.862241744995117,656200,0.0,0.0
2004-09-01 00:00:00-04:00,27.809400911344053,28.22391933087873,27.805336123748518,28.114194869995117,721200,0.0,0.0
2004-09-02 00:00:00-04:00,27.959770517676148,28.293011829811004,27.959770517676148,28.264564514160156,722000,0.0,0.0
2004-09-03 00:00:00-04:00,28.22391316938675,28.443365143770443,28.22391316938675,28.29706382751465,438000,0.0,0.0
2004-09-07 00:00:00-04:00,28.35396209076282,28.40679502320135,28.203599068958887,28.321453094482422,452400,0.0,0.0
2004-09-08 00:00:00-04:00,28.223920209364067,28.386477612475886,27.996341705322262,27.996341705322266,833200,0.0,0.0
2004-09-09 00:00:00-04:00,28.04105332890143,28.195481202059828,27.82566602405337,27.955711364746094,679600,0.0,0.0
2004-09-10 00:00:00-04:00,28.02071630492524,28.24423305854769,27.817520383640723,28.219850540161133,474800,0.0,0.0
2004-09-13 00:00:00-04:00,28.30114515686605,28.740049362182617,28.27676262341256,28.740049362182617,1089800,0.0,0.0
2004-09-14 00:00:00-04:00,28.85383907231885,28.992010897933973,28.610004432657906,28.91886329650879,1025800,0.0,0.0
2004-09-15 00:00:00-04:00,28.91885538631775,29.01638859539868,28.756297970832993,28.902599334716797,1663600,0.0,0.0
2004-09-16 00:00:00-04:00,28.93510538084179,29.219581604003906,28.79693360713909,29.219581604003906,926600,0.0,0.0
2004-09-17 00:00:00-04:00,29.25615946014049,29.434972933825993,28.796937612432192,28.853832244873047,1444600,0.0,0.0
2004-09-20 00:00:00-04:00,28.861956670032185,29.07328223310463,28.809126829526427,28.97981071472168,614000,0.0,0.0
2004-09-21 00:00:00-04:00,28.898549397926907,29.398410064309076,28.89448460780653,29.390283584594727,877800,0.0,0.0
2004-09-22 00:00:00-04:00,29.13830297557735,29.463417791416642,29.134241288259744,29.203327178955078,781400,0.0,0.0
2004-09-23 00:00:00-04:00,29.101739627019914,29.39840413491838,29.097674837719367,29.300870895385742,859200,0.0,0.0
2004-09-24 00:00:00-04:00,29.38214778226687,29.67474746704102,29.36182693863896,29.674747467041016,1172200,0.0,0.0
2004-09-27 00:00:00-04:00,29.634114112785408,30.012058927109898,29.61379636609543,29.991741180419922,1710000,0.0,0.0
2004-09-28 00:00:00-04:00,29.97140466350399,30.239624823998557,29.658484243451337,29.666610717773438,1175600,0.0,0.0
2004-09-29 00:00:00-04:00,29.76820765101002,29.82510227083349,29.54875564575195,29.548755645751953,991400,0.0,0.0
2004-09-30 00:00:00-04:00,29.585353281826126,29.837314460481,29.158640233323027,29.76822853088379,1434400,0.0,0.0
2004-10-01 00:00:00-04:00,30.073009663797,30.430633527393667,29.918581811442202,30.235567092895508,1030400,0.0,0.0
2004-10-04 00:00:00-04:00,30.093323033061427,30.71103738962931,30.093323033061427,30.450946807861328,1353800,0.0,0.0
2004-10-05 00:00:00-04:00,30.316845947054507,30.57287491982646,30.316845947054507,30.43470001220703,911400,0.0,0.0
2004-10-06 00:00:00-04:00,30.394050686721755,30.446880517730623,30.08112718625806,30.34122085571289,488600,0.0,0.0
2004-10-07 00:00:00-04:00,30.31684151122985,30.42656908365591,29.9185791015625,29.9185791015625,671600,0.0,0.0
2004-10-08 00:00:00-04:00,29.934830098542278,29.987659931570725,29.6991220425244,29.73163414001465,953600,0.0,0.0
2004-10-11 00:00:00-04:00,29.670680115039353,29.95515326837585,29.670680115039353,29.78853416442871,736000,0.0,0.0
2004-10-12 00:00:00-04:00,29.79259588449562,30.068942562549232,29.66661535938399,29.983600616455078,694000,0.0,0.0
2004-10-13 00:00:00-04:00,29.605658636097832,29.833240280261,29.16675450148863,29.268352508544922,968600,0.0,0.0
2004-10-14 00:00:00-04:00,29.178955167233543,29.593473761296956,29.01233291143131,29.321191787719727,660000,0.0,0.0
2004-10-15 00:00:00-04:00,29.483742721863802,29.87387869469931,29.426848086274777,29.581275939941406,646400,0.0,0.0
2004-10-18 00:00:00-04:00,29.418716891246255,29.719446105749824,29.30899241451013,29.597530364990234,477800,0.0,0.0
2004-10-19 00:00:00-04:00,29.585329308374593,29.963273870628974,29.499984287409234,29.508113861083984,827400,0.0,0.0
2004-10-20 00:00:00-04:00,29.56907775005636,29.780400189819492,29.341496160475632,29.662546157836914,765800,0.0,0.0
2004-10-21 00:00:00-04:00,29.703184503009417,29.890127518185583,29.471541228275175,29.666610717773438,716600,0.0,0.0
2004-10-22 00:00:00-04:00,29.625972273688177,29.8454242876295,29.434967570784195,29.540630340576172,897200,0.0,0.0
2004-10-25 00:00:00-04:00,29.479658759882792,30.020160546961193,29.38212560524077,29.97951889038086,733000,0.0,0.0
2004-10-26 00:00:00-04:00,29.991735218481626,30.62164105012198,29.951093532128727,30.47940444946289,1000200,0.0,0.0
2004-10-27 00:00:00-04:00,30.723220145044696,31.26372199522388,30.723220145044696,31.202762603759766,1586800,0.0,0.0
2004-10-28 00:00:00-04:00,31.20684097183389,31.779852059726085,30.938620772866418,31.653871536254883,1658000,0.0,0.0
2004-10-29 00:00:00-04:00,31.678266875900714,31.844889145777408,31.531965453749585,31.62137222290039,1837400,0.0,0.0
2004-11-01 00:00:00-05:00,31.275934821428226,32.00744182240099,31.231231443561803,31.832693099975586,2164400,0.0,0.0
2004-11-02 00:00:00-05:00,31.824559766680952,32.39757403324971,31.718900068305686,32.04807662963867,1404600,0.0,0.0
2004-11-03 00:00:00-05:00,32.25939388371739,32.462589871371115,32.17405194096578,32.42195129394531,1506600,0.0,0.0
2004-11-04 00:00:00-05:00,32.28785213793823,32.48698650568862,32.226895801408276,32.430091857910156,1279800,0.0,0.0
2004-11-05 00:00:00-05:00,32.43008162424615,32.44227288770505,32.060263429860505,32.255332946777344,1105000,0.0,0.0
2004-11-08 00:00:00-05:00,32.30816416502791,32.8852400638496,32.226887004822714,32.41788864135742,1413600,0.0,0.0
2004-11-09 00:00:00-05:00,32.47072163803559,32.58857569088957,32.401635741697895,32.438209533691406,1105800,0.0,0.0
2004-11-10 00:00:00-05:00,32.45854353950563,32.57639764016225,32.300050842197855,32.34881591796875,1078000,0.0,0.0
2004-11-11 00:00:00-05:00,32.53168218141804,32.69423650769987,32.344739125248886,32.40976333618164,1145200,0.0,0.0
2004-11-12 00:00:00-05:00,32.37724138662436,32.64139673730515,32.20249274853006,32.633270263671875,1110400,0.0,0.0
2004-11-15 00:00:00-05:00,32.55200006381203,32.88524139498219,32.46259332365234,32.840538024902344,863000,0.0,0.0
2004-11-16 00:00:00-05:00,32.78364379053069,33.116885125768626,32.66172804379979,32.99903106689453,886200,0.0,0.0
2004-11-17 00:00:00-05:00,32.99291744798373,33.51357943468173,32.988848903384145,33.12715148925781,1269000,0.0375,0.0
2004-11-18 00:00:00-05:00,33.314290822014115,33.38750916637254,32.91565692419765,33.02548599243164,1071600,0.0,0.0
2004-11-19 00:00:00-05:00,33.04175719603424,33.10683844491789,32.62278366088867,32.62278366088867,1511800,0.0,0.0
2004-11-22 00:00:00-05:00,32.43971756797075,32.91563493669337,32.33395711823551,32.765132904052734,1592600,0.0,0.0
2004-11-23 00:00:00-05:00,32.76512419769212,32.952236880032885,32.557671898479384,32.854610443115234,1367000,0.0,0.0
2004-11-24 00:00:00-05:00,32.93598473103356,33.241060539059596,32.93598473103356,33.11496353149414,814800,0.0,0.0
2004-11-26 00:00:00-05:00,33.11901162793565,33.26951673162027,33.07020151038711,33.090538024902344,297000,0.0,0.0
2004-11-29 00:00:00-05:00,33.151568276541575,33.15563682258029,32.64717718643702,32.74480056762695,1340800,0.0,0.0
2004-11-30 00:00:00-05:00,32.74886558197465,33.04987278516079,32.6797127203393,32.84648895263672,1335200,0.0,0.0
2004-12-01 00:00:00-05:00,32.86684022944342,33.75359417776262,32.78548480555646,33.6966438293457,1556400,0.0,0.0
2004-12-02 00:00:00-05:00,33.69257646840542,34.103409697935554,33.66410284751331,33.9122314453125,1377800,0.0,0.0
2004-12-03 00:00:00-05:00,33.83087267384362,34.0749327006487,33.70070711932148,33.78206253051758,724400,0.0,0.0
2004-12-06 00:00:00-05:00,33.83900358250576,33.96916911323987,33.590875054639014,33.65595626831055,789800,0.0,0.0
2004-12-07 00:00:00-05:00,33.68035453958195,33.68035453958195,33.106810801760254,33.175960540771484,742000,0.0,0.0
2004-12-08 00:00:00-05:00,33.25731698593231,33.3752799521983,33.07426971963395,33.12715148925781,616600,0.0,0.0
2004-12-09 00:00:00-05:00,33.114951151949235,33.69662582921229,32.9929196330019,33.6478157043457,567400,0.0,0.0
2004-12-10 00:00:00-05:00,33.57866343546747,34.03830966263641,33.460700470252746,33.904075622558594,683600,0.0,0.0
2004-12-13 00:00:00-05:00,33.944759368896484,34.083061984546944,33.84306745574414,33.944759368896484,861400,0.0,0.0
2004-12-14 00:00:00-05:00,33.82274220950115,33.84307873687598,33.63969484277603,33.72105026245117,783200,0.0,0.0
2004-12-15 00:00:00-05:00,33.84308074319776,34.196969857132416,33.71291516739285,34.160362243652344,683400,0.0,0.0
2004-12-16 00:00:00-05:00,34.16440305837633,34.26609493814573,33.81051730294837,34.15626907348633,1379000,0.0,0.0
2004-12-17 00:00:00-05:00,33.86340829572204,34.29458102988574,33.74951384544415,34.22949981689453,1549400,0.0,0.0
2004-12-20 00:00:00-05:00,34.22543836848616,34.53051418216061,34.22543836848616,34.44102478027344,843800,0.0,0.0
2004-12-21 00:00:00-05:00,34.380013975680214,34.77051380471929,34.36781143790876,34.6566162109375,800000,0.0,0.0
2004-12-22 00:00:00-05:00,34.83963916669806,35.22606707442229,34.64845793324231,34.713539123535156,1216200,0.0,0.0
2004-12-23 00:00:00-05:00,34.74201378878473,34.7582817578599,34.595577239990234,34.595577239990234,566200,0.0,0.0
2004-12-27 00:00:00-05:00,34.64032506957859,34.721677335925605,34.473548889160156,34.473548889160156,1546400,0.0,0.0
2004-12-28 00:00:00-05:00,34.473560862412114,34.717620849609375,34.45728978281348,34.717620849609375,543200,0.0,0.0
2004-12-29 00:00:00-05:00,34.778631920285655,35.274888919082535,34.71761615588772,35.08777618408203,737200,0.0,0.0
2004-12-30 00:00:00-05:00,35.18946719147084,35.68165563249884,35.18539864637738,35.47013473510742,866600,0.0,0.0
2004-12-31 00:00:00-05:00,35.47015744214589,35.677609927249335,35.25050552073354,35.327789306640625,658400,0.0,0.0
2005-01-03 00:00:00-05:00,35.30743774859828,35.30743774859828,34.473562718764285,34.53050994873047,1329600,0.0,0.0
2005-01-04 00:00:00-05:00,34.53052335622284,34.599673147546746,33.71291908940472,34.00986099243164,1072600,0.0,0.0
2005-01-05 00:00:00-05:00,33.92849909321911,34.01391994724485,33.70884413855652,33.8634147644043,983000,0.0,0.0
2005-01-06 00:00:00-05:00,33.72103773958634,33.82679819419217,33.65595342801636,33.76984786987305,1021400,0.0,0.0
2005-01-07 00:00:00-05:00,33.9651102732463,34.00578643133827,33.71698167447578,33.76172637939453,669600,0.0,0.0
2005-01-10 00:00:00-05:00,33.78205575210374,34.40847522396796,33.745445048563575,34.08713150024414,1010000,0.0,0.0
2005-01-11 00:00:00-05:00,33.96510188001618,34.17661971186069,33.790191650390625,33.790191650390625,1086800,0.0,0.0
2005-01-12 00:00:00-05:00,33.90003024956663,34.079009092007176,33.22072870251068,33.96511459350586,1407800,0.0,0.0
2005-01-13 00:00:00-05:00,33.96509524539628,34.16847904926093,33.80238758162645,33.82272720336914,1127000,0.0,0.0
2005-01-14 00:00:00-05:00,33.90814508702202,34.31084411479014,33.847129330477685,34.20915222167969,958200,0.0,0.0
2005-01-18 00:00:00-05:00,34.2091445817466,34.37185219506387,33.952882185559865,34.249820709228516,919400,0.0,0.0
2005-01-19 00:00:00-05:00,34.41253202372713,34.87218131353945,34.3840584210884,34.713539123535156,1788400,0.0,0.0
2005-01-20 00:00:00-05:00,34.68914723615955,34.89253107605578,34.57932132810767,34.717620849609375,999200,0.0,0.0
2005-01-21 00:00:00-05:00,34.81930909931279,34.880324865528316,34.432881085599114,34.44508361816406,775000,0.0,0.0
2005-01-24 00:00:00-05:00,34.371879302850935,34.371879302850935,33.8593510028764,33.93663787841797,1423800,0.0,0.0
2005-01-25 00:00:00-05:00,32.8464848578492,33.68035970859975,32.82207979407387,33.39155197143555,1972200,0.0,0.0
2005-01-26 00:00:00-05:00,33.47698672116333,33.84714375608284,33.35495515606498,33.78206253051758,676200,0.0,0.0
2005-01-27 00:00:00-05:00,33.74136889269353,34.27423652289772,33.692558770170294,34.20915222167969,1583000,0.0,0.0
2005-01-28 00:00:00-05:00,34.16035359344358,34.217300824475835,33.977306262218754,34.127811431884766,1552400,0.0,0.0
2005-01-31 00:00:00-05:00,34.229484579279216,34.37185257874996,33.95695110837956,34.0789794921875,827200,0.0,0.0
2005-02-01 00:00:00-05:00,34.20915353370917,34.39220081036261,33.989498663759285,34.384063720703125,834000,0.0,0.0
2005-02-02 00:00:00-05:00,34.168482357773144,34.77863382844767,34.02204575653999,34.750160217285156,1793800,0.0,0.0
2005-02-03 00:00:00-05:00,34.575247071065846,35.25861678437077,34.575247071065846,35.095909118652344,1080400,0.0,0.0
2005-02-04 00:00:00-05:00,35.06336730814679,35.20166991154833,34.9413388852061,35.116249084472656,785600,0.0,0.0
2005-02-07 00:00:00-05:00,35.01454824615137,35.08369797851285,34.79489341683564,34.90065383911133,1294200,0.0,0.0
2005-02-08 00:00:00-05:00,34.859987712387614,35.07557718207718,34.493899295936245,34.986087799072266,952000,0.0,0.0
2005-02-09 00:00:00-05:00,34.88844723600035,34.892515779964235,34.43693816448192,34.526424407958984,931200,0.0,0.0
2005-02-10 00:00:00-05:00,34.50609855003941,34.77456357014927,34.4816903821089,34.705413818359375,484400,0.0,0.0
2005-02-11 00:00:00-05:00,34.68507811017106,35.181335167758654,34.497965353003636,35.07964324951172,688800,0.0,0.0
2005-02-14 00:00:00-05:00,35.02267769434147,35.04708585225257,34.77454929540641,34.96979904174805,626800,0.0,0.0
2005-02-15 00:00:00-05:00,35.38879924709514,36.02742458063692,35.384730700070975,35.99895095825195,2925600,0.0,0.0
2005-02-16 00:00:00-05:00,36.17717702753549,36.24228619176361,34.59010117615536,34.92379379272461,3580000,0.019,0.0
2005-02-17 00:00:00-05:00,35.00924192641665,35.19236780518012,34.65520414930874,34.728450775146484,1552600,0.0,0.0
2005-02-18 00:00:00-05:00,34.74067269815129,34.74067269815129,34.29710388183594,34.29710388183594,1509600,0.0,0.0
2005-02-22 00:00:00-05:00,33.6744754551423,34.223846941320794,33.633781845929704,33.99188995361328,1628200,0.0,0.0
2005-02-23 00:00:00-05:00,34.02039566446616,34.17910300641483,33.97970203148128,34.05295181274414,1333600,0.0,0.0
2005-02-24 00:00:00-05:00,34.057003042150335,34.10176694479216,33.80469769132579,34.04886245727539,1167000,0.0,0.0
2005-02-25 00:00:00-05:00,34.13432366970339,34.72032165527344,34.126186188669934,34.72032165527344,1311400,0.0,0.0
2005-02-28 00:00:00-05:00,34.63079711855052,34.63079711855052,34.073288025631406,34.14653778076172,1313600,0.0,0.0
2005-03-01 00:00:00-05:00,34.231986189042786,34.91971654062899,34.20350035323417,34.834259033203125,1529000,0.0,0.0
2005-03-02 00:00:00-05:00,34.59011319786302,35.01740407337366,34.44768394093445,34.8424186706543,1055200,0.0,0.0
2005-03-03 00:00:00-05:00,34.94414215295307,35.176099177827744,34.54533726743183,34.92379379272461,1078000,0.0,0.0
2005-03-04 00:00:00-05:00,34.931938275394764,35.375507158544096,34.89938523911803,35.07843780517578,817000,0.0,0.0
2005-03-07 00:00:00-05:00,35.02554627870204,35.078447694199184,34.75289550658346,35.03775405883789,898600,0.0,0.0
2005-03-08 00:00:00-05:00,35.07844848704249,35.1557685692843,34.679646504872565,35.0947265625,1263800,0.0,0.0
2005-03-09 00:00:00-05:00,34.834276962014386,34.96449843626636,34.19130707457814,34.27676773071289,1655600,0.0,0.0
2005-03-10 00:00:00-05:00,34.34594732127468,34.54941856949938,34.26455695914988,34.41512680053711,1243400,0.0,0.0
2005-03-11 00:00:00-05:00,34.488374960253196,34.602318357171235,34.26048816641712,34.30118179321289,1027800,0.0,0.0
2005-03-14 00:00:00-05:00,34.39071215643295,34.74475015071044,34.33374045379692,34.695919036865234,822000,0.0,0.0
2005-03-15 00:00:00-05:00,34.6959145274653,34.9034529437837,34.529066630912766,34.7813720703125,1254200,0.0,0.0
2005-03-16 00:00:00-05:00,34.610449891738895,34.64300292182525,34.44767232241152,34.468017578125,1287600,0.0,0.0
2005-03-17 00:00:00-05:00,34.472082911215644,34.47615320366225,34.11397479400015,34.12211227416992,1533800,0.0,0.0
2005-03-18 00:00:00-05:00,34.101754744802044,34.29301495481105,33.95932250295712,34.061058044433594,3027800,0.0,0.0
2005-03-21 00:00:00-05:00,34.06514788936198,34.069218182679705,33.71517717741627,33.76401138305664,1243600,0.0,0.0
2005-03-22 00:00:00-05:00,33.65413104625304,33.77621499293628,33.39775848388672,33.39775848388672,1618200,0.0,0.0
2005-03-23 00:00:00-05:00,33.397754944820996,33.40182523720545,32.83617567997928,32.946048736572266,1945600,0.0,0.0
2005-03-24 00:00:00-05:00,32.96233367919922,33.30823409069045,32.950125904222034,32.96233367919922,1000400,0.0,0.0
2005-03-28 00:00:00-05:00,33.0030357955984,33.263478744588944,32.97454994507521,33.08849334716797,826200,0.0,0.0
2005-03-29 00:00:00-05:00,32.962333690451935,33.2797482588634,32.78734833802971,32.9582633972168,985200,0.0,0.0
2005-03-30 00:00:00-05:00,32.929769501366316,33.34078208533249,32.880938413382054,33.26753234863281,1409800,0.0,0.0
2005-03-31 00:00:00-05:00,33.30415524840541,33.31636612497217,32.815825746325906,32.90535354614258,1239000,0.0,0.0
2005-04-01 00:00:00-05:00,33.06815168207548,33.32859465939475,32.478083136019954,32.734458923339844,2218200,0.0,0.0
2005-04-04 00:00:00-04:00,32.677481128052335,33.86982267274513,32.677481128052335,33.804710388183594,1669200,0.0,0.0
2005-04-05 00:00:00-04:00,33.81691515006402,33.971555259746836,33.715179543051356,33.86574935913086,1319000,0.0,0.0
2005-04-06 00:00:00-04:00,33.86576307910646,33.93901287002011,33.64194341111321,33.82099914550781,884600,0.0,0.0
2005-04-07 00:00:00-04:00,33.82097252626002,33.92677838646506,33.69482141525761,33.894222259521484,713600,0.0,0.0
2005-04-08 00:00:00-04:00,33.894228027053984,33.975615253538834,33.46287013818164,33.5605354309082,769400,0.0,0.0
2005-04-11 00:00:00-04:00,33.483213010567255,33.682613874577065,33.45065688039976,33.45472717285156,487800,0.0,0.0
2005-04-12 00:00:00-04:00,33.45473819680295,33.959345961782724,33.165809431986936,33.902374267578125,941600,0.0,0.0
2005-04-13 00:00:00-04:00,33.71517736636222,33.91864856725122,32.96640483735828,33.09662628173828,968400,0.0,0.0
2005-04-14 00:00:00-04:00,33.1657957810622,33.31636554218578,32.91349045005806,33.06406021118164,1005800,0.0,0.0
2005-04-15 00:00:00-04:00,32.958248581618314,33.104748024987344,32.55130637330938,32.73036193847656,1537800,0.0,0.0
2005-04-18 00:00:00-04:00,32.408878054493336,32.946041659081295,32.18912888379061,32.78733444213867,1480000,0.0,0.0
2005-04-19 00:00:00-04:00,32.82397569993616,33.2878897907477,32.67747618655103,33.16173553466797,940000,0.0,0.0
2005-04-20 00:00:00-04:00,33.247194071272574,33.328584417125874,32.52283706916152,32.55946350097656,1216200,0.0,0.0
2005-04-21 00:00:00-04:00,32.921644107449445,33.30823818462246,32.758866510057075,33.247196197509766,965600,0.0,0.0
2005-04-22 00:00:00-04:00,33.18614049937888,33.43030521938457,32.96232102828533,33.206485748291016,1211400,0.0,0.0
2005-04-25 00:00:00-04:00,33.308231071995436,33.87795098884876,33.28788581711868,33.84132766723633,1166400,0.0,0.0
2005-04-26 00:00:00-04:00,33.81690280850035,34.032581719898744,33.57273806172337,33.73551559448242,1140000,0.0,0.0
2005-04-27 00:00:00-04:00,33.751806996741784,34.215721130371094,33.16580888911554,34.215721130371094,1670000,0.0,0.0
2005-04-28 00:00:00-04:00,33.979698317046925,33.979698317046925,32.941993713378906,32.941993713378906,2241400,0.0,0.0
2005-04-29 00:00:00-04:00,32.95827357181502,33.483229791141724,32.58388720143048,33.4262580871582,2408600,0.0,0.0
2005-05-02 00:00:00-04:00,33.43031243272347,33.877948366775186,33.32857685204246,33.519840240478516,1821400,0.0,0.0
2005-05-03 00:00:00-04:00,33.51984428567791,33.89830081567261,33.51984428567791,33.72738265991211,1494000,0.0,0.0
2005-05-04 00:00:00-04:00,33.54834034644349,34.44768288957251,33.51578420164632,34.345947265625,1470400,0.0,0.0
2005-05-05 00:00:00-04:00,34.24421406851582,34.777307782268416,34.23607347937719,34.59011459350586,1581600,0.0,0.0
2005-05-06 00:00:00-04:00,34.63078647435993,34.75287039696118,34.231984789345674,34.2645378112793,1134200,0.0,0.0
2005-05-09 00:00:00-04:00,34.36627890047907,34.54533452113855,34.18722638454321,34.46394729614258,941600,0.0,0.0
2005-05-10 00:00:00-04:00,34.382551421742455,34.59416314016434,34.21977389327711,34.27267837524414,1056000,0.0,0.0
2005-05-11 00:00:00-04:00,34.33372799044697,34.48836496936419,34.0244509278887,34.26861572265625,715800,0.0,0.0
2005-05-12 00:00:00-04:00,34.28083259684703,34.48837412461896,34.10178002233904,34.162818908691406,1052600,0.0,0.0
2005-05-13 00:00:00-04:00,34.06922260106182,34.10991622534423,33.344865532771585,33.45066833496094,1831800,0.0,0.0
2005-05-16 00:00:00-04:00,33.47101916980682,33.93900364540561,33.409977176515724,33.780296325683594,1129800,0.0,0.0
2005-05-17 00:00:00-04:00,33.784358482957785,34.20757897408647,33.641929256309744,34.175025939941406,1422000,0.0,0.0
2005-05-18 00:00:00-04:00,34.46800731226966,34.82204818725586,34.398827874945006,34.82204818725586,1518000,0.0,0.0
2005-05-19 00:00:00-04:00,34.80169927177871,35.159810432811135,34.6714778781459,34.98075485229492,1108200,0.0,2.0
2005-05-20 00:00:00-04:00,35.14353413420813,35.21678386584784,34.88309133387209,35.16794967651367,681000,0.0,0.0
2005-05-23 00:00:00-04:00,35.22494142763553,35.648161995650675,35.01333269599038,35.517940521240234,916100,0.0,0.0
2005-05-24 00:00:00-04:00,35.810946652950435,35.810946652950435,35.444697713963805,35.74583435058594,1145500,0.0,0.0
2005-05-25 00:00:00-04:00,35.64647196166231,35.64647196166231,35.125253774319624,35.14968490600586,956800,0.028,0.0
2005-05-26 00:00:00-04:00,35.22298049926758,35.74419867316654,35.19040358672255,35.22298049926758,871700,0.0,0.0
2005-05-27 00:00:00-04:00,35.22295398057191,35.67087531736574,35.13336909187253,35.622013092041016,687500,0.0,0.0
2005-05-31 00:00:00-04:00,35.532455258591014,35.55688638985581,35.09267625559218,35.2392692565918,1044400,0.0,0.0
2005-06-01 00:00:00-04:00,35.15780675087717,35.69531618315704,35.043790728285785,35.450992584228516,994300,0.0,0.0
2005-06-02 00:00:00-04:00,35.540589954757905,35.540589954757905,35.20668444004235,35.34513473510742,885400,0.0,0.0
2005-06-03 00:00:00-04:00,35.28812838925295,35.52430319871876,35.07638160002929,35.231117248535156,736700,0.0,0.0
2005-06-06 00:00:00-04:00,35.26368681799415,35.60573805760321,35.14152810197279,35.524295806884766,556700,0.0,0.0
2005-06-07 00:00:00-04:00,35.55688007390836,36.06995548626971,35.54873740050161,35.75233840942383,905300,0.0,0.0
2005-06-08 00:00:00-04:00,35.68717720161746,35.71160832348089,35.31255216842521,35.524295806884766,725200,0.0,0.0
2005-06-09 00:00:00-04:00,35.50801671754891,35.98851524999455,35.426577552065254,35.89893341064453,675100,0.0,0.0
2005-06-10 00:00:00-04:00,35.90707193970182,35.99665687541593,35.63017445963306,35.76047897338867,418600,0.0,0.0
2005-06-13 00:00:00-04:00,35.63016803811008,35.98850460967988,35.22296611767454,35.70346450805664,479000,0.0,0.0
2005-06-14 00:00:00-04:00,35.56502289924326,36.216548615941456,35.56502289924326,36.200260162353516,598200,0.0,0.0
2005-06-15 00:00:00-04:00,36.28168113869747,36.52600160665,36.24096157848927,36.40384292602539,1277800,0.0,0.0
2005-06-16 00:00:00-04:00,36.40385517269562,36.79476867426806,36.30612757397859,36.76219177246094,873100,0.0,0.0
2005-06-17 00:00:00-04:00,37.34042301518533,37.58474670616225,36.98208636536652,37.55216979980469,1541600,0.0,0.0
2005-06-20 00:00:00-04:00,37.218257891346674,37.535874907081485,36.89249509706755,37.495155334472656,743100,0.0,0.0
2005-06-21 00:00:00-04:00,37.429999691525865,38.02451412113888,37.23454450993742,37.95121765136719,1222900,0.0,0.0
2005-06-22 00:00:00-04:00,37.951236507575075,38.3095763630365,37.31600219173803,37.33229064941406,1521500,0.0,0.0
2005-06-23 00:00:00-04:00,37.055375026192465,37.06351769770995,36.36313299915404,36.42828369140625,1990900,0.0,0.0
2005-06-24 00:00:00-04:00,36.28169784158814,36.558595327862975,36.20025868367985,36.36314010620117,923300,0.0,0.0
2005-06-27 00:00:00-04:00,36.24098196234554,36.477159893776786,36.20026237923448,36.39571762084961,700500,0.0,0.0
2005-06-28 00:00:00-04:00,36.64818383999358,36.94951248168945,36.558598893534125,36.94951248168945,1130200,0.0,0.0
2005-06-29 00:00:00-04:00,36.93320380020514,36.998357582567856,36.55857887172954,36.85176467895508,637000,0.0,0.0
2005-06-30 00:00:00-04:00,36.77035464690092,37.047252227590725,36.59118471036463,36.61561584472656,1104600,0.0,0.0
2005-07-01 00:00:00-04:00,36.61560643137843,36.933223523251925,36.338708921875,36.884361267089844,845400,0.0,0.0
2005-07-05 00:00:00-04:00,36.84362929033328,37.13681204879255,36.550443425170066,36.99021911621094,664000,0.0,0.0
2005-07-06 00:00:00-04:00,36.990241672843695,37.0879724252969,36.51788879614323,36.648193359375,392300,0.0,0.0
2005-07-07 00:00:00-04:00,36.24099316039476,36.802931037051884,35.874510585746194,36.7947883605957,749600,0.0,0.0
2005-07-08 00:00:00-04:00,36.81920807767294,37.44629959831933,36.737768911544336,37.39743423461914,484700,0.0,0.0
2005-07-11 00:00:00-04:00,37.40556686070374,37.69875272638905,37.00650763092008,37.389278411865234,477500,0.0,0.0
2005-07-12 00:00:00-04:00,37.3892874121396,37.80463208403876,37.27527134952825,37.78020095825195,773600,0.0,0.0
2005-07-13 00:00:00-04:00,37.739485803511954,38.05710290279014,37.69062043950567,37.93494415283203,623800,0.0,0.0
2005-07-14 00:00:00-04:00,37.95121765136719,38.17925283882584,37.560304181486195,37.95121765136719,639400,0.0,0.0
2005-07-15 00:00:00-04:00,37.959366704586365,38.27698373209917,37.592884324108375,38.162967681884766,460800,0.0,0.0
2005-07-18 00:00:00-04:00,38.16297741147519,38.16297741147519,37.69062153249843,37.9105110168457,476100,0.0,0.0
2005-07-19 00:00:00-04:00,38.11412001266846,38.57833020775134,37.788360161871346,38.496891021728516,671900,0.0,0.0
2005-07-20 00:00:00-04:00,38.37471347691249,39.19726321094245,38.15482403633135,39.189117431640625,690000,0.0,0.0
2005-07-21 00:00:00-04:00,39.22981962464574,39.270542289700884,38.635305373937975,38.88777160644531,888700,0.0,0.0
2005-07-22 00:00:00-04:00,38.88779428093921,38.88779428093921,38.34214504612138,38.71677017211914,455400,0.0,0.0
2005-07-25 00:00:00-04:00,38.700490731013396,38.969242520791774,38.35843932700691,38.83079528808594,538300,0.0,0.0
2005-07-26 00:00:00-04:00,39.132122073516975,39.897664027118964,38.92852101891314,39.82436752319336,917800,0.0,0.0
2005-07-27 00:00:00-04:00,39.82435986724967,39.84064521458636,39.28685331069548,39.58003616333008,562800,0.0,0.0
2005-07-28 00:00:00-04:00,39.57190085524231,40.459601572158434,39.56375818005836,40.25600051879883,837300,0.0,0.0
2005-07-29 00:00:00-04:00,40.72020288931662,40.72020288931662,38.488734404031895,38.529457092285156,2076400,0.0,0.0
2005-08-01 00:00:00-04:00,38.44801420068593,38.847073549497644,37.837211167224346,38.374717712402344,1795900,0.0,0.0
2005-08-02 00:00:00-04:00,38.39099822634005,38.57016807324635,38.22811682976199,38.358421325683594,1700800,0.0,0.0
2005-08-03 00:00:00-04:00,37.78836167342435,38.87151780304258,37.7557847550298,38.78193283081055,1354000,0.0,0.0
2005-08-04 00:00:00-04:00,38.52131581950781,38.97738326364847,38.35843436755005,38.7656364440918,1005800,0.0,0.0
2005-08-05 00:00:00-04:00,38.073393871659434,38.505027075417054,38.02452850442629,38.26885223388672,952900,0.0,0.0
2005-08-08 00:00:00-04:00,38.27700489135727,38.27700489135727,37.66620162181434,37.739498138427734,803000,0.0,0.0
2005-08-09 00:00:00-04:00,37.81277435212564,38.07338335866464,37.62546182284476,37.796485900878906,1152600,0.0,0.0
2005-08-10 00:00:00-04:00,38.15481158297937,38.5538707574972,37.67431328225147,37.82905197143555,1002700,0.0,0.0
2005-08-11 00:00:00-04:00,37.3892822368547,38.179254999466394,37.136815914085936,38.06523895263672,1505000,0.0,0.0
2005-08-12 00:00:00-04:00,37.62546813633576,38.20369427245052,37.60103390201342,38.008235931396484,797100,0.0,0.0
2005-08-15 00:00:00-04:00,37.82907035661815,38.27699198187354,37.804636121517106,38.07339096069336,674700,0.0,0.0
2005-08-16 00:00:00-04:00,38.07338541239792,38.35028288511991,37.85349596876241,37.94308090209961,1035300,0.0,0.0
2005-08-17 00:00:00-04:00,37.75146680236774,38.56683326941834,37.71069910109045,38.31407165527344,893200,0.055,0.0
2005-08-18 00:00:00-04:00,38.28145199478222,38.493445884084856,38.167301199744195,38.3466796875,838200,0.0,0.0
2005-08-19 00:00:00-04:00,38.62392878845677,38.950076789283976,38.45270248769253,38.72177505493164,895800,0.0,0.0
2005-08-22 00:00:00-04:00,39.137619796757136,40.597127614835394,39.137619796757136,39.64314651489258,1817000,0.0,0.0
2005-08-23 00:00:00-04:00,39.586055419984916,39.90404795747189,39.23544746573586,39.259910583496094,1219000,0.0,0.0
2005-08-24 00:00:00-04:00,39.300677717007176,40.35250156417121,39.22729458556836,39.276214599609375,1019500,0.0,0.0
2005-08-25 00:00:00-04:00,39.333288048875986,40.1486546881859,39.29251722860898,40.11603927612305,1338900,0.0,0.0
2005-08-26 00:00:00-04:00,39.99372031021245,40.07525881442431,39.61865252196562,39.7735710144043,1001900,0.0,0.0
2005-08-29 00:00:00-04:00,39.62680504860935,40.27094523895307,39.43111885810994,39.846954345703125,1097400,0.0,0.0
2005-08-30 00:00:00-04:00,39.85512875355245,39.95297189545197,39.56974851664421,39.78989791870117,913300,0.0,0.0
2005-08-31 00:00:00-04:00,39.79804657638545,40.04265594482422,39.349592438808045,40.04265594482422,1359600,0.0,0.0
2005-09-01 00:00:00-04:00,40.03449848026704,40.84986507343237,40.01819388553524,40.727561950683594,1064800,0.0,0.0
2005-09-02 00:00:00-04:00,40.76833018117806,41.54292907669579,40.621563943695676,41.07001495361328,1271400,0.0,0.0
2005-09-06 00:00:00-04:00,41.33908775617322,41.53477400079582,40.87432903722356,41.021095275878906,939400,0.0,0.0
2005-09-07 00:00:00-04:00,40.84986041839447,40.93139893464532,40.45848487151944,40.53186798095703,1017500,0.0,0.0
2005-09-08 00:00:00-04:00,39.993735082769774,41.15155738723781,39.90404425019542,40.98848342895508,1004500,0.0,0.0
2005-09-09 00:00:00-04:00,41.07816485600743,41.97506675563642,40.874323232421176,41.926143646240234,975000,0.0,0.0
2005-09-12 00:00:00-04:00,41.746771672277305,41.746771672277305,41.01294046825974,41.420623779296875,1234000,0.0,0.0
2005-09-13 00:00:00-04:00,41.58369035515722,42.1136798097166,41.02108860538173,41.59184265136719,1305600,0.0,0.0
2005-09-14 00:00:00-04:00,41.99138301376141,42.30937551368103,41.62446739447839,42.13814926147461,1324200,0.0,0.0
2005-09-15 00:00:00-04:00,42.301226347811294,42.301226347811294,41.60816276887545,41.99953842163086,1277600,0.0,0.0
2005-09-16 00:00:00-04:00,41.99952123187926,41.99952123187926,41.04554405193172,41.314613342285156,3201700,0.0,0.0
2005-09-19 00:00:00-04:00,41.339079715384756,41.46138281689074,40.90693338101034,41.110774993896484,829400,0.0,0.0
2005-09-20 00:00:00-04:00,41.11078121317016,41.1352443254731,40.31172234301933,40.336185455322266,1578600,0.0,0.0
2005-09-21 00:00:00-04:00,40.197574659920456,40.56449026935685,40.07527153035958,40.29541778564453,1191300,0.0,0.0
2005-09-22 00:00:00-04:00,40.07526033469225,40.442172731248895,39.757264821766604,40.23017883300781,1140400,0.0,0.0
2005-09-23 00:00:00-04:00,39.993737197016685,40.54003451958698,39.871434054621936,40.3035774230957,901200,0.0,0.0
2005-09-26 00:00:00-04:00,40.385105169756116,40.580794514893974,40.148651228617666,40.344337463378906,774800,0.0,0.0
2005-09-27 00:00:00-04:00,40.3606456721314,40.68679354797605,40.11603632043624,40.409568786621094,1111600,0.0,0.0
2005-09-28 00:00:00-04:00,40.56449156199577,40.703102401990485,40.32803448278211,40.556339263916016,878200,0.0,0.0
2005-09-29 00:00:00-04:00,40.64602486625096,41.53477460872698,40.51556633113415,41.420623779296875,1202800,0.0,0.0
2005-09-30 00:00:00-04:00,41.42061343960937,41.93429515419304,41.118928735655935,41.64891815185547,1115700,0.0,0.0
2005-10-03 00:00:00-04:00,41.420606027777765,41.86090456149073,41.1515367752035,41.84459686279297,1224400,0.0,0.0
2005-10-04 00:00:00-04:00,41.77122857393714,42.01583792032082,41.600002342506215,41.697845458984375,1441100,0.0,0.0
2005-10-05 00:00:00-04:00,41.689693108131166,41.86091933934111,41.46954376355699,41.60000228881836,1338300,0.0,0.0
2005-10-06 00:00:00-04:00,41.60001678412421,41.90985705597339,41.11079481114482,41.30648422241211,1467500,0.0,0.0
2005-10-07 00:00:00-04:00,41.33908103396685,41.60815035416338,41.19231481917737,41.59184265136719,1230200,0.0,0.0
2005-10-10 00:00:00-04:00,41.67339612314259,41.7060115404416,41.2494050293876,41.26571273803711,1145400,0.0,0.0
2005-10-11 00:00:00-04:00,41.27386052316707,41.58370073286655,40.89064029813626,40.98848342895508,1151400,0.0,0.0
2005-10-12 00:00:00-04:00,40.94770663789549,41.18416055908208,40.18126013701925,40.53186798095703,1761800,0.0,0.0
2005-10-13 00:00:00-04:00,40.2138607476313,40.92322847094606,40.2138607476313,40.70307922363281,894500,0.0,0.0
2005-10-14 00:00:00-04:00,40.84985710250433,41.03739411947024,40.47478928932471,40.77647399902344,1219200,0.0,0.0
2005-10-17 00:00:00-04:00,40.752023475609704,41.53477468780075,40.7194080641742,41.339088439941406,1843700,0.0,0.0
2005-10-18 00:00:00-04:00,41.46139575028566,42.121843901791216,41.37986032384765,41.66523742675781,1210400,0.0,0.0
2005-10-19 00:00:00-04:00,41.559239228015386,42.06476568110966,41.273859033724804,42.03215026855469,1139200,0.0,0.0
2005-10-20 00:00:00-04:00,42.032145315013906,42.31752547567208,41.461388104074146,41.567386627197266,1192400,0.0,0.0
2005-10-21 00:00:00-04:00,41.78752860370973,42.0973687110913,41.55107159780337,41.73860549926758,1083200,0.0,0.0
2005-10-24 00:00:00-04:00,41.82830489778877,42.0892219543457,41.66523095984652,42.0892219543457,926000,0.0,0.0
2005-10-25 00:00:00-04:00,42.08921994189707,42.90458648224582,42.03214453290278,42.77412796020508,1420800,0.0,0.0
2005-10-26 00:00:00-04:00,43.214433901455955,44.74732412584713,43.214433901455955,44.143951416015625,2550200,0.0,0.0
2005-10-27 00:00:00-04:00,44.152095922567106,45.2528394210918,44.01348200424197,44.347782135009766,1785800,0.0,0.0
2005-10-28 00:00:00-04:00,43.622114576440275,43.85041623684685,42.96166648835103,43.149200439453125,2078700,0.0,0.0
2005-10-31 00:00:00-05:00,42.98613408757699,43.75257767775625,42.839367830465214,43.426429748535156,1839400,0.0,0.0
2005-11-01 00:00:00-05:00,43.45904802574633,43.532431159135236,42.456147276349576,42.78229522705078,1441200,0.0,0.0
2005-11-02 00:00:00-05:00,42.7822780785834,43.834098421718885,42.562128766659384,43.605796813964844,1165200,0.0,0.0
2005-11-03 00:00:00-05:00,43.61396312364737,43.98903103311761,43.361198344459915,43.44273376464844,939600,0.0,0.0
2005-11-04 00:00:00-05:00,43.467212393223264,44.021662157453456,43.23075523575315,43.57320785522461,717000,0.0,0.0
2005-11-07 00:00:00-05:00,43.7036487247937,44.22548596400503,43.62211330855458,44.16840744018555,643500,0.0,0.0
2005-11-08 00:00:00-05:00,44.11132599597905,44.7554662714842,44.11132599597905,44.64131546020508,978500,0.0,0.0
2005-11-09 00:00:00-05:00,44.714709421101105,44.76363254225554,44.28256607055664,44.28256607055664,952500,0.0,0.0
2005-11-10 00:00:00-05:00,44.486396140993584,46.027438286115235,44.486396140993584,45.65237045288086,1001100,0.0,0.0
2005-11-11 00:00:00-05:00,45.45668810150248,45.799140581663,45.2528464508231,45.570838928222656,978100,0.0,0.0
2005-11-14 00:00:00-05:00,45.45668831326801,45.954062440903066,45.34253748601605,45.644222259521484,888000,0.0,0.0
2005-11-15 00:00:00-05:00,45.782840190579265,46.051909576786436,45.407769155003365,45.75837707519531,1245500,0.0,0.0
2005-11-16 00:00:00-05:00,45.705326858122376,45.917528791483775,45.542092925229134,45.868560791015625,1030900,0.055,0.0
2005-11-17 00:00:00-05:00,45.99914681344753,47.72941901103527,45.95017570008464,47.65596389770508,1612000,0.0,0.0
2005-11-18 00:00:00-05:00,48.15382328433421,48.194630986465825,47.305009380913035,47.4600830078125,1469400,0.0,0.0
2005-11-21 00:00:00-05:00,47.484556220266946,48.20278344566446,47.460072227235145,48.07219696044922,961700,0.0,0.0
2005-11-22 00:00:00-05:00,47.88448361776102,48.325214243296166,47.72941311474439,48.1538200378418,1380900,0.0,0.0
2005-11-23 00:00:00-05:00,48.15382455194415,48.276250774989855,47.95794321775665,48.22727966308594,1010900,0.0,0.0
2005-11-25 00:00:00-05:00,48.30889838915853,48.512940032637125,48.088533040590235,48.415000915527344,420000,0.0,0.0
2005-11-28 00:00:00-05:00,48.64351786802886,49.40255289521487,48.51293136407362,49.33726119995117,1964500,0.0,0.0
2005-11-29 00:00:00-05:00,49.1740307843906,49.19035448772293,48.765947541366614,48.98631286621094,1657000,0.0,0.0
2005-11-30 00:00:00-05:00,49.010792531813415,49.6065936403467,48.91285343390559,49.092411041259766,1608500,0.0,0.0
2005-12-01 00:00:00-05:00,49.11689503737978,49.29645264473395,48.92917713579486,49.092411041259766,1692300,0.0,0.0
2005-12-02 00:00:00-05:00,48.88837004773321,49.37806865680978,48.43131572941467,49.076087951660156,1135900,0.0,0.0
2005-12-05 00:00:00-05:00,49.17402950892299,49.42704223386937,48.78226997939272,49.01079559326172,985200,0.0,0.0
2005-12-06 00:00:00-05:00,49.37807112514259,49.82696205814011,48.929180192145076,49.01079559326172,1628300,0.0,0.0
2005-12-07 00:00:00-05:00,49.01079019743666,49.37806568888247,48.61087041719494,48.69248580932617,1313000,0.0,0.0
2005-12-08 00:00:00-05:00,48.8067534140973,49.378070555608105,48.70881431120137,49.108734130859375,941200,0.0,0.0
2005-12-09 00:00:00-05:00,49.32093890807636,49.712698431144155,48.98631078753337,49.48417282104492,868800,0.0,0.0
2005-12-12 00:00:00-05:00,49.704537807501396,50.12894161961107,48.97814705527128,49.13322067260742,1349200,0.0,0.0
2005-12-13 00:00:00-05:00,49.05159795601926,50.19423212787861,49.00262996604916,50.03099822998047,1617400,0.0,0.0
2005-12-14 00:00:00-05:00,50.030999800709374,50.39827530415394,49.786150502888916,50.34930419921875,1576100,0.0,0.0
2005-12-15 00:00:00-05:00,51.01040833274886,51.01040833274886,49.965716166391196,50.16159439086914,1186400,0.0,0.0
2005-12-16 00:00:00-05:00,50.19424057006836,50.3329873828897,50.05549375724703,50.19424057006836,1608100,0.0,0.0
2005-12-19 00:00:00-05:00,50.19422393205243,50.34929439735021,49.696362025797555,50.128929138183594,1417600,0.0,0.0
2005-12-20 00:00:00-05:00,50.21056640329699,50.724752200263374,50.16159528958599,50.49622344970703,1387900,0.0,0.0
2005-12-21 00:00:00-05:00,50.56150717034098,50.847164154052734,50.504375773598625,50.847164154052734,1334000,0.0,0.0
2005-12-22 00:00:00-05:00,50.84716276958172,50.84716276958172,50.35746420700152,50.70841598510742,1233800,0.0,0.0
2005-12-23 00:00:00-05:00,50.68392883243051,50.77370762862333,50.43091925780805,50.700252532958984,611200,0.0,0.0
2005-12-27 00:00:00-05:00,50.76555417269224,50.887977273003656,50.1207819253971,50.46357345581055,686500,0.0,0.0
2005-12-28 00:00:00-05:00,50.765552279498934,50.765552279498934,50.1207800562492,50.50437927246094,536200,0.0,0.0
2005-12-29 00:00:00-05:00,50.708412384946385,50.9206142500847,50.34113693237304,50.34113693237305,697000,0.0,0.0
2005-12-30 00:00:00-05:00,50.25951872592126,50.37378150176458,49.98202207883299,50.128929138183594,658700,0.0,0.0
2006-01-03 00:00:00-05:00,50.33297464261155,51.43480102477576,50.243198964148434,51.38582992553711,1554100,0.0,0.0
2006-01-04 00:00:00-05:00,51.50010285965314,51.793923286134564,51.100183034052975,51.32870864868164,1370900,0.0,0.0
2006-01-05 00:00:00-05:00,51.13282239474922,51.5490658578209,51.13282239474922,51.51641845703125,949300,0.0,0.0
2006-01-06 00:00:00-05:00,51.540902034677735,51.84288268773272,51.48377064392213,51.777587890625,862900,0.0,0.0
2006-01-09 00:00:00-05:00,51.74495395188315,52.650899205618806,51.55723292937734,52.61825180053711,1574800,0.0,0.0
2006-01-10 00:00:00-05:00,52.6182584779844,53.11612057166308,52.53664306835078,53.07530975341797,1484200,0.0,0.0
2006-01-11 00:00:00-05:00,53.06714804688222,53.62214156779524,52.854949220398424,53.581336975097656,1610600,0.0,0.0
2006-01-12 00:00:00-05:00,53.58131989775059,53.58131989775059,53.00999974036327,53.083457946777344,985300,0.0,0.0
2006-01-13 00:00:00-05:00,53.140595014656206,53.36095720372102,52.28361780048699,52.406044006347656,1630900,0.0,0.0
2006-01-17 00:00:00-05:00,50.60230677627246,51.72861705692327,50.553335681139075,51.49192810058594,1988900,0.0,0.0
2006-01-18 00:00:00-05:00,51.377680717885006,51.58172233859668,50.70842445102496,50.95327377319336,1633700,0.0,0.0
2006-01-19 00:00:00-05:00,50.94511421783705,51.304229490043525,50.675780877110476,51.03489303588867,1406100,0.0,0.0
2006-01-20 00:00:00-05:00,50.76556854227893,50.87983138028374,49.859623021771014,49.94940185546875,2062700,0.0,0.0
2006-01-23 00:00:00-05:00,51.2144401598294,51.63884704950623,50.5370205724334,51.369510650634766,1807300,0.0,0.0
2006-01-24 00:00:00-05:00,51.78575861001805,52.40604370299989,51.46745421273607,52.063255310058594,1824900,0.0,0.0
2006-01-25 00:00:00-05:00,52.153048930117066,52.234664347789035,51.36952659869448,51.4429817199707,1159200,0.0,0.0
2006-01-26 00:00:00-05:00,51.663340377517756,52.136718456167365,51.663340377517756,51.7857666015625,1289500,0.0,0.0
2006-01-27 00:00:00-05:00,51.90819947073168,52.51216106887691,51.66335009003959,52.16937255859375,829200,0.0,0.0
2006-01-30 00:00:00-05:00,52.357069935589614,52.64272689819335,52.17751235142305,52.64272689819336,815100,0.0,0.0
2006-01-31 00:00:00-05:00,52.6427413696691,52.993693227874495,51.6715043163962,51.679664611816406,1735700,0.0,0.0
2006-02-01 00:00:00-05:00,51.6796470521654,52.27545115853067,51.549060575814956,51.908172607421875,2322200,0.0,0.0
2006-02-02 00:00:00-05:00,51.90818372288456,52.373398339091864,51.647010714256865,52.193843841552734,2330200,0.0,0.0
2006-02-03 00:00:00-05:00,52.642736610943864,53.07530383796165,51.418486922317264,52.144874572753906,2007600,0.0,0.0
2006-02-06 00:00:00-05:00,52.31626505292297,52.44685466595911,52.055092053706176,52.234649658203125,1388200,0.0,0.0
2006-02-07 00:00:00-05:00,51.62252842604468,51.80208604295396,50.56967294886786,50.62680435180664,2041300,0.0,0.0
2006-02-08 00:00:00-05:00,51.17363189939809,52.01428226219239,50.96959030738568,51.39399719238281,1289000,0.0,0.0
2006-02-09 00:00:00-05:00,51.13282661954371,52.19384232545232,51.13282661954371,51.9571533203125,1595500,0.0,0.0
2006-02-10 00:00:00-05:00,51.965336039021906,52.42239365821939,51.744973753960664,52.316287994384766,1729000,0.0,0.0
2006-02-13 00:00:00-05:00,52.07141690339824,52.1285483036473,51.27157418648352,51.41032409667969,814100,0.0,0.0
2006-02-14 00:00:00-05:00,51.69599655483357,52.69988117663205,51.67151255124272,52.561134338378906,1746800,0.0,0.0
2006-02-15 00:00:00-05:00,52.41404454119262,53.165733143810385,52.17709800117882,53.10853958129883,1009300,0.07,0.0
2006-02-16 00:00:00-05:00,53.02683437287824,53.19841505714598,52.855253688610496,53.190242767333984,875500,0.0,0.0
2006-02-17 00:00:00-05:00,53.19025402991924,53.20659861300404,52.89611387071267,53.116722106933594,858700,0.0,0.0
2006-02-21 00:00:00-05:00,52.94513517454008,53.31280721359512,52.91245224583698,53.14939880371094,1157300,0.0,0.0
2006-02-22 00:00:00-05:00,53.639632088802145,54.92240747421788,53.58243852003704,54.84886932373047,1500000,0.0,0.0
2006-02-23 00:00:00-05:00,54.857052204815766,55.322773135705766,54.562912013344956,54.955101013183594,1168300,0.0,0.0
2006-02-24 00:00:00-05:00,54.95508765637441,55.55970624360872,54.83252823411081,55.52702331542969,1045200,0.0,0.0
2006-02-27 00:00:00-05:00,55.478000582378236,55.91103846051857,55.478000582378236,55.8293342590332,1248300,0.0,0.0
2006-02-28 00:00:00-05:00,55.829333011369364,55.845671357848914,54.74264907836914,54.74264907836914,1478600,0.0,0.0
2006-03-01 00:00:00-05:00,54.82437084818538,55.91922742212129,54.74266662234129,55.87837219238281,1559600,0.0,0.0
2006-03-02 00:00:00-05:00,55.878350734174845,55.878350734174845,55.151172806234925,55.55970001220703,1273600,0.0,0.0
2006-03-03 00:00:00-05:00,55.502509296070166,55.66591769337812,54.72631005841121,55.27373504638672,1967500,0.0,0.0
2006-03-06 00:00:00-05:00,55.151190678862555,55.62508388743421,55.06948645791666,55.216556549072266,1170200,0.0,0.0
2006-03-07 00:00:00-05:00,55.31459016441198,55.355445385086036,54.79167575466774,54.8325309753418,857900,0.0,0.0
2006-03-08 00:00:00-05:00,54.84070251412054,54.848868571238185,54.03998632876294,54.620094299316406,1362800,0.0,0.0
2006-03-09 00:00:00-05:00,54.538390092720256,54.987772579446165,54.334126459414186,54.620094299316406,1130100,0.0,0.0
2006-03-10 00:00:00-05:00,54.497530574973645,55.192031860351555,54.37497739155956,55.19203186035156,713600,0.0,0.0
2006-03-13 00:00:00-05:00,55.15118547618142,55.30642784487658,55.00411539889966,55.183868408203125,731400,0.0,0.0
2006-03-14 00:00:00-05:00,55.183858989585524,56.499317169189446,55.10215479029222,56.49931716918945,1761100,0.0,0.0
2006-03-15 00:00:00-05:00,56.25420913717725,57.22650612622919,56.20518785491648,57.087608337402344,1452300,0.0,0.0
2006-03-16 00:00:00-05:00,57.193818334233335,57.30003318131814,56.40944671654249,56.425785064697266,1118900,0.0,0.0
2006-03-17 00:00:00-05:00,56.621886071401846,57.14480051484531,56.262380053922506,57.07126235961914,1334900,0.0,0.0
2006-03-20 00:00:00-05:00,57.193822644076825,57.28369914977951,56.83431662126612,56.9160270690918,1054000,0.0,0.0
2006-03-21 00:00:00-05:00,56.866989819523525,56.9895492366511,56.25419896751652,56.33590316772461,760500,0.0,0.0
2006-03-22 00:00:00-05:00,56.75261827003067,57.161145616835064,56.728107626603624,56.801639556884766,1373000,0.0,0.0
2006-03-23 00:00:00-05:00,56.90784854722065,57.07125695771787,56.41761708209771,56.96504211425781,797700,0.0,0.0
2006-03-24 00:00:00-05:00,56.78528265247356,57.733068779535216,56.78528265247356,57.65953063964844,966900,0.0,0.0
2006-03-27 00:00:00-05:00,57.659539291206485,57.757588081223794,57.40625437570116,57.57783508300781,671200,0.0,0.0
2006-03-28 00:00:00-05:00,57.64320743956802,57.97819660102623,56.719931705335966,56.858829498291016,849300,0.0,0.0
2006-03-29 00:00:00-05:00,56.86700348915882,58.321359796804586,56.75261633464504,58.1416130065918,1000400,0.0,0.0
2006-03-30 00:00:00-05:00,58.14975133900016,58.31316593441197,57.602326470036836,57.8882942199707,810300,0.0,0.0
2006-03-31 00:00:00-05:00,57.89647590734509,58.787062220811194,57.7739164992967,58.3867073059082,1225500,0.0,0.0
2006-04-03 00:00:00-04:00,58.86878520140989,59.88193113896131,58.852440618915324,59.081214904785156,1531400,0.0,0.0
2006-04-04 00:00:00-04:00,59.359013249570374,59.52242166321443,59.07304540887759,59.19559860229492,918100,0.0,0.0
2006-04-05 00:00:00-04:00,59.399875782203104,59.408048074838405,58.19881057739258,58.19881057739258,1428900,0.0,0.0
2006-04-06 00:00:00-04:00,58.19879334568313,58.22330398269901,57.74941088828876,58.010868072509766,1546700,0.0,0.0
2006-04-07 00:00:00-04:00,57.84748094474764,58.21515310246781,57.80662571227505,57.9046745300293,880200,0.0,0.0
2006-04-10 00:00:00-04:00,58.01086511371645,58.01903740351525,57.39807428505043,57.520633697509766,917900,0.0,0.0
2006-04-11 00:00:00-04:00,57.47977915140683,57.47977915140683,56.73626284545628,56.98954772949219,1470700,0.0,0.0
2006-04-12 00:00:00-04:00,57.07126320597027,57.14480136228699,56.64639755198377,56.9160270690918,802000,0.0,0.0
2006-04-13 00:00:00-04:00,56.94870376586914,57.079435495480084,56.76895698810205,56.94870376586914,721300,0.0,0.0
2006-04-17 00:00:00-04:00,56.621881567873885,57.70039330089856,56.621881567873885,57.60234451293945,1321500,0.0,0.0
2006-04-18 00:00:00-04:00,57.62683294006262,58.40303818655748,57.62683294006262,58.12523651123047,2222600,0.0,0.0
2006-04-19 00:00:00-04:00,58.092583370075694,58.30501932084247,57.44710945963092,57.9128303527832,890900,0.0,0.0
2006-04-20 00:00:00-04:00,57.91284177732698,58.41124570227436,57.91284177732698,58.305030822753906,915100,0.0,0.0
2006-04-21 00:00:00-04:00,58.58281264235411,58.623667866027105,57.59417731906042,57.986366271972656,673200,0.0,0.0
2006-04-24 00:00:00-04:00,57.98637788774796,58.215152225427985,57.64321638122793,58.04357147216797,838800,0.0,0.0
2006-04-25 00:00:00-04:00,58.01087928040391,58.01905157219845,57.50430316088998,57.54515838623047,915100,0.0,0.0
2006-04-26 00:00:00-04:00,56.86698783979415,56.87516012961972,50.04458450501965,50.65737533569336,10403400,0.0,0.0
2006-04-27 00:00:00-04:00,50.65737533569336,51.27016616636707,49.06411855257865,50.65737533569336,3904600,0.0,0.0
2006-04-28 00:00:00-04:00,50.31422343837578,50.943352733505236,49.987400353765,50.66555404663086,2306400,0.0,0.0
2006-05-01 00:00:00-04:00,50.289695464360385,50.485789883054764,48.941557634291115,48.966068267822266,3070000,0.0,0.0
2006-05-02 00:00:00-04:00,48.69644461942033,48.89253906142105,47.76500303275162,48.2552375793457,3799900,0.0,0.0
2006-05-03 00:00:00-04:00,48.181702288079684,48.516694490508755,47.88756218510481,48.001949310302734,3680300,0.0,0.0
2006-05-04 00:00:00-04:00,47.87939402064185,48.61474434144032,47.805858988562,47.903907775878906,2564900,0.0,0.0
2006-05-05 00:00:00-04:00,48.1898607696962,48.238885148253786,47.67511570369307,47.87937927246094,2604700,0.0,0.0
2006-05-08 00:00:00-04:00,47.59342454559961,47.7404946046995,46.825394438934524,47.054168701171875,2386000,0.0,0.0
2006-05-09 00:00:00-04:00,46.57213100163112,46.6211554194765,45.09326045654267,45.313865661621094,4429900,0.0,0.0
2006-05-10 00:00:00-04:00,44.73373675463549,46.580278672103695,44.41508597781354,46.27796936035156,3930000,0.0,0.0
2006-05-11 00:00:00-04:00,46.49039887696939,46.6946624869441,45.73053799851825,45.90211868286133,3162200,0.0,0.0
2006-05-12 00:00:00-04:00,45.83674878937677,47.560734004220066,45.65699894788512,47.26659393310547,4061700,0.0,0.0
2006-05-15 00:00:00-04:00,46.93980068146174,48.00197133878641,46.89894856326018,47.928436279296875,3221000,0.0,0.0
2006-05-16 00:00:00-04:00,47.93660545621045,48.38598810687809,47.42186315660052,47.928436279296875,2640200,0.0,0.0
2006-05-17 00:00:00-04:00,47.69120291117838,47.72392489752507,46.25146983786787,46.75046920776367,2999600,0.07,0.0
2006-05-18 00:00:00-04:00,46.104209541667856,46.856796268063576,45.31071878491374,45.32707977294922,2170600,0.0,0.0
2006-05-19 00:00:00-04:00,45.32708303803341,45.556130645950525,44.49269131135584,44.533592224121094,3013000,0.0,0.0
2006-05-22 00:00:00-04:00,44.296373999574534,44.729929373267964,43.6092279262554,44.58268356323242,3430600,0.0,0.0
2006-05-23 00:00:00-04:00,44.58266435487446,44.86897379517646,44.14910916797748,44.19001007080078,2730000,0.0,0.0
2006-05-24 00:00:00-04:00,43.96914595212349,44.26363747546119,43.38834495917368,43.89552307128906,2067000,0.0,0.0
2006-05-25 00:00:00-04:00,44.17366310845201,44.65630140427336,43.74010778392329,44.108219146728516,1875400,0.0,0.0
2006-05-26 00:00:00-04:00,44.45997257260115,44.81172606498494,43.854631530270815,44.03459930419922,2324600,0.0,0.0
2006-05-30 00:00:00-04:00,43.72372012531214,43.731899055269125,42.93022973635331,42.987491607666016,2027200,0.0,0.0
2006-05-31 00:00:00-04:00,43.04476665764614,43.4537819325549,42.47214464866612,42.782997131347656,2776600,0.0,0.0
2006-06-01 00:00:00-04:00,42.98751167508325,43.18384041161831,42.79118605908758,43.052955627441406,1597200,0.0,0.0
2006-06-02 00:00:00-04:00,43.1920135966689,43.71555266369511,42.95478398175421,43.29017639160156,1637400,0.0,0.0
2006-06-05 00:00:00-04:00,43.19202052799393,43.21656357106993,42.300366936206615,42.39853286743164,1817100,0.0,0.0
2006-06-06 00:00:00-04:00,42.45580036175781,43.764648411839865,42.45580036175781,43.34745407104492,3331200,0.0,0.0
2006-06-07 00:00:00-04:00,43.39652122382699,43.846437414353765,42.333082104253066,42.49668884277344,2588800,0.0,0.0
2006-06-08 00:00:00-04:00,42.29217524646619,42.86479719041241,41.727732234052134,42.69300842285156,2249500,0.0,0.0
2006-06-09 00:00:00-04:00,43.77282118836227,44.13275669189915,43.151119232177734,43.151119232177734,2508000,0.0,0.0
2006-06-12 00:00:00-04:00,43.028417930503494,43.22474669142869,42.455798878929556,42.4639778137207,1547600,0.0,0.0
2006-06-13 00:00:00-04:00,41.96496634014511,42.07949011717459,41.130574809666065,41.25328063964844,2256100,0.0,0.0
2006-06-14 00:00:00-04:00,41.065137140761735,41.695021083310564,40.71338372972097,41.59685516357422,2160100,0.0,0.0
2006-06-15 00:00:00-04:00,41.84227777066104,42.78301134312323,41.629588009554844,42.64394760131836,1352100,0.0,0.0
2006-06-16 00:00:00-04:00,42.7257388712612,43.14293623460308,42.619394017002016,43.1347541809082,1907800,0.0,0.0
2006-06-19 00:00:00-04:00,43.028408550570674,43.27382022836386,42.52123044950703,43.06113052368164,1660700,0.0,0.0
2006-06-20 00:00:00-04:00,43.06113052368165,43.32290006749121,42.782999993316594,43.06113052368164,1193500,0.0,0.0
2006-06-21 00:00:00-04:00,42.97115781258727,43.527419017714735,42.83209407157536,43.41289520263672,1525600,0.0,0.0
2006-06-22 00:00:00-04:00,43.519233393674334,43.870986840515116,42.897528320892725,43.1102180480957,2117200,0.0,0.0
2006-06-23 00:00:00-04:00,43.27383774411649,44.01006371387753,43.27383774411649,43.65013122558594,1978900,0.0,0.0
2006-06-26 00:00:00-04:00,43.47833914422635,43.66648585755238,43.16748656021206,43.38835525512695,2454500,0.0,0.0
2006-06-27 00:00:00-04:00,43.437444348095006,43.63377315885631,42.84028209948441,43.19203567504883,1739900,0.0,0.0
2006-06-28 00:00:00-04:00,43.3965271218669,43.887347404135596,43.15111854100226,43.813724517822266,1407900,0.0,0.0
2006-06-29 00:00:00-04:00,43.96915996210588,44.3618144114887,43.838275145644936,44.181846618652344,1873800,0.0,0.0
2006-06-30 00:00:00-04:00,44.29636972080022,45.089857486522966,44.29636972080022,44.549957275390625,2374800,0.0,0.0
2006-07-03 00:00:00-04:00,44.99169689488493,45.20438354353222,44.78718918172636,45.114402770996094,676800,0.0,0.0
2006-07-05 00:00:00-04:00,45.032576692437154,45.04075874462842,44.206367291819085,44.93441390991211,1648700,0.0,0.0
2006-07-06 00:00:00-04:00,44.967158007986676,45.08168183071804,44.71356731440998,44.836273193359375,776700,0.0,0.0
2006-07-07 00:00:00-04:00,44.74628399410642,45.04077557224469,43.7646464404921,43.977333068847656,1490200,0.0,0.0
2006-07-10 00:00:00-04:00,44.19002712275005,44.525419648183856,43.95279742607881,43.98551940917969,947300,0.0,0.0
2006-07-11 00:00:00-04:00,43.82190700988593,43.82190700988593,43.08567808697199,43.42925262451172,1112600,0.0,0.0
2006-07-12 00:00:00-04:00,43.273841554556284,43.568330096067406,42.308564715849116,42.455810546875,1627500,0.0,0.0
2006-07-13 00:00:00-04:00,42.08768020693352,42.08768020693352,40.909713999889924,41.269649505615234,2361000,0.0,0.0
2006-07-14 00:00:00-04:00,41.0978630143591,41.26964870939217,40.705205539227194,41.171485900878906,1800500,0.0,0.0
2006-07-17 00:00:00-04:00,41.06513651265131,41.392346878483586,40.90152976946563,41.14693832397461,1704200,0.0,0.0
2006-07-18 00:00:00-04:00,41.35144839296682,41.92407046736058,41.114218757490384,41.76046371459961,1576700,0.0,0.0
2006-07-19 00:00:00-04:00,42.12858332062743,43.102038782700085,42.0467814944343,42.652122497558594,1243400,0.0,0.0
2006-07-20 00:00:00-04:00,42.49669330177005,42.70120096624388,41.809547424316406,41.809547424316406,669000,0.0,0.0
2006-07-21 00:00:00-04:00,42.00588379776336,42.144950667918735,41.29419781679206,41.34328079223633,971400,0.0,0.0
2006-07-24 00:00:00-04:00,41.3841667654817,42.603033690892524,41.34326586098636,42.49668884277344,1214400,0.0,0.0
2006-07-25 00:00:00-04:00,42.37399146089908,43.51105368358493,42.365812526584186,43.355628967285156,2701600,0.0,0.0
2006-07-26 00:00:00-04:00,44.70537980781924,45.0898521217721,44.36998733960446,44.79536056518555,3225700,0.0,0.0
2006-07-27 00:00:00-04:00,44.99169282508863,45.122577624849114,44.45179263600916,44.70538330078125,1088600,0.0,0.0
2006-07-28 00:00:00-04:00,44.82807141108759,46.096018079946134,44.82807141108759,45.875152587890625,1238200,0.0,0.0
2006-07-31 00:00:00-04:00,45.80153871546819,45.80971764915393,44.83626227250358,44.893524169921875,1185300,0.0,0.0
2006-08-01 00:00:00-04:00,44.99168817589089,44.9998671097946,44.05095162945194,44.263641357421875,1867600,0.0,0.0
2006-08-02 00:00:00-04:00,45.564306646214426,49.17182159423828,45.515223685094526,49.17182159423828,5271200,0.0,0.0
2006-08-03 00:00:00-04:00,48.30470609568033,49.28634343551627,48.1001984465703,48.59101867675781,2327400,0.0,0.0
2006-08-04 00:00:00-04:00,49.032748185011286,49.41722352751013,48.25562168839952,48.517391204833984,1315700,0.0,0.0
2006-08-07 00:00:00-04:00,48.59921039012709,48.86916205580198,48.26381788220792,48.40288162231445,949700,0.0,0.0
2006-08-08 00:00:00-04:00,48.591030671071,48.721915473987735,47.363984473524155,47.543949127197266,1429100,0.0,0.0
2006-08-09 00:00:00-04:00,47.748445705468164,48.026576236952984,47.0367599504043,47.15946578979492,854400,0.0,0.0
2006-08-10 00:00:00-04:00,46.7095530321487,47.57666672186844,46.54594938399063,47.43760299682617,1296100,0.0,0.0
2006-08-11 00:00:00-04:00,47.216750704484525,47.30673461450648,46.69321135949204,46.79137420654297,1254100,0.0,0.0
2006-08-14 00:00:00-04:00,47.118567598810486,47.69118971932322,46.57048852153911,46.65229034423828,1076300,0.0,0.0
2006-08-15 00:00:00-04:00,47.36396700610068,48.80369930722389,47.20853921458634,48.386505126953125,1563000,0.0,0.0
2006-08-16 00:00:00-04:00,48.79602083093939,49.11543032668432,48.3947094617746,48.71411895751953,1174000,0.07,0.0
2006-08-17 00:00:00-04:00,48.59127057662625,49.13999906656918,48.57489020202895,49.000770568847656,721700,0.0,0.0
2006-08-18 00:00:00-04:00,49.000768081683546,49.11542757380777,48.63221748254364,48.83696746826172,694100,0.0,0.0
2006-08-21 00:00:00-04:00,48.5667097611332,48.836981318564504,48.15720967356169,48.59128189086914,497800,0.0,0.0
2006-08-22 00:00:00-04:00,48.59126565003568,48.984385227802036,48.46841441513015,48.89429473876953,730900,0.0,0.0
2006-08-23 00:00:00-04:00,48.89428847808137,49.34473774132923,48.34555698979899,48.47659683227539,475200,0.0,0.0
2006-08-24 00:00:00-04:00,48.47661019937499,48.57489245151018,47.84597980724137,47.90331268310547,736800,0.0,0.0
2006-08-25 00:00:00-04:00,47.739517443190856,48.38652828372265,47.567528168893794,48.321006774902344,621000,0.0,0.0
2006-08-28 00:00:00-04:00,48.353761526178005,49.508551419749665,48.32100077583511,49.18095016479492,1449000,0.0,0.0
2006-08-29 00:00:00-04:00,49.352938394287854,49.746061141776046,49.05810102002728,49.705108642578125,1493900,0.0,0.0
2006-08-30 00:00:00-04:00,49.87709836601764,50.548678077250855,49.58225788318611,50.47496795654297,1348100,0.0,0.0
2006-08-31 00:00:00-04:00,50.737064414716244,50.737064414716244,49.975393957762236,50.1064338684082,1389400,0.0,0.0
2006-09-01 00:00:00-04:00,50.36850355880881,51.564242893477406,50.36850355880881,51.23664474487305,1102600,0.0,0.0
2006-09-05 00:00:00-04:00,51.51510500229015,51.76899302127279,50.94999296161309,51.42501449584961,1466100,0.0,0.0
2006-09-06 00:00:00-04:00,51.343107460755455,51.343107460755455,50.11460749460103,50.262027740478516,1034700,0.0,0.0
2006-09-07 00:00:00-04:00,50.08184048907201,50.20468858813453,49.54948935375855,49.623199462890625,1142400,0.0,0.0
2006-09-08 00:00:00-04:00,49.91803064851987,50.7452189428292,49.795179447987955,50.655128479003906,880300,0.0,0.0
2006-09-11 00:00:00-04:00,50.655141357523696,51.21206152618387,50.06546356806446,50.91722106933594,1118000,0.0,0.0
2006-09-12 00:00:00-04:00,50.91722106933594,51.19568115366602,50.63057236086524,50.91722106933594,1314600,0.0,0.0
2006-09-13 00:00:00-04:00,50.83532139911554,51.9164009715828,50.696092921621016,51.900020599365234,1045500,0.0,0.0
2006-09-14 00:00:00-04:00,51.90002790505196,52.25219814671146,51.53966903824928,51.760799407958984,848500,0.0,0.0
2006-09-15 00:00:00-04:00,52.12935204565531,53.128533060667614,51.88364954251404,52.96472930908203,2211200,0.0,0.0
2006-09-18 00:00:00-04:00,53.15308307422711,53.366024750985375,51.908203125,51.908203125,1255300,0.0,0.0
2006-09-19 00:00:00-04:00,51.92460523236538,52.317724887609614,51.29397480908693,51.37587356567383,1079900,0.0,0.0
2006-09-20 00:00:00-04:00,51.55604321387663,52.09658301120676,51.55604321387663,51.80174255371094,613400,0.0,0.0
2006-09-21 00:00:00-04:00,52.00650647864248,52.21125650414894,51.69528556508616,51.96555709838867,897600,0.0,0.0
2006-09-22 00:00:00-04:00,51.97373445229112,52.15391543541379,51.59699523688624,51.695274353027344,607000,0.0,0.0
2006-09-25 00:00:00-04:00,51.96554199676053,52.3750419287693,51.41681046326577,52.15391159057617,829900,0.0,0.0
2006-09-26 00:00:00-04:00,52.29315676478767,52.43238528649213,51.842707320598905,52.19487762451172,944000,0.0,0.0
2006-09-27 00:00:00-04:00,51.84270361915367,52.25220365267658,51.793565614642795,51.95736312866211,865500,0.0,0.0
2006-09-28 00:00:00-04:00,51.84270186003068,52.05564361980997,51.506911968905385,51.57243347167969,889300,0.0,0.0
2006-09-29 00:00:00-04:00,51.80175477540254,53.92296197168082,51.80175477540254,53.54622268676758,2201900,0.0,0.0
2006-10-02 00:00:00-04:00,53.546214303521324,53.603544049891774,52.21124663891032,52.62074661254883,1319900,0.0,0.0
2006-10-03 00:00:00-04:00,52.416005279570754,52.46514328500843,50.1965158058309,50.59782409667969,2628500,0.0,0.0
2006-10-04 00:00:00-04:00,50.53231432809444,51.637963378227205,50.51593394874399,51.55606460571289,1184000,0.0,0.0
2006-10-05 00:00:00-04:00,51.43319949683538,51.72803999741085,50.778000120132695,51.59700012207031,1133200,0.0,0.0
2006-10-06 00:00:00-04:00,51.22844007258547,51.53966089085729,50.61419018412704,50.753421783447266,944700,0.0,0.0
2006-10-09 00:00:00-04:00,50.65514321497665,50.76980582680605,49.63139332684667,49.885284423828125,1559400,0.0,0.0
2006-10-10 00:00:00-04:00,49.79521558977897,50.532317079493346,49.79521558977897,50.40946578979492,1315900,0.0,0.0
2006-10-11 00:00:00-04:00,50.28659745149334,50.63876767483251,49.81157598773844,50.302974700927734,1077800,0.0,0.0
2006-10-12 00:00:00-04:00,50.28659999493184,51.03188985136571,50.28659999493184,50.45039749145508,1277100,0.0,0.0
2006-10-13 00:00:00-04:00,50.63057004427843,51.52327999811713,50.565051681441446,51.400428771972656,1200200,0.0,0.0
2006-10-16 00:00:00-04:00,51.768995899339416,52.25220608637191,51.367687597368544,51.91641616821289,987900,0.0,0.0
2006-10-17 00:00:00-04:00,51.91640853825388,51.97373828725275,51.37586867323808,51.47414779663086,674800,0.0,0.0
2006-10-18 00:00:00-04:00,51.883637925468044,52.284949216404044,51.40042790131397,52.14571762084961,860600,0.0,0.0
2006-10-19 00:00:00-04:00,52.538853272485085,54.60273060261749,52.538853272485085,53.70183181762695,2070500,0.0,0.0
2006-10-20 00:00:00-04:00,54.053997079359526,54.4143590594002,53.00567813575805,53.37422561645508,1325000,0.0,0.0
2006-10-23 00:00:00-04:00,52.94834506647568,54.2587436637547,52.94015331785955,54.16046142578125,946300,0.0,0.0
2006-10-24 00:00:00-04:00,53.75915863735515,53.94753138366062,52.67807890464408,52.76816940307617,1209200,0.0,0.0
2006-10-25 00:00:00-04:00,54.13588735857248,54.144079106421465,52.46512696033117,53.33327102661133,1423900,0.0,0.0
2006-10-26 00:00:00-04:00,53.366041906999946,54.73377037937222,53.366041906999946,54.42254638671875,1279600,0.0,0.0
2006-10-27 00:00:00-04:00,54.54540372973509,54.85662775717006,53.95572267614747,53.98848342895508,785700,0.0,0.0
2006-10-30 00:00:00-05:00,53.95571262485031,54.38159608353763,53.578973410456776,53.808292388916016,868300,0.0,0.0
2006-10-31 00:00:00-05:00,54.2669561909278,54.995865885025076,53.955732109082376,54.29971694946289,1893000,0.0,0.0
2006-11-01 00:00:00-05:00,54.18502189735727,54.32425034350211,53.628101864306224,53.97208023071289,1657000,0.0,0.0
2006-11-02 00:00:00-05:00,53.97209641751229,54.06218690932432,53.45612246468458,53.685447692871094,1093900,0.0,0.0
2006-11-03 00:00:00-05:00,53.972099690459,54.30788643155169,53.71001994796936,53.873817443847656,955400,0.0,0.0
2006-11-06 00:00:00-05:00,54.029423350279174,54.545391027777875,53.931141114743276,54.10313034057617,755200,0.0,0.0
2006-11-07 00:00:00-05:00,54.05399247206841,54.4553006666067,53.816481755328894,54.070369720458984,818200,0.0,0.0
2006-11-08 00:00:00-05:00,54.05399837666068,54.16865787333931,53.767349634964084,54.111328125,1043300,0.0,0.0
2006-11-09 00:00:00-05:00,54.16865686154832,54.74195433423316,53.93114612330066,54.1932258605957,1084800,0.0,0.0
2006-11-10 00:00:00-05:00,53.97209236153033,54.422538538266046,53.52983168454525,54.25054931640625,773300,0.0,0.0
2006-11-13 00:00:00-05:00,54.25056556667164,55.6920075106376,54.12771430040906,55.66743850708008,1258200,0.0,0.0
2006-11-14 00:00:00-05:00,55.691993755339546,56.183392450544915,55.069552075560246,56.134254455566406,1169700,0.0,0.0
2006-11-15 00:00:00-05:00,56.306262832804464,57.043364250492644,56.05237477445235,56.33902359008789,1482300,0.0,0.0
2006-11-16 00:00:00-05:00,56.69155680793046,57.06867992656435,56.55218644438245,56.81453323364258,873400,0.07,0.0
2006-11-17 00:00:00-05:00,56.658741312410335,56.98667623903726,56.37999443558398,56.470176696777344,653000,0.0,0.0
2006-11-20 00:00:00-05:00,56.593131557717605,57.33918338849362,56.22420881481182,57.17521286010742,1322400,0.0,0.0
2006-11-21 00:00:00-05:00,57.38021355349787,57.38841364966036,56.84731989006859,56.92110824584961,843500,0.0,0.0
2006-11-22 00:00:00-05:00,57.01947944063534,57.38840238258761,56.96209128844633,57.33921432495117,563900,0.0,0.0
2006-11-24 00:00:00-05:00,57.26543316496315,57.42940380237964,56.98669246361551,57.167057037353516,237500,0.0,0.0
2006-11-27 00:00:00-05:00,56.93746753811168,57.0112558489941,55.16662938981333,55.55195236206055,1496500,0.0,0.0
2006-11-28 00:00:00-05:00,55.133882787105804,56.28165260167201,55.133882787105804,56.15867614746094,1852000,0.0,0.0
2006-11-29 00:00:00-05:00,56.21602944497867,56.88009312890639,55.86350049755713,56.79811096191406,1500400,0.0,0.0
2006-11-30 00:00:00-05:00,56.929280166206574,57.462167311055204,56.420980787994864,56.962074279785156,2045500,0.0,0.0
2006-12-01 00:00:00-05:00,57.60157360142298,57.60157360142298,56.4128098259936,56.81453323364258,1103300,0.0,0.0
2006-12-04 00:00:00-05:00,57.01125034058061,57.576937734953944,56.855479897530266,57.49494934082031,912900,0.0,0.0
2006-12-05 00:00:00-05:00,57.48678604086097,57.67534443591886,56.9456923753774,57.54417419433594,857600,0.0,0.0
2006-12-06 00:00:00-05:00,57.55237528340923,58.78212694548926,57.55237528340923,58.609962463378906,1777600,0.0,0.0
2006-12-07 00:00:00-05:00,58.59355609582238,58.61815012307179,57.24082830355291,57.39659881591797,902100,0.0,0.0
2006-12-08 00:00:00-05:00,57.47036821119968,57.79830309675876,56.855492646340544,56.945674896240234,922800,0.0,0.0
2006-12-11 00:00:00-05:00,56.9456965952334,57.585166425581,56.937496499889434,57.10146713256836,791100,0.0,0.0
2006-12-12 00:00:00-05:00,57.18342240506843,57.798297914800344,56.978463901824455,57.04405212402344,934500,0.0,0.0
2006-12-13 00:00:00-05:00,57.47038763321678,57.945893065231786,57.355611322708306,57.617958068847656,735800,0.0,0.0
2006-12-14 00:00:00-05:00,57.708123089706454,58.191828472043966,57.216223869668845,57.48677062988281,695000,0.0,0.0
2006-12-15 00:00:00-05:00,57.57696068949132,57.89669553860687,56.765320298808355,57.24082565307617,992100,0.0,0.0
2006-12-18 00:00:00-05:00,56.420977526363025,57.412975949128,56.420977526363025,57.13423538208008,1122500,0.0,0.0
2006-12-19 00:00:00-05:00,57.052258888263246,57.37199998022482,56.9784768126988,57.30641174316406,935600,0.0,0.0
2006-12-20 00:00:00-05:00,57.30639837786499,57.80649762285006,57.093239784550754,57.68352127075195,768400,0.0,0.0
2006-12-21 00:00:00-05:00,57.839311846866615,58.50337562234702,57.52777081257071,57.77372360229492,993500,0.0,0.0
2006-12-22 00:00:00-05:00,57.79831985125294,58.1672427951762,57.4539909362793,57.4539909362793,1233500,0.0,0.0
2006-12-26 00:00:00-05:00,57.44577922287266,57.79010806820339,57.35559696507106,57.65073776245117,373200,0.0,0.0
2006-12-27 00:00:00-05:00,57.99506594209223,58.167230362781424,57.29820816649173,57.42118453979492,562500,0.0,0.0
2006-12-28 00:00:00-05:00,57.13426810773934,57.68355571966618,56.986697648059206,57.42940902709961,576100,0.0,0.0
2006-12-29 00:00:00-05:00,57.38837121590414,57.470353352388216,56.43736091914784,56.61772537231445,703600,0.0,0.0
2007-01-03 00:00:00-05:00,56.568556923670144,58.85589497594696,56.568556923670144,57.65073776245117,1854800,0.0,0.0
2007-01-04 00:00:00-05:00,57.65897593279903,57.806546428943165,56.93751739394219,57.23265838623047,1154700,0.0,0.0
2007-01-05 00:00:00-05:00,56.85550412599174,56.91289227343895,56.371804919627984,56.38819885253906,947800,0.0,0.0
2007-01-08 00:00:00-05:00,56.37999330723794,56.68333420289374,55.95368228954173,56.37179946899414,745400,0.0,0.0
2007-01-09 00:00:00-05:00,56.39641387168577,56.560378263545445,55.51919124007126,55.9127082824707,1068500,0.0,0.0
2007-01-10 00:00:00-05:00,55.707727712172655,56.732520394551386,55.37159896486827,56.502967834472656,843500,0.0,0.0
2007-01-11 00:00:00-05:00,56.69153888714546,57.33100859289646,56.330809820377674,57.21623229980469,783200,0.0,0.0
2007-01-12 00:00:00-05:00,56.98667875698534,57.249025458910936,56.29801475515643,56.87190246582031,795900,0.0,0.0
2007-01-16 00:00:00-05:00,56.69151741877174,57.03584616765404,56.39637670406219,56.86368179321289,860400,0.0,0.0
2007-01-17 00:00:00-05:00,56.83090931876946,57.94588438657996,56.4127921046308,57.83110809326172,1425900,0.0,0.0
2007-01-18 00:00:00-05:00,57.55234257078576,58.290194399608524,57.232607820768706,57.945865631103516,2126500,0.0,0.0
2007-01-19 00:00:00-05:00,57.9950735063056,58.58535517127994,57.986879667231335,58.48697280883789,1034200,0.0,0.0
2007-01-22 00:00:00-05:00,58.38038227426656,58.96246370241997,58.13443581080259,58.82309341430664,1271100,0.0,0.0
2007-01-23 00:00:00-05:00,58.70013961236823,59.5199739819679,58.618157426376236,59.32321548461914,1434000,0.0,0.0
2007-01-24 00:00:00-05:00,59.20021787353329,59.437970506138356,58.88868317641507,59.3395881652832,683000,0.0,0.0
2007-01-25 00:00:00-05:00,59.437988382966715,59.51997056425119,58.64274808934443,58.88050079345703,1203800,0.0,0.0
2007-01-26 00:00:00-05:00,58.95427986242818,59.32320274760232,57.699928292191366,58.00326919555664,1015000,0.0,0.0
2007-01-29 00:00:00-05:00,58.077048607149024,58.80670676042049,57.97047241861367,58.40498352050781,1065000,0.0,0.0
2007-01-30 00:00:00-05:00,58.39679051382331,58.6181429869599,57.79830881931011,57.88029098510742,805200,0.0,0.0
2007-01-31 00:00:00-05:00,57.83930744125432,58.97067642716309,57.73272498823387,58.667335510253906,955700,0.0,0.0
2007-02-01 00:00:00-05:00,58.98708165613758,59.560969480072174,58.90509946838692,59.528175354003906,1126300,0.0,0.0
2007-02-02 00:00:00-05:00,59.5281521235204,59.77410484563088,59.29859958546398,59.41337585449219,733900,0.0,0.0
2007-02-05 00:00:00-05:00,59.208446345139706,59.577369354211,58.9378994692391,59.101863861083984,581500,0.0,0.0
2007-02-06 00:00:00-05:00,59.35601088327553,59.560969480072174,59.036275972659965,59.528175354003906,675300,0.0,0.0
2007-02-07 00:00:00-05:00,59.52815338675371,60.66772226402885,59.12643643663023,60.62672805786133,1587400,0.0,0.0
2007-02-08 00:00:00-05:00,60.54476151960347,62.381188591621246,60.54476151960347,61.35639572143555,1699800,0.0,0.0
2007-02-09 00:00:00-05:00,61.4875642730696,61.6925228206465,60.3889894603799,60.42997741699219,1455800,0.0,0.0
2007-02-12 00:00:00-05:00,60.01184811530999,60.421765127722864,58.806697352879404,58.88867950439453,1958100,0.0,0.0
2007-02-13 00:00:00-05:00,58.89688829509173,59.110046947021864,58.052460035894654,58.167236328125,2821900,0.0,0.0
2007-02-14 00:00:00-05:00,58.29022634404521,59.175649023865304,58.26563231207914,58.76573181152344,1626700,0.0,0.0
2007-02-15 00:00:00-05:00,58.97088527420975,59.29918652115563,58.63438103591367,58.92985153198242,930700,0.08,0.0
2007-02-16 00:00:00-05:00,58.68365956482849,59.7095976691087,58.626207281461966,59.65214538574219,1308800,0.0,0.0
2007-02-20 00:00:00-05:00,59.61927888539455,59.8162571300559,59.135039396055085,59.668521881103516,1337900,0.0,0.0
2007-02-21 00:00:00-05:00,59.66035012799445,59.66855312369072,58.224036890721564,58.44563674926758,1931400,0.0,0.0
2007-02-22 00:00:00-05:00,58.15015909634397,58.15836835288076,56.41017242022633,56.459415435791016,3301700,0.0,0.0
2007-02-23 00:00:00-05:00,56.6317668729496,56.6317668729496,54.75224806154401,55.34318923950195,4727000,0.0,0.0
2007-02-26 00:00:00-05:00,54.785072060836285,54.8753550775381,52.12584021915787,53.65243911743164,5238500,0.0,0.0
2007-02-27 00:00:00-05:00,53.767339774779245,54.25157931883044,52.28998711833693,53.25026321411133,4129700,0.0,0.0
2007-02-28 00:00:00-05:00,53.25028195247101,53.89047250342489,52.741420728719184,53.11896514892578,3203400,0.0,0.0
2007-03-01 00:00:00-05:00,52.93839754230854,54.7112213028913,51.715478143961526,54.29263687133789,3735900,0.0,0.0
2007-03-02 00:00:00-05:00,54.579884408321966,56.01619715590939,53.84120802862597,54.251583099365234,3781200,0.0,0.0
2007-03-05 00:00:00-05:00,53.73452915045498,53.97254751548496,52.78245569033505,52.93840026855469,2772200,0.0,0.0
2007-03-06 00:00:00-05:00,53.48009437264184,54.235183171485225,53.06150995209315,53.93150329589844,3166700,0.0,0.0
2007-03-07 00:00:00-05:00,53.8412305949627,54.16953204151958,53.08614165116236,53.356990814208984,2433800,0.0,0.0
2007-03-08 00:00:00-05:00,53.84121733873254,54.309044749797934,53.22565462618187,53.60319900512695,1931900,0.0,0.0
2007-03-09 00:00:00-05:00,53.759144975909095,53.88225877402103,52.938394670933384,53.20924377441406,2682000,0.0,0.0
2007-03-12 00:00:00-04:00,53.04508401178785,53.05329326722944,52.02735550098223,52.17509078979492,2960800,0.0,0.0
2007-03-13 00:00:00-04:00,51.75651021166115,51.764716336292665,48.13700185191851,48.88388442993164,13429800,0.0,0.0
2007-03-14 00:00:00-04:00,49.08086543360735,49.83595730875622,48.43247197002693,49.43378829956055,6619200,0.0,0.0
2007-03-15 00:00:00-04:00,49.57333073356161,52.76604963132142,49.52408457714638,52.12586212158203,6605900,0.0,0.0
2007-03-16 00:00:00-04:00,52.76604368511233,53.578584823453085,51.72369030697937,51.87142562866211,5758400,0.0,0.0
2007-03-19 00:00:00-04:00,52.749622316662375,53.15999749226427,51.90425358772912,52.75783157348633,3937500,0.0,0.0
2007-03-20 00:00:00-04:00,52.51158987642752,53.020454050667844,52.34743923382685,52.88092803955078,2654100,0.0,0.0
2007-03-21 00:00:00-04:00,53.25848104671386,54.55526789159744,52.77424142466524,54.47319412231445,2235500,0.0,0.0
2007-03-22 00:00:00-04:00,53.414425670976875,54.760455527064295,53.414425670976875,54.44856643676758,2280300,0.0,0.0
2007-03-23 00:00:00-04:00,54.41573974544976,54.612718036448506,53.742724844529334,53.81658935546875,1792000,0.0,0.0
2007-03-26 00:00:00-04:00,53.60320608209559,53.61141533932519,52.363874368139456,52.93840026855469,2493600,0.0,0.0
2007-03-27 00:00:00-04:00,52.61008703062801,52.70857930975254,51.57594314712902,51.649810791015625,3423400,0.0,0.0
2007-03-28 00:00:00-04:00,51.55952447123913,51.55952447123913,50.36943612066163,50.492549896240234,4826700,0.0,0.0
2007-03-29 00:00:00-04:00,50.64028089246312,50.99320367963796,50.262736604619874,50.96037292480469,2669000,0.0,0.0
2007-03-30 00:00:00-04:00,50.96858812781509,51.33792635820203,50.648496038450965,50.935760498046875,2445200,0.0,0.0
2007-04-02 00:00:00-04:00,50.91934226792577,51.116320559165494,50.139628965394245,50.295570373535156,3130900,0.0,0.0
2007-04-03 00:00:00-04:00,50.328408172557495,50.771614086214875,49.942654529457855,50.385860443115234,2541700,0.0,0.0
2007-04-04 00:00:00-04:00,50.38585527812655,50.42689216275917,50.016517054605785,50.1068000793457,2032100,0.0,0.0
2007-04-05 00:00:00-04:00,49.98368341835924,50.22990782747706,49.70462825311552,50.15604019165039,1812700,0.0,0.0
2007-04-09 00:00:00-04:00,50.156042954983306,50.77981170117568,50.10679681808125,50.7059440612793,2471400,0.0,0.0
2007-04-10 00:00:00-04:00,50.730569638723736,50.78802190072132,49.253216813318794,49.39274597167969,3676700,0.0,0.0
2007-04-11 00:00:00-04:00,49.540494164684475,49.80313403966521,49.171155862082095,49.74568176269531,3536800,0.0,0.0
2007-04-12 00:00:00-04:00,49.86057427677443,50.96858578611511,49.647180603973716,50.90292739868164,5403700,0.0,0.0
2007-04-13 00:00:00-04:00,51.124524902249625,51.66621984748265,50.98499575602352,51.54310607910156,5105400,0.0,0.0
2007-04-16 00:00:00-04:00,53.34055071317003,53.98894408573896,52.51980369072932,53.939701080322266,7881800,0.0,0.0
2007-04-17 00:00:00-04:00,54.23517260483419,58.585144738182656,54.177720343546675,56.139312744140625,11226400,0.0,0.0
2007-04-18 00:00:00-04:00,55.40064910527654,56.63177464094935,54.53885872557426,55.72895050048828,4234300,0.0,0.0
2007-04-19 00:00:00-04:00,55.646866153720346,56.434785595561124,55.252903301886406,55.79460144042969,1752000,0.0,0.0
2007-04-20 00:00:00-04:00,56.53328262808798,56.53328262808798,55.37602787488755,55.876686096191406,1976600,0.0,0.0
2007-04-23 00:00:00-04:00,55.93412836099647,56.18855892366335,55.02309512211074,55.06412887573242,2263500,0.0,0.0
2007-04-24 00:00:00-04:00,56.00800207092363,57.2965798685755,55.26112250937128,55.80281448364258,3475500,0.0,0.0
2007-04-25 00:00:00-04:00,57.20629291042173,57.85468639323233,54.596306728525576,56.18856430053711,4557000,0.0,0.0
2007-04-26 00:00:00-04:00,55.98336047120198,56.35270175285672,55.6058161975162,55.76176071166992,1886800,0.0,0.0
2007-04-27 00:00:00-04:00,55.28573488615295,55.72073149744587,54.858941268480024,55.08054733276367,2084400,0.0,0.0
2007-04-30 00:00:00-04:00,55.351383709923105,55.351383709923105,54.210541675704086,54.26799392700195,1740900,0.0,0.0
2007-05-01 00:00:00-04:00,54.26801657938718,54.60452097407283,53.48009697762867,53.734527587890625,2916500,0.0,0.0
2007-05-02 00:00:00-04:00,53.52932522912172,54.415736884756924,53.34875919610418,54.251583099365234,2266000,0.0,0.0
2007-05-03 00:00:00-04:00,54.3254512499161,55.14620135183681,54.05460221344394,54.4649772644043,2154500,0.0,0.0
2007-05-04 00:00:00-04:00,54.867169238495734,55.16263991710416,54.43217247883036,54.9410400390625,2069600,0.0,0.0
2007-05-07 00:00:00-04:00,54.826130412303634,54.826130412303634,53.63603854942825,53.80839538574219,1986300,0.0,0.0
2007-05-08 00:00:00-04:00,53.60318383911056,56.254209259641655,53.55394083982376,55.999778747558594,3229100,0.0,0.0
2007-05-09 00:00:00-04:00,55.81103301670604,56.787728098283765,55.27754394873932,56.30348205566406,2545000,0.0,0.0
2007-05-10 00:00:00-04:00,55.57301522402231,56.39376571841667,54.92462158203125,54.92462158203125,2136700,0.0,0.0
2007-05-11 00:00:00-04:00,54.94922527953042,56.1885598775655,54.76866548924074,55.893089294433594,1452500,0.0,0.0
2007-05-14 00:00:00-04:00,55.687884726130044,56.36089945726891,55.43345423686578,55.778167724609375,1647500,0.0,0.0
2007-05-15 00:00:00-04:00,55.77819660555651,56.14753804379905,54.87537241512245,54.89178466796875,2099800,0.0,0.0
2007-05-16 00:00:00-04:00,54.776749979511344,56.06687113202756,54.776749979511344,56.01756286621094,1787600,0.08,0.0
2007-05-17 00:00:00-04:00,56.02577303078528,56.02577303078528,54.98217456560756,55.14651870727539,2174000,0.0,0.0
2007-05-18 00:00:00-04:00,55.14649812456166,55.795667899711546,54.924626719860846,55.606666564941406,1370300,0.0,0.0
2007-05-21 00:00:00-04:00,55.87783558129983,56.6831365584742,55.672402362250935,56.091487884521484,1982100,0.0,0.0
2007-05-22 00:00:00-04:00,56.09971592719993,56.26406630864526,55.442333209396644,55.91072082519531,1777500,0.0,0.0
2007-05-23 00:00:00-04:00,56.49416363490549,59.304489979450565,56.37090238765475,59.25518798828125,5954200,0.0,0.0
2007-05-24 00:00:00-04:00,59.403071576363345,60.553498880216644,57.28299920817541,57.447349548339844,2962300,0.0,0.0
2007-05-25 00:00:00-04:00,57.52954599278791,58.137626836085914,57.15154945401741,57.38163375854492,1609800,0.0,0.0
2007-05-29 00:00:00-04:00,57.381635453699694,58.28554079218662,57.28302520484888,58.22801971435547,1803700,0.0,0.0
2007-05-30 00:00:00-04:00,57.5459777601466,59.68248292902031,57.12689205258234,59.624961853027344,3085200,0.0,0.0
2007-05-31 00:00:00-04:00,59.633182296042534,59.904355775883616,57.18441442813369,57.23372268676758,3227000,0.0,0.0
2007-06-01 00:00:00-04:00,57.808923100889686,57.94861622511152,56.63384450146988,56.798194885253906,2298600,0.0,0.0
2007-06-04 00:00:00-04:00,57.020055392741604,58.87717382665241,57.020055392741604,58.35947799682617,2640900,0.0,0.0
2007-06-05 00:00:00-04:00,58.03078336555265,59.41950779220961,57.43913463662962,57.81713104248047,4194800,0.0,0.0
2007-06-06 00:00:00-04:00,58.87717825505487,58.89361015865921,57.652797683435146,58.121185302734375,2518600,0.0,0.0
2007-06-07 00:00:00-04:00,58.10474909207186,58.121187265557396,56.346240688696504,56.44485092163086,3186400,0.0,0.0
2007-06-08 00:00:00-04:00,56.00111270378898,56.43663024902344,55.50807409162406,56.43663024902344,2242600,0.0,0.0
2007-06-11 00:00:00-04:00,56.436640109228584,56.79820474700502,56.19833671336022,56.24763870239258,1426300,0.0,0.0
2007-06-12 00:00:00-04:00,56.14080867059278,56.14902775752077,54.86711977779024,54.89177703857422,2810400,0.0,0.0
2007-06-13 00:00:00-04:00,55.05612297734554,55.0972121440145,53.82352320919601,54.90821075439453,2796300,0.0,0.0
2007-06-14 00:00:00-04:00,54.908210023402106,55.51629081218238,54.891778118549254,55.031471252441406,1311500,0.0,0.0
2007-06-15 00:00:00-04:00,55.516275439963266,55.97645014966781,55.4834053700326,55.606666564941406,2109100,0.0,0.0
2007-06-18 00:00:00-04:00,56.00111233568603,56.04219522932284,54.93285679191207,55.05611801147461,1788900,0.0,0.0
2007-06-19 00:00:00-04:00,54.62881955556066,55.12185816448478,54.26725498333082,55.05611801147461,1606700,0.0,0.0
2007-06-20 00:00:00-04:00,55.056120766288615,55.138292826999894,52.61557232027286,52.78813552856445,4747300,0.0,0.0
2007-06-21 00:00:00-04:00,52.78814426659363,52.90318642449763,51.12002670765814,52.58271408081055,6605200,0.0,0.0
2007-06-22 00:00:00-04:00,52.18827671019688,52.42658010219398,51.90888728311907,52.07323455810547,4121200,0.0,0.0
2007-06-25 00:00:00-04:00,52.138962788967206,52.204699803118466,49.82167583253869,50.22432327270508,4866300,0.0,0.0
2007-06-26 00:00:00-04:00,51.48978841216764,51.53909351945646,50.48727317326624,50.99674987792969,5902100,0.0,0.0
2007-06-27 00:00:00-04:00,50.87350397372121,51.68702124795161,49.79703231754358,51.41584777832031,6537700,0.0,0.0
2007-06-28 00:00:00-04:00,51.53910784780502,51.744541149960284,50.840632739679066,51.38297653198242,3253700,0.0,0.0
2007-06-29 00:00:00-04:00,51.382979119329995,52.11432121028272,50.53659487492362,51.11180877685547,5527000,0.0,0.0
2007-07-02 00:00:00-04:00,51.12001691801748,51.52266752823637,49.81346112479885,50.980323791503906,3154900,0.0,0.0
2007-07-03 00:00:00-04:00,50.99675337951963,51.177532515999694,49.89563098509679,50.03532409667969,2814400,0.0,0.0
2007-07-05 00:00:00-04:00,50.043566307339134,50.602345281205245,49.624480509607444,50.47908401489258,2504700,0.0,0.0
2007-07-06 00:00:00-04:00,52.180056892819195,52.344404155634756,50.53659053399024,51.185760498046875,2526200,0.0,0.0
2007-07-09 00:00:00-04:00,51.02141712911118,51.17754531663661,50.00246652962055,50.53659439086914,2861100,0.0,0.0
2007-07-10 00:00:00-04:00,49.87920435514075,50.29007094268777,48.925993997418196,49.62446594238281,4684900,0.0,0.0
2007-07-11 00:00:00-04:00,49.59158750459971,50.28184338072541,49.53406644281113,50.03532409667969,3039200,0.0,0.0
2007-07-12 00:00:00-04:00,50.03532489811488,50.27362823486328,49.64910936163732,50.27362823486328,4054700,0.0,0.0
2007-07-13 00:00:00-04:00,50.53659087314344,51.555541401707465,50.2818524573366,51.44871520996094,3152000,0.0,0.0
2007-07-16 00:00:00-04:00,51.358315762445464,51.374750799648986,50.19145633296086,50.22432327270508,2287500,0.0,0.0
2007-07-17 00:00:00-04:00,50.41333014366704,50.78311070750093,49.85455132157658,49.944942474365234,2487300,0.0,0.0
2007-07-18 00:00:00-04:00,49.336856287700286,49.50120353533702,47.578347947712125,48.94242477416992,6526700,0.0,0.0
2007-07-19 00:00:00-04:00,50.06000020774205,50.06000020774205,48.63018576191404,48.876705169677734,2903400,0.0,0.0
2007-07-20 00:00:00-04:00,48.49047462245693,48.63838684883257,47.66052547193885,48.252174377441406,4913800,0.0,0.0
2007-07-23 00:00:00-04:00,48.687706157180294,49.16431305542531,48.17823230379006,48.40010070800781,4475000,0.0,0.0
2007-07-24 00:00:00-04:00,48.07138451897068,48.07138451897068,45.76231346744405,45.96774673461914,6346300,0.0,0.0
2007-07-25 00:00:00-04:00,45.94309564838651,47.91525626295736,45.597969264901195,47.13460922241211,6727100,0.0,0.0
2007-07-26 00:00:00-04:00,46.42793573434923,46.67445512016517,44.546165551381,45.458290100097656,6512200,0.0,0.0
2007-07-27 00:00:00-04:00,45.60618374165019,46.22248352194276,44.7022786510862,45.20353317260742,4098500,0.0,0.0
2007-07-30 00:00:00-04:00,44.46398609286133,45.35145636153562,43.89698815139655,44.809112548828125,4530300,0.0,0.0
2007-07-31 00:00:00-04:00,45.19531640255324,46.21426673342604,43.96271686430178,44.20923614501953,6319600,0.0,0.0
2007-08-01 00:00:00-04:00,44.37361044881336,45.68016688185945,42.77944853524267,45.51581954956055,9288000,0.0,0.0
2007-08-02 00:00:00-04:00,44.77623436336968,47.86594918929854,44.77623436336968,47.04421615600586,9232500,0.0,0.0
2007-08-03 00:00:00-04:00,46.91274216439025,46.9373931539618,43.76550292968749,43.7655029296875,8220000,0.0,0.0
2007-08-06 00:00:00-04:00,43.83945009007058,44.58722692294052,43.01771716890965,44.480403900146484,5806900,0.0,0.0
2007-08-07 00:00:00-04:00,44.094210270158705,46.13210854813531,43.58473648433053,45.910240173339844,5530100,0.0,0.0
2007-08-08 00:00:00-04:00,46.608710226162174,49.21360308395547,46.01706129217051,47.95635223388672,6605400,0.0,0.0
2007-08-09 00:00:00-04:00,45.49114566089356,48.046736145199226,45.19532123851356,46.63335418701172,5524300,0.0,0.0
2007-08-10 00:00:00-04:00,45.60618495618712,45.79518318435051,43.297113922719554,44.94879913330078,6901900,0.0,0.0
2007-08-13 00:00:00-04:00,46.00883380238793,46.26356903591037,42.75476861605032,43.0670280456543,6036500,0.0,0.0
2007-08-14 00:00:00-04:00,43.0670326789495,43.486115190753104,40.30600889515634,41.070220947265625,11519700,0.0,0.0
2007-08-15 00:00:00-04:00,40.51144508592318,41.456439495362226,39.51714869194308,40.412837982177734,8857400,0.0,0.0
2007-08-16 00:00:00-04:00,39.515689902499204,41.21945202786984,35.96001870300658,40.495147705078125,16909600,0.08,0.0
2007-08-17 00:00:00-04:00,41.8285189753736,44.21542904192742,39.005381751600765,41.13713836669922,8928100,0.0,0.0
2007-08-20 00:00:00-04:00,40.57745442777913,40.709145839894525,37.16170705238625,37.77077865600586,13725600,0.0,0.0
2007-08-21 00:00:00-04:00,36.96415224282336,39.71321201905995,36.64315476202725,38.51152801513672,11665300,0.0,0.0
2007-08-22 00:00:00-04:00,38.70084607825251,39.74614790208749,37.97654183422305,38.33869552612305,7895300,0.0,0.0
2007-08-23 00:00:00-04:00,38.86545559427978,39.5897565957971,37.77900095223372,38.05884552001953,6814600,0.0,0.0
2007-08-24 00:00:00-04:00,37.77901185567488,38.50331306623355,37.77901185567488,38.2317008972168,5966700,0.0,0.0
2007-08-27 00:00:00-04:00,38.02592469804001,38.73376707703256,37.787233079120135,37.984771728515625,4266700,0.0,0.0
2007-08-28 00:00:00-04:00,37.58147125660761,38.42100515965787,36.799552148296705,36.89832305908203,3938000,0.0,0.0
2007-08-29 00:00:00-04:00,37.36747943781257,37.89424514770508,36.71725164101406,37.89424514770508,3044500,0.0,0.0
2007-08-30 00:00:00-04:00,37.40037853908096,37.93537642318217,36.66784519668695,37.1123046875,3182700,0.0,0.0
2007-08-31 00:00:00-04:00,37.86954924049188,38.14939390447606,37.22755395125749,37.737857818603516,3412100,0.0,0.0
2007-09-04 00:00:00-04:00,37.655554370081084,38.51977958012867,37.53209228017227,38.050628662109375,5173200,0.0,0.0
2007-09-05 00:00:00-04:00,37.77900067313771,37.943612537867324,36.84069608942058,36.9970817565918,4388900,0.0,0.0
2007-09-06 00:00:00-04:00,37.416854584976065,38.32223572252025,36.923012611603376,37.88600540161133,3216800,0.0,0.0
2007-09-07 00:00:00-04:00,37.03824199654438,37.30162479956037,36.39624680666422,36.44562911987305,4249600,0.0,0.0
2007-09-10 00:00:00-04:00,36.824239424475465,37.09585152791882,36.21516481651696,36.338626861572266,3110500,0.0,0.0
2007-09-11 00:00:00-04:00,36.4127064345419,37.20285479607206,36.37978280120219,36.643165588378906,3306100,0.0,0.0
2007-09-12 00:00:00-04:00,36.47853887657314,36.89830721776722,36.28923275516444,36.42915344238281,2577500,0.0,0.0
2007-09-13 00:00:00-04:00,36.634938854199675,37.26047542665096,35.80363739053926,36.87363052368164,4130300,0.0,0.0
2007-09-14 00:00:00-04:00,36.35507613764204,37.754298680833486,35.737772351507815,36.527923583984375,2853500,0.0,0.0
2007-09-17 00:00:00-04:00,36.57733380126719,36.865411005248525,34.91472729124071,35.28511047363281,3071200,0.0,0.0
2007-09-18 00:00:00-04:00,35.39210294639292,39.40046349397639,35.39210294639292,38.84900665283203,9075200,0.0,0.0
2007-09-19 00:00:00-04:00,39.46631774851122,41.145386008332466,39.35108812789496,40.083621978759766,4705100,0.0,0.0
2007-09-20 00:00:00-04:00,40.08360964676889,40.62683707666919,39.03830776170288,39.244075775146484,3378500,0.0,0.0
2007-09-21 00:00:00-04:00,39.32637866528872,40.14122131663526,39.227610905655055,39.78730010986328,2914700,0.0,0.0
2007-09-24 00:00:00-04:00,39.943678561664754,39.98483466874812,38.297534750974826,38.766685485839844,4129000,0.0,0.0
2007-09-25 00:00:00-04:00,38.421000654097135,38.700845255630355,37.62261982094668,37.91892623901367,3679000,0.0,0.0
2007-09-26 00:00:00-04:00,37.78723632462685,39.21115054290724,37.16170297072697,39.0053825378418,4521700,0.0,0.0
2007-09-27 00:00:00-04:00,39.22759500422898,42.272960759760096,39.071212519886515,41.4581184387207,7232600,0.0,0.0
2007-09-28 00:00:00-04:00,41.23591351982144,42.256524368823804,40.988992502411996,41.48283767700195,3680700,0.0,0.0
2007-10-01 00:00:00-04:00,41.48283677800469,43.31828725865825,41.095991870591746,43.310054779052734,3497800,0.0,0.0
2007-10-02 00:00:00-04:00,43.26889779446815,44.36358513759984,42.71744102325136,43.61458969116211,7382500,0.0,0.0
2007-10-03 00:00:00-04:00,43.42528331859284,46.08380900769622,43.25243892833537,44.38004684448242,5802900,0.0,0.0
2007-10-04 00:00:00-04:00,44.61051118849642,44.717511447205574,42.5445983323102,43.00551986694336,3880200,0.0,0.0
2007-10-05 00:00:00-04:00,43.03020830872678,44.19073984212541,42.91497871728975,43.45820617675781,3451100,0.0,0.0
2007-10-08 00:00:00-04:00,43.268905952119894,43.63105659523674,42.26475684832464,42.421142578125,2692400,0.0,0.0
2007-10-09 00:00:00-04:00,42.48698246495165,42.618673880140626,41.58160437799883,42.55282974243164,2872400,0.0,0.0
2007-10-10 00:00:00-04:00,42.45404597771311,42.6680432693893,41.32643532381101,41.705047607421875,2696500,0.0,0.0
2007-10-11 00:00:00-04:00,42.0672062940297,42.190665198051555,39.85314082185749,40.462215423583984,3866200,0.0,0.0
2007-10-12 00:00:00-04:00,40.57745804860531,41.277071288960435,40.36346066223637,40.659767150878906,1987000,0.0,0.0
2007-10-15 00:00:00-04:00,40.503365905573176,40.503365905573176,39.408681952872016,39.680294036865234,3218100,0.0,0.0
2007-10-16 00:00:00-04:00,39.42514111749939,39.53213819260641,38.81606659408883,39.32637023925781,2468900,0.0,0.0
2007-10-17 00:00:00-04:00,39.73790343283129,39.77905953250689,38.272836709743714,38.93129348754883,3647600,0.0,0.0
2007-10-18 00:00:00-04:00,38.93130049486287,39.046530059247935,38.486840912431745,38.766685485839844,2495600,0.0,0.0
2007-10-19 00:00:00-04:00,38.72553804168751,39.16176834878061,38.050619234227156,38.15761947631836,3516000,0.0,0.0
2007-10-22 00:00:00-04:00,37.58147469475561,39.26054265446596,37.44978327476486,38.470394134521484,2744800,0.0,0.0
2007-10-23 00:00:00-04:00,39.15353679352945,39.43338141344867,38.56092391846035,38.997154235839844,3271400,0.0,0.0
2007-10-24 00:00:00-04:00,37.72139354434756,38.7008481531603,36.79955058806072,37.8036994934082,8706200,0.0,0.0
2007-10-25 00:00:00-04:00,36.577326662475556,37.56501390949712,35.663719177246094,35.663719177246094,8050800,0.0,0.0
2007-10-26 00:00:00-04:00,36.420942991594835,36.676096490893094,33.3344223990868,35.71310043334961,12871100,0.0,0.0
2007-10-29 00:00:00-04:00,36.14110999270614,36.272801454884046,35.19457544970912,35.63080596923828,3079400,0.0,0.0
2007-10-30 00:00:00-04:00,35.63901903277507,36.215170094043536,35.400327385428454,35.59786605834961,2199900,0.0,0.0
2007-10-31 00:00:00-04:00,35.84479061335454,36.667862742890904,35.49086934647222,35.98471450805664,3806500,0.0,0.0
2007-11-01 00:00:00-04:00,35.59784203612959,35.8036099091708,34.44554069119138,34.58546447753906,4215700,0.0,0.0
2007-11-02 00:00:00-04:00,34.48670697528677,34.610165851756975,33.39202005992118,33.78709411621094,5504900,0.0,0.0
2007-11-05 00:00:00-05:00,33.73772122814291,34.108101100590815,33.0298788358525,33.68010330200195,5218000,0.0,0.0
2007-11-06 00:00:00-05:00,33.70481099851087,33.99288504491467,32.009280946011245,33.828269958496094,6956600,0.0,0.0
2007-11-07 00:00:00-05:00,33.02165141688154,33.32619035123356,31.894043531173313,32.09981155395508,10394300,0.0,0.0
2007-11-08 00:00:00-05:00,32.25620070887974,32.2973568336584,30.45367359148524,31.309669494628906,8664300,0.0,0.0
2007-11-09 00:00:00-05:00,30.65942938102419,32.55249419136157,30.65942938102419,31.811731338500977,6096000,0.0,0.0
2007-11-12 00:00:00-05:00,31.81995307500778,33.75417039182132,31.64710876460715,32.5936393737793,6090500,0.0,0.0
2007-11-13 00:00:00-05:00,32.93110037104366,34.215093471717296,32.93110037104366,34.10809326171875,4668100,0.0,0.0
2007-11-14 00:00:00-05:00,34.231562162681364,34.32210057858344,32.52780349545045,32.758262634277344,5247700,0.0,0.0
2007-11-15 00:00:00-05:00,32.758267600202046,32.857035368990324,30.955740905904896,31.153276443481445,7155000,0.0,0.0
2007-11-16 00:00:00-05:00,31.3347350492931,31.771886157268167,30.724370334728416,31.433712005615234,4655900,0.08,0.0
2007-11-19 00:00:00-05:00,32.81115053047049,32.81115053047049,30.344954627895824,30.443931579589844,5884900,0.0,0.0
2007-11-20 00:00:00-05:00,30.559411358438386,30.559411358438386,29.280948058411692,30.237733840942383,8220000,0.0,0.0
2007-11-21 00:00:00-05:00,30.04802291265626,30.10575973440584,29.37167458951478,29.5201416015625,4938900,0.0,0.0
2007-11-23 00:00:00-05:00,29.775842576705582,30.889345549811352,29.56139190026774,30.716135025024414,1452300,0.0,0.0
2007-11-26 00:00:00-05:00,30.93881381975844,30.93881381975844,29.49538735728655,29.536630630493164,2714800,0.0,0.0
2007-11-27 00:00:00-05:00,29.751081059761884,30.08100836558771,28.909769261684,29.19020652770996,4239200,0.0,0.0
2007-11-28 00:00:00-05:00,29.48715262685155,31.549191272085924,29.48715262685155,31.169776916503906,4463700,0.0,0.0
2007-11-29 00:00:00-05:00,31.128542765698658,31.128542765698658,29.82533258073647,30.15526008605957,3303200,0.0,0.0
2007-11-30 00:00:00-05:00,31.062564849853512,33.11635770505805,30.8976010502253,31.062564849853516,4870500,0.0,0.0
2007-12-03 00:00:00-05:00,31.425466338635765,31.631670194260465,30.006785951504206,30.212989807128906,3744300,0.0,0.0
2007-12-04 00:00:00-05:00,30.089265905908622,30.27072630372734,29.404670748865367,30.039775848388672,3376500,0.0,0.0
2007-12-05 00:00:00-05:00,30.518179166037925,31.342994819174084,30.29547856212052,31.277008056640625,3576900,0.0,0.0
2007-12-06 00:00:00-05:00,31.499688746038057,32.63793450875009,30.62538672016913,32.55545425415039,4708300,0.0,0.0
2007-12-07 00:00:00-05:00,32.67917782510057,33.66895670898629,32.580200880638095,32.934871673583984,4551300,0.0,0.0
2007-12-10 00:00:00-05:00,33.2977953562601,34.716478788878575,32.95137441373936,33.792686462402344,3225300,0.0,0.0
2007-12-11 00:00:00-05:00,34.05662794974752,34.05662794974752,32.26677693089376,32.332763671875,3643800,0.0,0.0
2007-12-12 00:00:00-05:00,33.1245883110412,33.8586735573359,31.334740296720092,31.672914505004883,5510000,0.0,0.0
2007-12-13 00:00:00-05:00,31.648167150767016,31.821380782252227,30.823351721218803,31.722400665283203,4344000,0.0,0.0
2007-12-14 00:00:00-05:00,31.796634151912443,32.41524572353106,31.194519266440867,31.7388973236084,3641600,0.0,0.0
2007-12-17 00:00:00-05:00,31.664668878067893,31.672918795672643,30.683139493353814,30.82335662841797,3611800,0.0,0.0
2007-12-18 00:00:00-05:00,31.11203800842295,31.738896330285908,30.996564355428802,31.590429306030273,4046700,0.0,0.0
2007-12-19 00:00:00-05:00,31.846113978080663,31.994580959279837,30.98830545257879,31.35122299194336,3208000,0.0,0.0
2007-12-20 00:00:00-05:00,31.524448643000856,31.524448643000856,30.25423204904066,30.757369995117188,6440600,0.0,0.0
2007-12-21 00:00:00-05:00,31.178033153632075,31.458470620393506,30.40270752031388,30.641904830932617,4725300,0.0,0.0
2007-12-24 00:00:00-05:00,30.64190500080415,31.375990482049254,30.600661698010587,31.120296478271484,1164200,0.0,0.0
2007-12-26 00:00:00-05:00,30.93057557270571,30.9553190263092,29.734592687943586,30.295467376708984,2710200,0.0,0.0
2007-12-27 00:00:00-05:00,30.072758841666094,30.435679512056065,29.718088084559543,29.767578125,2162000,0.0,0.0
2007-12-28 00:00:00-05:00,29.78408086886381,30.04802151210833,29.47065017510319,29.577877044677734,2782600,0.0,0.0
2007-12-31 00:00:00-05:00,29.61087128627881,29.899555390097664,29.11598020576268,29.445907592773438,2484000,0.0,0.0
2008-01-02 00:00:00-05:00,29.759332077723826,29.759332077723826,28.637582971976173,28.918020248413086,3337900,0.0,0.0
2008-01-03 00:00:00-05:00,29.247957321035912,29.247957321035912,28.14270440831844,28.266427993774414,3071600,0.0,0.0
2008-01-04 00:00:00-05:00,28.043722694475242,28.043722694475242,27.004456708458143,27.4168643951416,4892500,0.0,0.0
2008-01-07 00:00:00-05:00,27.631312189075484,28.57985103025379,27.42510836676895,28.282917022705078,4256200,0.0,0.0
2008-01-08 00:00:00-05:00,28.48087108164637,29.23970278791024,27.46634864807129,27.46634864807129,4363100,0.0,0.0
2008-01-09 00:00:00-05:00,27.590073026328135,28.068464274801773,26.740511108915836,27.367372512817383,4713800,0.0,0.0
2008-01-10 00:00:00-05:00,27.359119591157892,29.256197131909257,26.86423171313082,28.786052703857422,6035800,0.0,0.0
2008-01-11 00:00:00-05:00,28.579852494629442,29.041747066553448,28.010727902193377,28.87678337097168,4184700,0.0,0.0
2008-01-14 00:00:00-05:00,29.355165689757463,29.891296693100067,29.20669873949088,29.668596267700195,3663800,0.0,0.0
2008-01-15 00:00:00-05:00,29.742848553667972,30.889341614165357,28.78606268373145,29.49540138244629,6369600,0.0,0.0
2008-01-16 00:00:00-05:00,29.305695508326767,31.070800283325674,29.008761406659357,30.09752082824707,6360300,0.0,0.0
2008-01-17 00:00:00-05:00,30.13050594039073,30.732620812518782,28.546861862424528,28.76131248474121,6502500,0.0,0.0
2008-01-18 00:00:00-05:00,28.975763654249754,29.00050710749181,27.103432462694578,27.738540649414062,7357500,0.0,0.0
2008-01-22 00:00:00-05:00,26.526063643978805,28.464378612372855,26.097159250229335,28.34065818786621,9314500,0.0,0.0
2008-01-23 00:00:00-05:00,27.449851216481807,29.553132675009717,26.77350294586565,29.363422393798828,11343200,0.0,0.0
2008-01-24 00:00:00-05:00,29.602614393507256,31.342974814252145,29.602614393507256,30.22122573852539,6979600,0.0,0.0
2008-01-25 00:00:00-05:00,30.584152468908695,31.34298102556144,29.60262025992533,29.701597213745117,4060600,0.0,0.0
2008-01-28 00:00:00-05:00,29.957288778642496,30.048018956996497,28.80254620282493,29.17371368408203,4738900,0.0,0.0
2008-01-29 00:00:00-05:00,29.41292199589941,29.81708299444887,28.66233998124034,29.676862716674805,2800200,0.0,0.0
2008-01-30 00:00:00-05:00,29.610869030321286,30.171743657655878,28.827293905684385,28.901527404785156,4803000,0.0,0.0
2008-01-31 00:00:00-05:00,28.50562315172478,29.33043860366382,27.499347293504353,28.670583724975586,9475700,0.0,0.0
2008-02-01 00:00:00-05:00,28.8108070299792,29.957300125801357,28.73657350560977,29.676862716674805,4802200,0.0,0.0
2008-02-04 00:00:00-05:00,29.22320398287762,30.048019216610726,28.967510127709005,29.033496856689453,3302400,0.0,0.0
2008-02-05 00:00:00-05:00,29.082992134183623,29.13248219517427,27.96124573618751,28.010732650756836,4403300,0.0,0.0
2008-02-06 00:00:00-05:00,28.61283910477663,28.852036275855014,27.482843124276545,27.639556884765625,3800700,0.0,0.0
2008-02-07 00:00:00-05:00,28.117947959459293,30.625386714428544,28.117947959459293,30.518159866333008,12426300,0.0,0.0
2008-02-08 00:00:00-05:00,31.021302880097938,31.46670388207222,29.470649287902607,29.726343154907227,5702200,0.0,0.0
2008-02-11 00:00:00-05:00,29.66036545997793,30.278977102395597,28.810806477912553,29.96554946899414,3758500,0.0,0.0
2008-02-12 00:00:00-05:00,31.524435802307217,32.48946801025373,30.311956534089227,31.846113204956055,8443400,0.0,0.0
2008-02-13 00:00:00-05:00,32.027584872565185,32.84415039176067,31.813131097327144,32.59670639038086,5208400,0.0,0.0
2008-02-14 00:00:00-05:00,32.34100045891426,33.33077924318082,31.738885792203604,31.804872512817383,3624200,0.0,0.0
2008-02-15 00:00:00-05:00,31.879306082533606,32.36721258902735,31.30870484121797,32.07777786254883,2709000,0.1,0.0
2008-02-19 00:00:00-05:00,32.392026523317874,32.59049834098318,31.581605980839374,31.75527000427246,1762300,0.0,0.0
2008-02-20 00:00:00-05:00,31.540250342104073,32.325862884521484,31.002728295419725,32.325862884521484,2045700,0.0,0.0
2008-02-21 00:00:00-05:00,32.49952065383085,33.061853590006365,31.672560824702323,31.82968521118164,3424600,0.0,0.0
2008-02-22 00:00:00-05:00,31.837958081157435,32.15220374550673,30.90349245418819,31.672565460205078,2186000,0.0,0.0
2008-02-25 00:00:00-05:00,31.74699758340518,32.32587028157492,31.300438374422598,32.17701721191406,3647400,0.0,0.0
2008-02-26 00:00:00-05:00,32.07777846295409,35.46831312774345,32.07777846295409,34.988677978515625,7432600,0.0,0.0
2008-02-27 00:00:00-05:00,34.707521185208996,34.7323289821519,33.78132347437088,33.971527099609375,3159700,0.0,0.0
2008-02-28 00:00:00-05:00,33.57456559576827,33.90535076753593,32.855111474964986,33.49187088012695,2382300,0.0,0.0
2008-02-29 00:00:00-05:00,33.0535916721623,33.0535916721623,31.259086860940222,31.407939910888672,3545100,0.0,0.0
2008-03-03 00:00:00-05:00,30.233656422369958,31.3004323432495,30.233656422369958,31.002729415893555,2806200,0.0,0.0
2008-03-04 00:00:00-05:00,30.771176745061105,31.135041115550163,30.05999073503427,30.977916717529297,2732200,0.0,0.0
2008-03-05 00:00:00-05:00,31.176401999381078,31.755274804251872,30.49829484797909,31.08543586730957,2572200,0.0,0.0
2008-03-06 00:00:00-05:00,30.77944049715537,30.994448627314704,29.365337037758184,29.74574089050293,4668400,0.0,0.0
2008-03-07 00:00:00-05:00,29.299181903324868,30.729821780379748,29.15032890759885,29.74574089050293,3421500,0.0,0.0
2008-03-10 00:00:00-04:00,29.828439662711364,30.10960612022691,29.299185896705932,29.357072830200195,3530300,0.0,0.0
2008-03-11 00:00:00-04:00,28.984939864569814,29.233027169416957,27.39717858986711,29.1007137298584,10940500,0.0,0.0
2008-03-12 00:00:00-04:00,28.612806836175643,29.34880368278151,28.273753455995916,28.472225189208984,3877500,0.0,0.0
2008-03-13 00:00:00-04:00,28.10836726154852,29.365343483079517,27.42198905787156,28.645889282226562,4278700,0.0,0.0
2008-03-14 00:00:00-04:00,28.77820037979436,28.77820037979436,26.818306539077156,27.149091720581055,5374000,0.0,0.0
2008-03-17 00:00:00-04:00,26.098855184920936,27.09120616350485,25.75153194809134,26.51233673095703,4516800,0.0,0.0
2008-03-18 00:00:00-04:00,26.96716792683406,29.199960708618168,26.96716792683406,29.199960708618164,4974000,0.0,0.0
2008-03-19 00:00:00-04:00,29.398427787563985,29.75402084499399,27.827205657958988,27.827205657958984,2582400,0.0,0.0
2008-03-20 00:00:00-04:00,28.11664794599723,29.56382835498238,28.11664794599723,29.50594139099121,6222100,0.0,0.0
2008-03-24 00:00:00-04:00,29.687860909700166,30.547896786124237,29.687860909700166,30.316349029541016,2680800,0.0,0.0
2008-03-25 00:00:00-04:00,30.390779377987656,30.70502505484452,29.770559390681786,30.283273696899414,2948200,0.0,0.0
2008-03-26 00:00:00-04:00,30.018641353442145,30.58097429312063,29.671319737253246,30.498279571533203,3110100,0.0,0.0
2008-03-27 00:00:00-04:00,30.597514392848723,31.01099431707641,29.75401496887207,29.75401496887207,2374600,0.0,0.0
2008-03-28 00:00:00-04:00,30.531358502186855,30.531358502186855,28.95186519306985,28.96840476989746,1665200,0.0,0.0
2008-03-31 00:00:00-04:00,28.91051918511981,29.332270527513057,28.588005308349604,28.803016662597656,1723600,0.0,0.0
2008-04-01 00:00:00-04:00,28.993218612245858,30.614059448242188,28.993218612245858,30.614059448242188,3092800,0.0,0.0
2008-04-02 00:00:00-04:00,30.52310264596114,31.796622185756288,30.37424954886285,31.08543586730957,2214300,0.0,0.0
2008-04-03 00:00:00-04:00,30.920037863460117,31.300438755175275,30.332896945212486,30.72983741760254,2732400,0.0,0.0
2008-04-04 00:00:00-04:00,30.98618874283375,31.548521732289842,30.341157869868415,31.383129119873047,3262300,0.0,0.0
2008-04-07 00:00:00-04:00,31.49064753176641,31.804890152434194,31.05235645834581,31.622961044311523,2278600,0.0,0.0
2008-04-08 00:00:00-04:00,31.42447024341188,31.871029261869882,31.407930669994794,31.55678367614746,2038100,0.0,0.0
2008-04-09 00:00:00-04:00,31.63949519186615,31.713921734469242,30.655413710427723,30.77945899963379,3124600,0.0,0.0
2008-04-10 00:00:00-04:00,30.605781550045144,31.0606119747243,30.43212074495021,30.671939849853516,1981100,0.0,0.0
2008-04-11 00:00:00-04:00,30.2419354942529,30.490022933444052,29.35708829655593,29.50594139099121,3492800,0.0,0.0
2008-04-14 00:00:00-04:00,29.514198051378308,29.514198051378308,28.811283389739593,28.893978118896484,2057600,0.0,0.0
2008-04-15 00:00:00-04:00,29.034565611533342,29.514200762992832,28.38126646552628,29.373619079589844,2860500,0.0,0.0
2008-04-16 00:00:00-04:00,29.68786519781921,30.28327425140582,29.547280357729313,30.14269256591797,2054700,0.0,0.0
2008-04-17 00:00:00-04:00,29.935942192282766,31.225997323496326,29.679583546018073,30.96137046813965,2015600,0.0,0.0
2008-04-18 00:00:00-04:00,31.713905850878135,31.837951077957396,31.209463042105348,31.507165908813477,2180100,0.0,0.0
2008-04-21 00:00:00-04:00,31.09369031539779,31.184656407195114,30.423854829620392,30.895221710205078,1933900,0.0,0.0
2008-04-22 00:00:00-04:00,31.00271829787488,31.00271829787488,30.035173878487456,30.19229507446289,2475200,0.0,0.0
2008-04-23 00:00:00-04:00,32.54087040465256,32.54087040465256,30.332889012901063,30.977916717529297,6290200,0.0,0.0
2008-04-24 00:00:00-04:00,31.135045256267723,31.540253889618043,30.572712204000215,30.688486099243164,3485600,0.0,0.0
2008-04-25 00:00:00-04:00,30.779453675427604,31.176394115780724,30.241928387985684,30.90349578857422,6088000,0.0,0.0
2008-04-28 00:00:00-04:00,30.994452563926725,31.06887907124266,30.27499842960684,30.647130966186523,3231000,0.0,0.0
2008-04-29 00:00:00-04:00,30.390781233702715,31.53198696331812,30.200580804533843,31.333515167236328,3651300,0.0,0.0
2008-04-30 00:00:00-04:00,31.341774386017658,31.54024295057048,30.473464163645968,30.564430236816406,3136200,0.0,0.0
2008-05-01 00:00:00-04:00,30.4073044813929,32.51605080348461,30.38249670318256,31.912370681762695,3173800,0.0,0.0
2008-05-02 00:00:00-04:00,32.367213486697175,32.83858042837902,32.143933910963355,32.5656852722168,2519300,0.0,0.0
2008-05-05 00:00:00-04:00,32.25143897170905,32.565684644978354,31.91238550870337,32.16047286987305,1755900,0.0,0.0
2008-05-06 00:00:00-04:00,32.06949451112226,33.11146544623785,31.680825617192504,33.04530715942383,2327800,0.0,0.0
2008-05-07 00:00:00-04:00,32.995699884694766,33.96324141281032,32.92954158126727,32.97916030883789,2987400,0.0,0.0
2008-05-08 00:00:00-04:00,32.82204567743129,33.2686048945779,32.29279171100678,32.51607131958008,1932200,0.0,0.0
2008-05-09 00:00:00-04:00,32.40855544726443,33.144552365024545,32.23489463553967,32.61529541015625,1796600,0.0,0.0
2008-05-12 00:00:00-04:00,32.49126928674699,34.08730283670265,32.44165053562086,33.89710235595703,2980600,0.0,0.0
2008-05-13 00:00:00-04:00,34.31058477246094,35.63372001134505,34.09557332451525,35.33601379394531,5813500,0.0,0.0
2008-05-14 00:00:00-04:00,35.54273010987763,36.18775771327114,35.32772196028017,35.89832305908203,3026700,0.0,0.0
2008-05-15 00:00:00-04:00,35.6419737538171,37.06434592400739,35.33599944555591,36.8741455078125,3734400,0.0,0.0
2008-05-16 00:00:00-04:00,37.08133403105021,37.54547027932357,36.5923310825543,37.29682540893555,7053900,0.1,0.0
2008-05-19 00:00:00-04:00,37.114499995106804,38.42403504534131,37.00675584162604,37.93503189086914,5729900,0.0,0.0
2008-05-20 00:00:00-04:00,37.55377755542143,37.58692790152405,36.11992154105325,36.3851432800293,4595600,0.0,0.0
2008-05-21 00:00:00-04:00,35.780090142091495,35.780090142091495,30.04466811823598,30.59168815612793,33712700,0.0,0.0
2008-05-22 00:00:00-04:00,29.29873534754248,29.621977247458922,27.491910601972386,28.602527618408203,23989900,0.0,0.0
2008-05-23 00:00:00-04:00,27.856593189446603,28.760005574917486,27.467047442171673,28.312442779541016,8849600,0.0,0.0
2008-05-27 00:00:00-04:00,28.096951809592174,29.2158556551111,27.607948709038947,28.900903701782227,5745400,0.0,0.0
2008-05-28 00:00:00-04:00,28.884337003384886,30.525401185122863,28.884337003384886,30.003244400024414,6208000,0.0,0.0
2008-05-29 00:00:00-04:00,29.95350598966026,31.138716931267734,29.79603158182214,31.030969619750977,3904400,0.0,0.0
2008-05-30 00:00:00-04:00,31.18844504491906,31.18844504491906,30.575117885022557,30.732595443725586,3162900,0.0,0.0
2008-06-02 00:00:00-04:00,30.550266197182516,30.931522145321413,29.70487051107455,30.3762149810791,3054700,0.0,0.0
2008-06-03 00:00:00-04:00,30.434218680843365,32.02554880606011,30.243590790532522,31.868074417114258,5995600,0.0,0.0
2008-06-04 00:00:00-04:00,31.660866296184658,34.10588142350587,31.35420434649434,32.84607696533203,9809000,0.0,0.0
2008-06-05 00:00:00-04:00,32.904111821265815,34.561749664536705,32.73834740460008,34.29652786254883,4858000,0.0,0.0
2008-06-06 00:00:00-04:00,33.89039838978751,33.94841544970845,32.390238466556646,32.431678771972656,3293800,0.0,0.0
2008-06-09 00:00:00-04:00,31.73545502558121,32.9123755518144,31.370772932175164,31.586267471313477,3609900,0.0,0.0
2008-06-10 00:00:00-04:00,31.354215247227234,33.09473338070484,31.296195025198166,32.81293487548828,3548100,0.0,0.0
2008-06-11 00:00:00-04:00,32.33221078945652,33.19418285479488,31.528258932352855,31.868074417114258,3632000,0.0,0.0
2008-06-12 00:00:00-04:00,32.3653787868215,33.12789385127661,32.108446940396405,32.56429672241211,3074100,0.0,0.0
2008-06-13 00:00:00-04:00,33.15275563152731,33.35996035422436,32.00898467696554,32.92897415161133,2893700,0.0,0.0
2008-06-16 00:00:00-04:00,32.77150027514864,33.07816238484284,32.23276672201353,32.796363830566406,2940500,0.0,0.0
2008-06-17 00:00:00-04:00,33.0366995676012,33.29363122974703,31.577977517359123,31.586267471313477,2624500,0.0,0.0
2008-06-18 00:00:00-04:00,31.36249162551671,31.694020284475055,30.798894802302488,31.37906837463379,2592100,0.0,0.0
2008-06-19 00:00:00-04:00,31.29617701541041,31.96752096371734,30.30988439557357,31.909503936767578,3408400,0.0,0.0
2008-06-20 00:00:00-04:00,31.61943740471028,31.950963016371283,30.682871307424854,31.42880630493164,2932100,0.0,0.0
2008-06-23 00:00:00-04:00,31.54483093868208,31.61942472468843,30.094398669874195,30.268449783325195,2817400,0.0,0.0
2008-06-24 00:00:00-04:00,30.094403697746433,30.409352480888238,29.12468431765288,29.472789764404297,4897400,0.0,0.0
2008-06-25 00:00:00-04:00,29.505937671151138,30.906642975576215,29.389903585701138,30.293315887451172,2895800,0.0,0.0
2008-06-26 00:00:00-04:00,29.845751916806393,29.845751916806393,28.958916400802334,29.01693344116211,3091300,0.0,0.0
2008-06-27 00:00:00-04:00,28.65226309276613,29.182706571310977,28.362177803465833,28.784873962402344,5053600,0.0,0.0
2008-06-30 00:00:00-04:00,28.569382321319253,29.472794853572843,28.229566772216113,28.54451560974121,4181500,0.0,0.0
2008-07-01 00:00:00-04:00,26.397879302910145,28.85947058908394,26.140945915534907,28.121822357177734,8578300,0.0,0.0
2008-07-02 00:00:00-04:00,28.17984307168312,28.9506449145205,27.607959159320295,27.7239933013916,6107100,0.0,0.0
2008-07-03 00:00:00-04:00,27.906322648271082,28.30415838570206,27.210118011997523,28.130104064941406,3344000,0.0,0.0
2008-07-07 00:00:00-04:00,28.30416440060521,28.701997060887138,27.06093615158934,27.409038543701172,6626400,0.0,0.0
2008-07-08 00:00:00-04:00,26.770850285760314,28.11353604096052,26.107795787000537,27.7239933013916,8376800,0.0,0.0
2008-07-09 00:00:00-04:00,27.707416822589416,28.511372188880003,26.61337609820082,26.903461456298828,5173200,0.0,0.0
2008-07-10 00:00:00-04:00,25.685103745161125,27.409047411663117,25.278982575453835,27.28472328186035,6635400,0.0,0.0
2008-07-11 00:00:00-04:00,26.911746885469785,27.176968642993035,24.408713782362963,25.693382263183594,13624700,0.0,0.0
2008-07-14 00:00:00-04:00,25.99175793518345,26.9117473041454,25.61050046717764,25.83428192138672,5221800,0.0,0.0
2008-07-15 00:00:00-04:00,25.48617660287344,26.43931785071408,24.707086534002293,25.668516159057617,10932800,0.0,0.0
2008-07-16 00:00:00-04:00,25.69337616784209,27.723982336026076,25.486171521327236,27.541641235351562,7590200,0.0,0.0
2008-07-17 00:00:00-04:00,27.757138714760107,29.14126437930479,27.649391402132718,28.83460235595703,6011300,0.0,0.0
2008-07-18 00:00:00-04:00,29.09982745821642,29.59711745447376,28.768298686249736,29.124691009521484,6041800,0.0,0.0
2008-07-21 00:00:00-04:00,28.925777072415485,29.33189650948334,28.1218218333527,28.304162979125977,3771900,0.0,0.0
2008-07-22 00:00:00-04:00,27.77370386948477,29.73800580175724,27.2764140820462,29.597105026245117,5242400,0.0,0.0
2008-07-23 00:00:00-04:00,29.356757796951094,30.583412295377,29.257300434970695,29.812610626220703,6762300,0.0,0.0
2008-07-24 00:00:00-04:00,30.658007804207493,30.658007804207493,28.17983828180946,28.35388946533203,3522700,0.0,0.0
2008-07-25 00:00:00-04:00,28.70199430223769,29.058386618970225,28.072090279397223,28.279294967651367,3170700,0.0,0.0
2008-07-28 00:00:00-04:00,28.237849842193295,28.917480850719784,27.68254289007447,27.80686378479004,3886500,0.0,0.0
2008-07-29 00:00:00-04:00,27.77371012183295,29.978367489382574,27.77371012183295,29.961793899536133,4648800,0.0,0.0
2008-07-30 00:00:00-04:00,31.080699813973983,31.909518475679956,28.536226775472027,29.207571029663086,8569300,0.0,0.0
2008-07-31 00:00:00-04:00,28.776596730448524,29.796043722416524,28.362187229891113,28.8511905670166,3765500,0.0,0.0
2008-08-01 00:00:00-04:00,29.307045018598924,29.63857077444139,28.038952758155688,29.514249801635742,4002300,0.0,0.0
2008-08-04 00:00:00-04:00,30.616569924093216,30.633146681981685,29.1412732506456,30.069549560546875,4300100,0.0,0.0
2008-08-05 00:00:00-04:00,30.57512526616851,31.54484491386185,30.135852310461562,31.486827850341797,4632000,0.0,0.0
2008-08-06 00:00:00-04:00,31.337652287903488,31.859806060791016,30.649730895806194,31.859806060791016,5339700,0.0,0.0
2008-08-07 00:00:00-04:00,31.577983040655507,32.11671632103992,31.030962966558363,31.37906837463379,3301600,0.0,0.0
2008-08-08 00:00:00-04:00,31.296198573421808,32.87924245999229,31.188454398691587,32.622310638427734,3592900,0.0,0.0
2008-08-11 00:00:00-04:00,32.216189031118034,33.741215899190124,31.99240755376205,33.47599411010742,6769200,0.0,0.0
2008-08-12 00:00:00-04:00,33.119601015235375,33.38482279852849,31.88466267959424,32.00898361206055,5842500,0.0,0.0
2008-08-13 00:00:00-04:00,31.76033144530462,31.975826071842476,30.92322597279522,31.718891143798828,7600200,0.0,0.0
2008-08-14 00:00:00-04:00,31.08070525594167,32.754919625131535,31.08070525594167,32.638885498046875,4564600,0.0,0.0
2008-08-15 00:00:00-04:00,32.64717633789631,33.94013497486893,32.638889539946696,33.17761993408203,5371900,0.0,0.0
2008-08-18 00:00:00-04:00,33.39364228780917,33.39364228780917,32.014357814147644,32.1722297668457,6309700,0.1,0.0
2008-08-19 00:00:00-04:00,31.931268819003158,31.9478870856772,30.768015508702423,31.22500991821289,4073600,0.0,0.0
2008-08-20 00:00:00-04:00,31.216700901732057,31.781709321007696,30.452279610718218,30.64338493347168,5145400,0.0,0.0
2008-08-21 00:00:00-04:00,30.22794305623279,31.266561190123035,30.119925882817125,31.000675201416016,2585000,0.0,0.0
2008-08-22 00:00:00-04:00,31.258254777778074,32.52121498299081,31.258254777778074,32.50459671020508,3266200,0.0,0.0
2008-08-25 00:00:00-04:00,32.27192906167032,32.27192906167032,31.324710233437884,31.59890365600586,2357500,0.0,0.0
2008-08-26 00:00:00-04:00,31.191763983481977,31.947877456397283,31.191763983481977,31.86478614807129,1643300,0.0,0.0
2008-08-27 00:00:00-04:00,31.723549160544735,32.861873626708984,31.53244382459093,32.861873626708984,3284800,0.0,0.0
2008-08-28 00:00:00-04:00,32.88679578524544,33.91710287552792,32.620906710426404,33.6678352355957,3537200,0.0,0.0
2008-08-29 00:00:00-04:00,33.09452749742825,34.16637893007714,33.06959850856842,33.7841682434082,2703000,0.0,0.0
2008-09-02 00:00:00-04:00,34.09990575153732,35.78662031063883,33.975270328024884,34.149757385253906,4527800,0.0,0.0
2008-09-03 00:00:00-04:00,33.67614998947547,34.357483163567004,33.34379412165144,34.27439498901367,2345600,0.0,0.0
2008-09-04 00:00:00-04:00,33.89216806828223,34.48210206581037,32.96156447739959,33.0778923034668,3336200,0.0,0.0
2008-09-05 00:00:00-04:00,32.7289251378941,33.219152889216936,31.58229014555067,32.5710563659668,4785500,0.0,0.0
2008-09-08 00:00:00-04:00,34.473807704479555,35.25484724626532,33.90879929736291,34.49873352050781,6255600,0.0,0.0
2008-09-09 00:00:00-04:00,34.15805973368553,35.23822151753329,32.870174407958984,32.870174407958984,4355300,0.0,0.0
2008-09-10 00:00:00-04:00,33.02806148760091,33.252403417681386,31.515833517083447,32.4215087890625,4279900,0.0,0.0
2008-09-11 00:00:00-04:00,31.814945012827426,32.60429526909254,30.925888323336203,32.587677001953125,4324500,0.0,0.0
2008-09-12 00:00:00-04:00,31.823255882943077,32.56275141497012,31.524133382435355,32.089141845703125,2933700,0.0,0.0
2008-09-15 00:00:00-04:00,30.64339490998718,31.765101395135254,30.03684220909267,30.078386306762695,5908500,0.0,0.0
2008-09-16 00:00:00-04:00,29.388734833159145,30.909273147583008,28.8569629099543,30.909273147583008,6347700,0.0,0.0
2008-09-17 00:00:00-04:00,30.070060941431827,30.69323161183438,28.059298433012344,28.3418025970459,6624700,0.0,0.0
2008-09-18 00:00:00-04:00,28.73233205764918,30.410736083984375,26.821272256681656,30.410736083984375,10182300,0.0,0.0
2008-09-19 00:00:00-04:00,32.28025781069162,33.227480430682384,29.73772205853989,30.028533935546875,12095100,0.0,0.0
2008-09-22 00:00:00-04:00,31.57399110347408,31.57399110347408,28.491373259078376,28.591079711914062,5262600,0.0,0.0
2008-09-23 00:00:00-04:00,28.865274752532844,28.89020057189979,28.2753372807584,28.50798988342285,3442100,0.0,0.0
2008-09-24 00:00:00-04:00,28.790487171721413,29.06468062737064,27.602308134817985,28.55783462524414,2564000,0.0,0.0
2008-09-25 00:00:00-04:00,28.70739774322254,29.081300816210145,27.618928226937804,28.16731834411621,2756900,0.0,0.0
2008-09-26 00:00:00-04:00,27.86819949516928,28.582769200626544,27.25333623221911,27.585695266723633,2940600,0.0,0.0
2008-09-29 00:00:00-04:00,27.012378312977482,28.541224292176423,25.77434730529785,25.77434730529785,3571700,0.0,0.0
2008-09-30 00:00:00-04:00,26.580321090358826,28.782191714110976,24.926840838264017,28.25041961669922,4338600,0.0,0.0
2008-10-01 00:00:00-04:00,28.217171399442122,28.217171399442122,26.256261808736554,26.588619232177734,1862600,0.0,0.0
2008-10-02 00:00:00-04:00,27.087159027642677,27.818347064214368,24.951762032906533,25.02654266357422,2612900,0.0,0.0
2008-10-03 00:00:00-04:00,26.065160227954042,27.228412169293737,24.602785770199265,24.926834106445312,3046900,0.0,0.0
2008-10-06 00:00:00-04:00,24.09594327593864,24.910219599392864,23.26504868021662,23.497699737548828,3921400,0.0,0.0
2008-10-07 00:00:00-04:00,23.55585226037153,24.918518320683425,22.91606330871582,22.91606330871582,4256800,0.0,0.0
2008-10-08 00:00:00-04:00,22.22641951949508,24.079313177589537,21.603248878761576,22.43414306640625,3981100,0.0,0.0
2008-10-09 00:00:00-04:00,22.5920215371714,22.600330672215076,19.60080106808331,19.874996185302734,6010800,0.0,0.0
2008-10-10 00:00:00-04:00,18.08025961582851,19.833447043376307,16.858845601996737,19.326601028442383,7221400,0.0,0.0
2008-10-13 00:00:00-04:00,20.572943796285916,20.772358245263828,19.692196250432175,20.6227970123291,5243300,0.0,0.0
2008-10-14 00:00:00-04:00,21.72788995669603,23.198573541040652,21.46200398129471,22.891141891479492,6015100,0.0,0.0
2008-10-15 00:00:00-04:00,22.193182625240503,22.658484503706607,20.257199263351673,20.290435791015625,4183500,0.0,0.0
2008-10-16 00:00:00-04:00,20.456619251836774,20.938537903376453,19.22689442997244,20.788976669311523,4207000,0.0,0.0
2008-10-17 00:00:00-04:00,18.844687737234914,21.603257256407268,18.844687737234914,20.739126205444336,4414600,0.0,0.0
2008-10-20 00:00:00-04:00,20.797289160007495,22.02701259557216,20.356914520263672,21.81097984313965,2409800,0.0,0.0
2008-10-21 00:00:00-04:00,21.495238473838672,21.644798132156723,19.891612054491244,20.190732955932617,3260800,0.0,0.0
2008-10-22 00:00:00-04:00,19.118879216438543,19.592488743181285,16.667740245816216,17.95562744140625,7039300,0.0,0.0
2008-10-23 00:00:00-04:00,17.73959406973544,18.130113830062914,16.32707309015921,17.565105438232422,5858500,0.0,0.0
2008-10-24 00:00:00-04:00,15.903318670881095,17.282603279494328,15.654050979128954,16.0279541015625,5370100,0.0,0.0
2008-10-27 00:00:00-04:00,15.529417136997514,16.60957924792437,14.922863006591797,14.922863006591797,3914300,0.0,0.0
2008-10-28 00:00:00-04:00,15.396467651044405,17.124727249145508,14.748369707454744,17.124727249145508,6637200,0.0,0.0
2008-10-29 00:00:00-04:00,16.58464912527851,18.636959018230254,16.31876320833053,17.490324020385742,5315300,0.0,0.0
2008-10-30 00:00:00-04:00,18.470783938614595,20.115954631205796,17.947321112719376,19.916540145874023,5371500,0.0,0.0
2008-10-31 00:00:00-04:00,19.70881455545978,21.678034976576622,19.434619467436452,21.270896911621094,3896400,0.0,0.0
2008-11-03 00:00:00-05:00,21.162875870528186,21.644794469712103,20.888680832799494,21.187803268432617,2541900,0.0,0.0
2008-11-04 00:00:00-05:00,21.520166995926093,22.342752351686052,20.54802037824515,21.07979393005371,4207400,0.0,0.0
2008-11-05 00:00:00-05:00,20.390148969524876,20.963464954140903,19.0939525878067,19.235204696655273,3133600,0.0,0.0
2008-11-06 00:00:00-05:00,18.628654738923903,19.991321210727804,18.603727333413286,18.811450958251953,3044000,0.0,0.0
2008-11-07 00:00:00-05:00,18.952703594685907,19.634036848855462,18.620346102994116,19.11888313293457,1775400,0.0,0.0
2008-11-10 00:00:00-05:00,19.293367387740652,19.733741990048483,17.573416234176854,17.797758102416992,1819400,0.0,0.0
2008-11-11 00:00:00-05:00,17.490330908596952,17.963942167588417,16.700981979889242,17.207826614379883,3491900,0.0,0.0
2008-11-12 00:00:00-05:00,16.883775693757567,16.966865459278335,15.811922631436568,15.87839412689209,3807900,0.0,0.0
2008-11-13 00:00:00-05:00,16.11103820480705,18.495705281867533,15.587575550469587,18.404306411743164,7356400,0.0,0.0
2008-11-14 00:00:00-05:00,17.963936568957326,18.21320424037719,16.011334526817695,16.061187744140625,4180100,0.0,0.0
2008-11-17 00:00:00-05:00,15.886699540388031,16.55141433923059,15.404780915025905,15.687283515930176,4481900,0.0,0.0
2008-11-18 00:00:00-05:00,15.461749621579743,16.01305984658147,15.077502183801684,15.96294116973877,5794100,0.1,0.0
2008-11-19 00:00:00-05:00,15.937878427215816,15.937878427215816,14.275594645816929,14.409245491027832,4591300,0.0,0.0
2008-11-20 00:00:00-05:00,14.041709817141701,14.977267656470216,12.872263712914291,13.056034088134766,4643600,0.0,0.0
2008-11-21 00:00:00-05:00,13.498750880150762,15.035737508476807,12.930733874911475,14.84361457824707,5032700,0.0,0.0
2008-11-24 00:00:00-05:00,15.587040743207035,16.890136961527606,14.726662243766622,16.70636749267578,4076300,0.0,0.0
2008-11-25 00:00:00-05:00,17.190862201066356,17.190862201066356,15.353160058299665,16.68967056274414,4222800,0.0,0.0
2008-11-26 00:00:00-05:00,16.36389711039209,17.934295915638863,16.046475041375142,17.79229164123535,3530300,0.0,0.0
2008-11-28 00:00:00-05:00,17.758875087387683,18.151474288100832,16.85673098893991,18.134767532348633,1552300,0.0,0.0
2008-12-01 00:00:00-05:00,17.575114267195534,17.733823745794286,15.653879420773062,15.729058265686035,3288200,0.0,0.0
2008-12-02 00:00:00-05:00,15.436689717518236,17.13238730963536,15.436689717518236,17.032148361206055,3447900,0.0,0.0
2008-12-03 00:00:00-05:00,16.489197150965545,18.01783088339298,16.27201401605987,17.925945281982422,3091700,0.0,0.0
2008-12-04 00:00:00-05:00,17.466523921593822,18.945039252170808,17.199222038985646,17.566762924194336,3184100,0.0,0.0
2008-12-05 00:00:00-05:00,17.416394549612768,18.610900499988798,16.49754369599706,18.4856014251709,2367000,0.0,0.0
2008-12-08 00:00:00-05:00,18.953388764919374,19.513052564815016,18.81138446962512,19.354341506958008,2735200,0.0,0.0
2008-12-09 00:00:00-05:00,18.63596331117448,19.37104479982377,18.31018946577552,18.552431106567383,2431700,0.0,0.0
2008-12-10 00:00:00-05:00,18.66101990447761,19.34598098425664,18.084649554781898,18.719491958618164,1521400,0.0,0.0
2008-12-11 00:00:00-05:00,18.026174512394466,18.961732003285423,17.416392344236783,17.67534065246582,2138400,0.0,0.0
2008-12-12 00:00:00-05:00,17.15744695385193,17.73381571277641,16.748139386624075,17.666990280151367,3137500,0.0,0.0
2008-12-15 00:00:00-05:00,17.633580351584964,17.900882112267933,16.556018336432054,16.84002685546875,2582800,0.0,0.0
2008-12-16 00:00:00-05:00,17.332864926113007,18.076298140816593,17.015444486324874,18.017826080322266,4969300,0.0,0.0
2008-12-17 00:00:00-05:00,17.6753487136368,18.97009243851763,17.207570551474262,18.301837921142578,2834100,0.0,0.0
2008-12-18 00:00:00-05:00,18.393718812470162,18.76125790644437,17.842408578264816,18.168182373046875,3404200,0.0,0.0
2008-12-19 00:00:00-05:00,18.2934823408016,19.46292840220894,17.959355122291537,19.229040145874023,4956200,0.0,0.0
2008-12-22 00:00:00-05:00,19.554815575964067,19.554815575964067,17.683701406808716,18.251718521118164,3933100,0.0,0.0
2008-12-23 00:00:00-05:00,18.377005814451525,18.60254217728005,17.299444254210897,17.48321533203125,4108400,0.0,0.0
2008-12-24 00:00:00-05:00,17.524989755668575,17.61687534249366,16.873442047619644,17.416399002075195,898100,0.0,0.0
2008-12-26 00:00:00-05:00,17.49157437892308,17.909233737395255,17.01544296518384,17.174152374267578,1669900,0.0,0.0
2008-12-29 00:00:00-05:00,17.165802861187235,17.207569762385646,16.422369545543603,16.57272720336914,2705500,0.0,0.0
2008-12-30 00:00:00-05:00,16.606137684863292,16.79826222715521,16.422368115327796,16.764848709106445,3283100,0.0,0.0
2008-12-31 00:00:00-05:00,16.73143839447772,16.99874019161509,16.372251007107735,16.781557083129883,2973700,0.0,0.0
2009-01-02 00:00:00-05:00,17.257689376149518,18.836441681501086,16.564374711515523,18.51066780090332,4185000,0.0,0.0
2009-01-05 00:00:00-05:00,18.32689711590525,18.6610243573256,17.850765597725708,18.519020080566406,3807100,0.0,0.0
2009-01-06 00:00:00-05:00,18.711134895771952,19.5798669383413,18.602544187072617,19.195619583129883,4068800,0.0,0.0
2009-01-07 00:00:00-05:00,18.878207092501935,19.254099634264797,18.761261365363954,19.011857986450195,2846800,0.0,0.0
2009-01-08 00:00:00-05:00,18.861495599094116,18.978439703640262,18.235006593464448,18.919967651367188,3508000,0.0,0.0
2009-01-09 00:00:00-05:00,19.011854083484792,19.50469225121032,18.677726917207483,19.237390518188477,3981900,0.0,0.0
2009-01-12 00:00:00-05:00,19.137152149565487,19.437867404917725,18.844790272777928,19.203977584838867,3640400,0.0,0.0
2009-01-13 00:00:00-05:00,18.903261758667163,19.421160061329992,18.811377783718406,19.237390518188477,4033800,0.0,0.0
2009-01-14 00:00:00-05:00,18.75290752886906,20.289894234524198,18.669375330970464,19.880586624145508,7315800,0.0,0.0
2009-01-15 00:00:00-05:00,19.797055770715254,19.90564651134793,18.118064827704465,18.761259078979492,9524600,0.0,0.0
2009-01-16 00:00:00-05:00,19.479633352225964,19.621637606059274,17.449808497591537,17.867467880249023,10486700,0.0,0.0
2009-01-20 00:00:00-05:00,17.951000915931843,18.29348149828709,16.221891245688475,16.32213020324707,6271100,0.0,0.0
2009-01-21 00:00:00-05:00,16.990382886574366,17.43310238159407,15.887762431462356,17.299449920654297,6039000,0.0,0.0
2009-01-22 00:00:00-05:00,17.307801759538062,18.109708487628236,16.87343727478492,17.59181022644043,5206200,0.0,0.0
2009-01-23 00:00:00-05:00,16.940270266920045,18.084656429924586,16.86509142780359,17.758882522583008,4437200,0.0,0.0
2009-01-26 00:00:00-05:00,18.026174966321868,18.251711366221866,17.157444468059147,17.575103759765625,4304500,0.0,0.0
2009-01-27 00:00:00-05:00,17.79228609361435,18.52736737659158,17.466512339365263,18.410423278808594,4449400,0.0,0.0
2009-01-28 00:00:00-05:00,18.535726809447173,19.671759428345684,18.510666668916603,19.5548152923584,4285300,0.0,0.0
2009-01-29 00:00:00-05:00,18.99514822882659,19.462926283826818,18.276773592286037,18.360305786132812,3991400,0.0,0.0
2009-01-30 00:00:00-05:00,18.61925261215596,18.79466875578627,17.65028155718445,17.89252471923828,5340000,0.0,0.0
2009-02-02 00:00:00-05:00,17.32450138709082,18.143112940426736,17.29944126447078,17.984403610229492,2833600,0.0,0.0
2009-02-03 00:00:00-05:00,17.900879552271434,18.435482997183982,17.583457561921655,18.17653465270996,3449800,0.0,0.0
2009-02-04 00:00:00-05:00,18.34360427060833,19.07033249352883,17.984418442940694,18.477256774902344,4584800,0.0,0.0
2009-02-05 00:00:00-05:00,18.71113967456895,20.373423795277134,18.42713117221237,19.371042251586914,5836600,0.0,0.0
2009-02-06 00:00:00-05:00,19.42951083922188,20.85790488134946,19.31256674498747,20.757667541503906,5216500,0.0,0.0
2009-02-09 00:00:00-05:00,20.749320214925753,21.133566118454922,20.423546375564566,20.86626434326172,3391800,0.0,0.0
2009-02-10 00:00:00-05:00,20.557189218210752,22.035701782795403,20.340006212548662,20.67413330078125,7096800,0.0,0.0
2009-02-11 00:00:00-05:00,20.824498188804004,20.93308893307961,20.256481143068978,20.73261260986328,4275600,0.0,0.0
2009-02-12 00:00:00-05:00,20.181293144121184,20.34835746744159,19.15385185745805,20.01422882080078,5136500,0.0,0.0
2009-02-13 00:00:00-05:00,19.880588459332618,20.47366568524014,19.028564423199846,19.939062118530273,5501900,0.0,0.0
2009-02-17 00:00:00-05:00,19.078680758583708,19.863880845377555,19.003501942122377,19.128799438476562,4049300,0.0,0.0
2009-02-18 00:00:00-05:00,19.32176704954634,19.632189670358677,18.549903105572415,18.709308624267578,4720200,0.1,0.0
2009-02-19 00:00:00-05:00,18.92744921504199,19.422449134781917,18.424059276295832,18.516347885131836,3988100,0.0,0.0
2009-02-20 00:00:00-05:00,18.07168045538574,18.088458886087242,15.462444853830421,16.074901580810547,15881800,0.0,0.0
2009-02-23 00:00:00-05:00,16.855155497508985,16.855155497508985,14.883546659876627,15.009393692016602,9106900,0.0,0.0
2009-02-24 00:00:00-05:00,15.03456747321537,15.647024355271267,14.808041798953964,15.521177291870117,8656200,0.0,0.0
2009-02-25 00:00:00-05:00,15.13524814711685,15.63024645060217,14.682196736839927,15.160416603088379,7904900,0.0,0.0
2009-02-26 00:00:00-05:00,15.41210823588391,15.814819425875871,14.992617012917611,15.110074043273926,5642500,0.0,0.0
2009-02-27 00:00:00-05:00,14.673804405691607,15.344991396601399,14.673804405691607,15.059737205505371,4953400,0.0,0.0
2009-03-02 00:00:00-05:00,14.77448298522497,14.858379958719798,13.851601874692118,13.876771926879883,6550000,0.0,0.0
2009-03-03 00:00:00-05:00,14.187191695127918,14.455665796477387,13.213972277620158,13.54117488861084,6153300,0.0,0.0
2009-03-04 00:00:00-05:00,13.818042116583324,14.405330545678455,13.516009484682947,14.07812786102295,8534400,0.0,0.0
2009-03-05 00:00:00-05:00,13.608297040709994,13.969059810632565,13.532788479552604,13.72575569152832,6658600,0.0,0.0
2009-03-06 00:00:00-05:00,13.893545907401156,13.893545907401156,13.062953654265229,13.457276344299316,6586100,0.0,0.0
2009-03-09 00:00:00-04:00,13.197191845478944,13.977445678977393,13.163632583829328,13.532784461975098,3963200,0.0,0.0
2009-03-10 00:00:00-04:00,13.885158219097109,15.152021847824443,13.692192649218416,15.13524341583252,5580800,0.0,0.0
2009-03-11 00:00:00-04:00,15.026178087584146,15.252703771372602,14.52278821257612,15.001008033752441,5140500,0.0,0.0
2009-03-12 00:00:00-04:00,15.017785149608294,15.32820935224513,14.556345454041308,15.252700805664062,5582100,0.0,0.0
2009-03-13 00:00:00-04:00,15.27786651531358,15.454053625826113,14.933883909328593,15.319816589355469,4430500,0.0,0.0
2009-03-16 00:00:00-04:00,15.529567751843011,15.839990410393195,15.084906408244425,15.185585021972656,4408100,0.0,0.0
2009-03-17 00:00:00-04:00,15.143630990016744,15.823207855224608,14.891936921575812,15.82320785522461,4041200,0.0,0.0
2009-03-18 00:00:00-04:00,15.74770124104448,16.56990367211127,15.395328541982705,16.51117515563965,4560000,0.0,0.0
2009-03-19 00:00:00-04:00,16.81321597458419,16.81321597458419,15.932283079973711,15.991011619567871,3928800,0.0,0.0
2009-03-20 00:00:00-04:00,16.183971383365307,16.561512506008114,15.70575006764664,15.75609016418457,4667800,0.0,0.0
2009-03-23 00:00:00-04:00,16.049730159302612,17.358543655793063,15.974223227035557,17.324983596801758,5554400,0.0,0.0
2009-03-24 00:00:00-04:00,16.704137161511678,18.51633876857025,16.611848598114157,18.356931686401367,6645500,0.0,0.0
2009-03-25 00:00:00-04:00,18.30659343624772,18.98616864770395,17.937440778072602,18.658966064453125,5653600,0.0,0.0
2009-03-26 00:00:00-04:00,18.935835669448988,19.724479705017636,18.524734416927085,19.640581130981445,5957700,0.0,0.0
2009-03-27 00:00:00-04:00,19.598630351357606,19.942613024456602,19.07846053337043,19.548290252685547,3657500,0.0,0.0
2009-03-30 00:00:00-04:00,18.575075818016078,19.120415834180303,18.180754538853936,18.373720169067383,4465600,0.0,0.0
2009-03-31 00:00:00-04:00,18.633807825958474,19.732876481873554,18.457622200339678,19.2294864654541,4777100,0.0,0.0
2009-04-01 00:00:00-04:00,18.86870435259767,19.640567830615602,17.794806852676295,18.071672439575195,7979900,0.0,0.0
2009-04-02 00:00:00-04:00,19.044898758037483,19.405659801099052,18.147186357181994,18.5750675201416,5715500,0.0,0.0
2009-04-03 00:00:00-04:00,19.48957649327251,19.808390958640516,18.415679178937896,19.749662399291992,4536600,0.0,0.0
2009-04-06 00:00:00-04:00,19.439222351895076,19.46439240008201,18.809985549309218,19.355323791503906,3561600,0.0,0.0
2009-04-07 00:00:00-04:00,18.944222690590397,19.086849763823853,18.608630047756368,18.625410079956055,2339100,0.0,0.0
2009-04-08 00:00:00-04:00,18.784812760254226,19.153965411973612,18.60862724934852,19.07845687866211,1701000,0.0,0.0
2009-04-09 00:00:00-04:00,19.665747673511287,20.622187086224145,19.321765021562562,20.54667854309082,4343300,0.0,0.0
2009-04-13 00:00:00-04:00,20.21947042471524,21.52828214940078,19.48955523965646,21.360485076904297,4301600,0.0,0.0
2009-04-14 00:00:00-04:00,20.571846337665452,21.05845600665348,20.14396517351933,20.23625373840332,3862500,0.0,0.0
2009-04-15 00:00:00-04:00,19.75804074945005,20.46278630282814,19.71609225708114,20.429227828979492,4010600,0.0,0.0
2009-04-16 00:00:00-04:00,20.97455509142167,23.122349084718415,20.605402473747812,22.954553604125977,7499700,0.0,0.0
2009-04-17 00:00:00-04:00,22.702860373868575,24.213029459635113,22.551843305268747,24.036842346191406,6567700,0.0,0.0
2009-04-20 00:00:00-04:00,23.407611016145776,23.650916704955954,22.669307133299903,22.702865600585938,4819600,0.0,0.0
2009-04-21 00:00:00-04:00,22.593802519410485,23.24820794774714,22.216259695191358,23.181089401245117,5293700,0.0,0.0
2009-04-22 00:00:00-04:00,22.43438833356434,23.625743360413587,22.291761266961547,22.845489501953125,2990800,0.0,0.0
2009-04-23 00:00:00-04:00,23.33209949016842,23.49150659009471,22.484727096140748,23.407608032226562,2477700,0.0,0.0
2009-04-24 00:00:00-04:00,23.390828877473005,24.322099864279952,22.97972768876297,24.196252822875977,3560800,0.0,0.0
2009-04-27 00:00:00-04:00,23.827102562348795,25.01845777047784,23.667695440070595,24.850662231445312,4171000,0.0,0.0
2009-04-28 00:00:00-04:00,24.29693086228595,24.29693086228595,22.98811869490134,23.063627243041992,5274000,0.0,0.0
2009-04-29 00:00:00-04:00,23.625742821019273,24.749979296754816,23.60896278998278,24.1543025970459,4725200,0.0,0.0
2009-04-30 00:00:00-04:00,24.43955942525642,25.169474901502113,24.43955942525642,24.76676368713379,3832500,0.0,0.0
2009-05-01 00:00:00-04:00,24.515067166474303,24.892609917592146,24.372440082744458,24.749982833862305,2699300,0.0,0.0
2009-05-04 00:00:00-04:00,24.72481201022715,25.49667592151861,24.682863528185056,25.421167373657227,3455000,0.0,0.0
2009-05-05 00:00:00-04:00,25.203025531975875,26.67124435144203,25.08556693826115,26.176244735717773,3767000,0.0,0.0
2009-05-06 00:00:00-04:00,26.478287839754096,26.48667785696821,25.815492482160717,26.117525100708008,5113400,0.0,0.0
2009-05-07 00:00:00-04:00,26.662859760549907,26.662859760549907,24.70803094162001,24.842267990112305,4600000,0.0,0.0
2009-05-08 00:00:00-04:00,25.54701644561874,26.2014217376709,25.07718511771786,26.2014217376709,3688500,0.0,0.0
2009-05-11 00:00:00-04:00,25.58057428898572,26.604132285117238,25.244981634535385,26.058794021606445,2855800,0.0,0.0
2009-05-12 00:00:00-04:00,26.151089310346133,26.461513595492498,24.842276822117164,25.127531051635742,3387400,0.0,0.0
2009-05-13 00:00:00-04:00,24.62413024784553,24.657688706938398,23.27336826443385,23.390825271606445,4853900,0.0,0.0
2009-05-14 00:00:00-04:00,23.05522946992683,24.020058637947482,23.05522946992683,23.82709312438965,2856900,0.0,0.0
2009-05-15 00:00:00-04:00,23.541839060768726,24.456329747042005,22.80353546095848,23.82709312438965,2112200,0.0,0.0
2009-05-18 00:00:00-04:00,24.307010091695734,25.132117749144218,23.852357950314065,25.014244079589844,2570800,0.1,0.0
2009-05-19 00:00:00-04:00,24.87952973113463,25.19105078419466,24.584849607020566,24.736398696899414,2186800,0.0,0.0
2009-05-20 00:00:00-04:00,25.08160739905148,25.22473687877639,24.062850470665293,24.18914222717285,2293600,0.0,0.0
2009-05-21 00:00:00-04:00,23.76815842134028,23.944968089182435,23.28824898930405,23.667125701904297,1913200,0.0,0.0
2009-05-22 00:00:00-04:00,23.801839992776546,24.029166048298503,23.406123909633955,23.48189926147461,1375100,0.0,0.0
2009-05-26 00:00:00-04:00,23.313514525524983,24.50907941416438,23.069349107462003,24.357528686523438,2422800,0.0,0.0
2009-05-27 00:00:00-04:00,24.382786149464955,24.74482364313764,23.65871276800616,23.700809478759766,1848200,0.0,0.0
2009-05-28 00:00:00-04:00,22.740989872595257,23.161963394992313,21.621200367254556,22.639955520629883,5856500,0.0,0.0
2009-05-29 00:00:00-04:00,22.538923956231343,23.128285954954617,22.4378895989689,23.060930252075195,3264700,0.0,0.0
2009-06-01 00:00:00-04:00,23.161967680662066,24.23966067552372,23.10303163356336,24.0375919342041,2974000,0.0,0.0
2009-06-02 00:00:00-04:00,23.877611562333925,24.21438995834219,23.675544524728966,24.11335563659668,2820700,0.0,0.0
2009-06-03 00:00:00-04:00,23.72606133986467,24.24806746226513,23.532413959164053,24.205970764160156,2999500,0.0,0.0
2009-06-04 00:00:00-04:00,24.382788229976757,24.391207894023218,23.75132787947255,24.30701446533203,2355700,0.0,0.0
2009-06-05 00:00:00-04:00,24.610113455749357,25.064765662573155,24.18072024015576,24.365949630737305,3158100,0.0,0.0
2009-06-08 00:00:00-04:00,24.088105013206977,24.534335910802813,23.641872509724625,24.172298431396484,2437400,0.0,0.0
2009-06-09 00:00:00-04:00,24.189140635933693,24.862699302809858,24.113365265836542,24.69430923461914,1919900,0.0,0.0
2009-06-10 00:00:00-04:00,25.15736979246887,25.207887756937893,24.12177560914518,24.500652313232422,2065100,0.0,0.0
2009-06-11 00:00:00-04:00,24.45014301624399,24.753242861167813,24.046007213201314,24.096525192260742,2369700,0.0,0.0
2009-06-12 00:00:00-04:00,24.054430084519286,24.21440049443631,23.54926146775647,23.860782623291016,1834200,0.0,0.0
2009-06-15 00:00:00-04:00,23.650293128342856,23.919715931563307,22.1937250947532,22.294757843017578,4709400,0.0,0.0
2009-06-16 00:00:00-04:00,22.54734528356984,22.757832071335436,21.570686716808414,21.612783432006836,2744300,0.0,0.0
2009-06-17 00:00:00-04:00,21.469654653761047,22.79151156569776,21.183392463239944,22.261085510253906,3582200,0.0,0.0
2009-06-18 00:00:00-04:00,22.303177839933763,22.39579253213346,21.63804048527091,21.831687927246094,3053500,0.0,0.0
2009-06-19 00:00:00-04:00,22.059010622973418,22.496821814328865,21.722230559934275,21.924299240112305,2244500,0.0,0.0
2009-06-22 00:00:00-04:00,21.688558166168303,21.755913872036754,20.5940259384476,20.602445602416992,3249300,0.0,0.0
2009-06-23 00:00:00-04:00,20.94764135522806,21.30125917131093,20.62770219109904,21.166547775268555,2621500,0.0,0.0
2009-06-24 00:00:00-04:00,21.37703487570656,21.949559121026564,21.23390381437656,21.64645767211914,1998500,0.0,0.0
2009-06-25 00:00:00-04:00,21.68855751908824,21.68855751908824,21.217067592076027,21.60436248779297,2395400,0.0,0.0
2009-06-26 00:00:00-04:00,21.595938808222584,22.025331942683096,21.43596843909737,21.89904022216797,4754000,0.0,0.0
2009-06-29 00:00:00-04:00,21.873784311513983,22.404211860504997,21.50332876002916,22.294757843017578,1962700,0.0,0.0
2009-06-30 00:00:00-04:00,22.252658426991758,22.269497751617543,21.10761004662049,22.185302734375,1988400,0.0,0.0
2009-07-01 00:00:00-04:00,22.126370805115656,22.951478594073343,22.04217577226786,22.66521644592285,3024000,0.0,0.0
2009-07-02 00:00:00-04:00,22.463147613882533,22.463147613882533,21.621200561523438,21.621200561523438,2716600,0.0,0.0
2009-07-06 00:00:00-04:00,21.511751373472475,22.303182229965337,21.511751373472475,22.261085510253906,2665800,0.0,0.0
2009-07-07 00:00:00-04:00,22.833602961220702,23.06092742691037,21.924300280802726,21.98323631286621,4076800,0.0,0.0
2009-07-08 00:00:00-04:00,22.210560945342227,22.67363275453606,21.983236477945503,22.32001495361328,3924400,0.0,0.0
2009-07-09 00:00:00-04:00,22.740988625155634,22.740988625155634,22.109528376198323,22.43788719177246,1676000,0.0,0.0
2009-07-10 00:00:00-04:00,22.294759570298424,22.522085680335177,21.991659696136125,22.151628494262695,1546700,0.0,0.0
2009-07-13 00:00:00-04:00,22.277920248308444,23.20406241079521,21.957981046082608,23.170385360717773,2572900,0.0,0.0
2009-07-14 00:00:00-04:00,23.1198665988587,23.675553162362966,22.909379823825155,23.54084014892578,2518700,0.0,0.0
2009-07-15 00:00:00-04:00,24.172302898068693,24.862700938357865,23.92813904960565,24.18914222717285,5706800,0.0,0.0
2009-07-16 00:00:00-04:00,24.16388579607386,24.635375788449323,24.037592428679417,24.46698570251465,2821800,0.0,0.0
2009-07-17 00:00:00-04:00,24.44172477722168,24.76166396714065,24.290174042986038,24.44172477722168,1860500,0.0,0.0
2009-07-20 00:00:00-04:00,24.75324022742687,24.75324022742687,23.919712932272073,24.079683303833008,4909100,0.0,0.0
2009-07-21 00:00:00-04:00,24.11336104156774,24.307010067828916,21.78116912277465,22.564178466796875,14225600,0.0,0.0
2009-07-22 00:00:00-04:00,22.73256814995385,23.05250729140022,22.168463616812133,22.328433990478516,6836600,0.0,0.0
2009-07-23 00:00:00-04:00,20.223569607144313,21.99165882780691,19.95414679368842,21.48649024963379,14840500,0.0,0.0
2009-07-24 00:00:00-04:00,21.19180795708381,21.856945311746664,21.158129303234247,21.831687927246094,3011700,0.0,0.0
2009-07-27 00:00:00-04:00,21.831686967762977,22.522083282470703,21.233903735298085,22.522083282470703,4031400,0.0,0.0
2009-07-28 00:00:00-04:00,22.446309495248972,23.313515583961994,22.328437415459753,23.254579544067383,5422900,0.0,0.0
2009-07-29 00:00:00-04:00,22.959897665871516,23.237740142983736,21.368616564331855,21.48649024963379,6948200,0.0,0.0
2009-07-30 00:00:00-04:00,21.730652947715168,21.91588232679678,20.139373534399454,20.189889907836914,6442500,0.0,0.0
2009-07-31 00:00:00-04:00,20.23199277164817,20.358284536572715,19.94573058134618,19.98782730102539,4966500,0.0,0.0
2009-08-03 00:00:00-04:00,20.28250628951614,20.686640522505233,19.743660645530685,20.265666961669922,4480000,0.0,0.0
2009-08-04 00:00:00-04:00,20.215144323340795,21.141286191527524,20.10569033212522,21.124446868896484,5247500,0.0,0.0
2009-08-05 00:00:00-04:00,21.217065208924105,21.39387330948668,20.44247389860754,20.78767204284668,3864000,0.0,0.0
2009-08-06 00:00:00-04:00,21.040261367793605,21.040261367793605,20.349864886855958,20.568771362304688,2676700,0.0,0.0
2009-08-07 00:00:00-04:00,20.82976969551521,21.562264331076705,20.526668245505412,21.478069305419922,3800200,0.0,0.0
2009-08-10 00:00:00-04:00,21.183385609053254,21.6464557995937,20.98131852922362,21.233901977539062,3270000,0.0,0.0
2009-08-11 00:00:00-04:00,20.98973973478019,21.225483875636755,20.535087567322783,20.75399398803711,2443100,0.0,0.0
2009-08-12 00:00:00-04:00,20.829768529092824,21.36861409370356,20.535086758738906,21.082353591918945,1812300,0.0,0.0
2009-08-13 00:00:00-04:00,21.174963870943184,21.174963870943184,20.40879233282046,20.922380447387695,2276200,0.0,0.0
2009-08-14 00:00:00-04:00,20.989736988384173,21.048673015886845,20.391953839672105,20.64453887939453,2021200,0.0,0.0
2009-08-17 00:00:00-04:00,20.28250614743082,20.39195856589111,19.79417688451823,19.903629302978516,3126900,0.0,0.0
2009-08-18 00:00:00-04:00,20.047368661554906,20.410944156084778,20.047368661554906,20.241840362548828,1865100,0.1,0.0
2009-08-19 00:00:00-04:00,20.005086280278405,21.154998779296875,20.005086280278405,21.154998779296875,3646200,0.0,0.0
2009-08-20 00:00:00-04:00,20.95207905783713,21.459392016514393,20.867526360488064,21.400205612182617,3065700,0.0,0.0
2009-08-21 00:00:00-04:00,21.569312155376306,22.15272402417022,21.34947577564659,22.025894165039062,4117300,0.0,0.0
2009-08-24 00:00:00-04:00,22.034349829875737,23.08279915089323,22.034349829875737,22.52475357055664,4154900,0.0,0.0
2009-08-25 00:00:00-04:00,22.693859721678187,23.074346090185582,22.55857603792194,22.660037994384766,2036500,0.0,0.0
2009-08-26 00:00:00-04:00,22.49092828374514,22.668487467233607,22.288002811454767,22.583934783935547,1667600,0.0,0.0
2009-08-27 00:00:00-04:00,22.448653768325684,23.26881279597726,22.32182553485942,23.2349910736084,3171600,0.0,0.0
2009-08-28 00:00:00-04:00,23.429459603326627,23.64929594618873,22.879869552525566,23.302631378173828,2519600,0.0,0.0
2009-08-31 00:00:00-04:00,23.023609007692382,23.15889266505686,22.643124326120432,23.03206443786621,1917100,0.0,0.0
2009-09-01 00:00:00-04:00,22.744588499803346,23.46328400818124,22.245729359441544,22.33873748779297,3968500,0.0,0.0
2009-09-02 00:00:00-04:00,22.178087927136584,22.29646235065552,21.84833417547429,22.06817054748535,2551900,0.0,0.0
2009-09-03 00:00:00-04:00,22.017440226985137,22.042804908507005,19.438591704394543,20.512407302856445,18668300,0.0,0.0
2009-09-04 00:00:00-04:00,20.34329511882372,20.78296772933994,20.07272785472392,20.64768409729004,9433400,0.0,0.0
2009-09-08 00:00:00-04:00,19.80217103698439,20.50395585322561,19.658431900515275,19.996641159057617,11522000,0.0,0.0
2009-09-09 00:00:00-04:00,19.98817638333802,20.791424408050506,19.675333570177973,20.75760269165039,7020700,0.0,0.0
2009-09-10 00:00:00-04:00,20.673056773740555,21.002810527210663,20.385578563589167,20.8759822845459,4954500,0.0,0.0
2009-09-11 00:00:00-04:00,20.850622433663364,21.442489899261037,20.71533871799117,21.341026306152344,4780100,0.0,0.0
2009-09-14 00:00:00-04:00,21.121183524987075,21.29874435645095,20.782974337328042,21.2902889251709,4091600,0.0,0.0
2009-09-15 00:00:00-04:00,21.315653230279484,21.450938515665186,20.94362393677171,21.222646713256836,4140500,0.0,0.0
2009-09-16 00:00:00-04:00,21.197280063713976,21.92443100166754,21.087362686276336,21.91597557067871,4069700,0.0,0.0
2009-09-17 00:00:00-04:00,21.383296764360853,21.543945118360902,20.157286661551908,20.368667602539062,11280600,0.0,0.0
2009-09-18 00:00:00-04:00,20.444762879239736,20.65614379964096,19.912082056711927,19.945903778076172,5725200,0.0,0.0
2009-09-21 00:00:00-04:00,19.68379260924704,19.700701857840016,18.68607437037893,18.804447174072266,9928800,0.0,0.0
2009-09-22 00:00:00-04:00,18.779080646482235,19.269485941820495,18.601521443170224,18.90591049194336,6951600,0.0,0.0
2009-09-23 00:00:00-04:00,18.584607517825738,18.584607517825738,17.257135782653645,17.324777603149414,11615300,0.0,0.0
2009-09-24 00:00:00-04:00,17.383967965553612,17.662990740424988,16.174868736874803,16.555355072021484,14048700,0.0,0.0
2009-09-25 00:00:00-04:00,16.52998345157574,16.589171450074865,15.642184439293649,15.938117980957031,14726100,0.0,0.0
2009-09-28 00:00:00-04:00,16.031123102347905,16.174862146761082,15.709824915681473,15.870474815368652,8637200,0.0,0.0
2009-09-29 00:00:00-04:00,15.988850128347101,18.49160066350727,15.91275288017853,17.59534454345703,21533000,0.0,0.0
2009-09-30 00:00:00-04:00,17.088034645533366,17.383968288058846,16.1156826309856,17.299415588378906,15093300,0.0,0.0
2009-10-01 00:00:00-04:00,17.29941697099645,17.400880541263348,16.741371366300353,17.240230560302734,10383000,0.0,0.0
2009-10-02 00:00:00-04:00,16.944300262646845,17.18950136274473,16.436985584160556,16.580724716186523,8214700,0.0,0.0
2009-10-05 00:00:00-04:00,16.74137096529989,17.028849192676706,16.58072260089597,16.927387237548828,4943500,0.0,0.0
2009-10-06 00:00:00-04:00,17.164132575505196,17.62917163531384,16.995028782336423,17.3670597076416,4113500,0.0,0.0
2009-10-07 00:00:00-04:00,17.36705772053744,17.62071418762207,17.30786970635644,17.62071418762207,4330900,0.0,0.0
2009-10-08 00:00:00-04:00,17.882822830401654,18.846720777840172,17.637621838544028,18.62688446044922,9804100,0.0,0.0
2009-10-09 00:00:00-04:00,18.559242308028395,19.024279608941477,18.559242308028395,18.897451400756836,8338200,0.0,0.0
2009-10-12 00:00:00-04:00,19.007375734050715,19.31176483568675,18.745263792480106,19.269489288330078,4972800,0.0,0.0
2009-10-13 00:00:00-04:00,19.151118720087428,19.29485786791795,18.821364868532903,19.09193229675293,4530500,0.0,0.0
2009-10-14 00:00:00-04:00,19.447044676912608,19.979723886731982,19.320216447213564,19.945903778076172,6103500,0.0,0.0
2009-10-15 00:00:00-04:00,19.93744880405814,20.275657961899253,19.89517326409368,20.258747100830078,4874700,0.0,0.0
2009-10-16 00:00:00-04:00,19.95436437901009,20.444768176906464,19.56542254608049,20.309484481811523,7098300,0.0,0.0
2009-10-19 00:00:00-04:00,20.402483657302128,21.374837082650174,20.241835335248197,20.292566299438477,9918800,0.0,0.0
2009-10-20 00:00:00-04:00,20.326394931587117,21.17191881501003,19.99663952041018,21.087366104125977,9305600,0.0,0.0
2009-10-21 00:00:00-04:00,20.97744012667138,21.62849368765272,20.884433627037108,21.231098175048828,7311600,0.0,0.0
2009-10-22 00:00:00-04:00,21.31565357137767,21.67077362101496,21.231102484132908,21.628498077392578,4250100,0.0,0.0
2009-10-23 00:00:00-04:00,21.569310785695418,21.687683593145103,20.985898953948958,21.16345977783203,3302100,0.0,0.0
2009-10-26 00:00:00-04:00,21.146549445787386,21.560855894949622,20.86752666930226,21.222646713256836,5334900,0.0,0.0
2009-10-27 00:00:00-04:00,21.045086256175214,21.560856275298125,21.045086256175214,21.2902889251709,6574300,0.0,0.0
2009-10-28 00:00:00-04:00,21.33255982864929,21.69613523106433,20.7068725644011,20.816791534423828,7571200,0.0,0.0
2009-10-29 00:00:00-04:00,21.357940855886703,21.45094903121181,20.19111659116775,20.520872116088867,9696500,0.0,0.0
2009-10-30 00:00:00-04:00,20.45321659410686,21.045082153963644,19.979722210971467,20.02199935913086,7102400,0.0,0.0
2009-11-02 00:00:00-05:00,19.768346594313112,19.88672102810418,19.286398265382186,19.531600952148438,7717100,0.0,0.0
2009-11-03 00:00:00-05:00,19.31175950928881,19.67533492202954,19.09192317570817,19.497774124145508,7779100,0.0,0.0
2009-11-04 00:00:00-05:00,19.624613192062778,20.216480695238413,19.54006207393129,19.77680778503418,4894000,0.0,0.0
2009-11-05 00:00:00-05:00,19.835987954766452,20.165743339739908,19.768346113976023,20.140377044677734,3900100,0.0,0.0
2009-11-06 00:00:00-05:00,19.878256984037655,20.444757773754123,19.80215974267962,20.174190521240234,4172100,0.0,0.0
2009-11-09 00:00:00-05:00,20.385582086427267,20.808344043506494,20.258752209136393,20.799888610839844,2658800,0.0,0.0
2009-11-10 00:00:00-05:00,20.68996814468315,20.68996814468315,19.83598885788017,20.106557846069336,5096200,0.0,0.0
2009-11-11 00:00:00-05:00,20.174200392772896,20.689968865485074,20.174200392772896,20.402490615844727,3655400,0.0,0.0
2009-11-12 00:00:00-05:00,20.37712601159458,20.656148829965375,20.02200591433095,20.064281463623047,2579000,0.0,0.0
2009-11-13 00:00:00-05:00,20.12346297711315,20.16574012881846,19.78525382701288,19.945903778076172,3143700,0.0,0.0
2009-11-16 00:00:00-05:00,20.19111066064005,20.436313373491046,20.081193259757505,20.275663375854492,2927900,0.0,0.0
2009-11-17 00:00:00-05:00,20.36867214980867,20.36867214980867,19.785260170880033,19.996641159057617,3188500,0.0,0.0
2009-11-18 00:00:00-05:00,20.06456275345356,20.16645714426096,19.920213311217648,20.107019424438477,1927700,0.1,0.0
2009-11-19 00:00:00-05:00,19.971157895960765,20.098524647988743,19.385268893164707,19.690950393676758,3303200,0.0,0.0
2009-11-20 00:00:00-05:00,19.580572632048945,19.716430771941646,19.156015539995067,19.487171173095703,4904100,0.0,0.0
2009-11-23 00:00:00-05:00,19.65699329203162,19.954183584218573,19.461697415858428,19.512643814086914,3481300,0.0,0.0
2009-11-24 00:00:00-05:00,19.512639176304727,20.166457339804563,19.512639176304727,20.01361656188965,4760100,0.0,0.0
2009-11-25 00:00:00-05:00,20.00512925436642,20.107023666671772,19.58057217228148,19.920217514038086,4782900,0.0,0.0
2009-11-27 00:00:00-05:00,19.40225735168852,19.690956272913628,19.283380277353317,19.47867774963379,2164500,0.0,0.0
2009-11-30 00:00:00-05:00,19.4532002561748,19.73340779188552,19.444708922419164,19.724916458129883,3800500,0.0,0.0
2009-12-01 00:00:00-05:00,19.94569072599702,19.94569072599702,19.538116332154864,19.86927032470703,2616600,0.0,0.0
2009-12-02 00:00:00-05:00,19.86927054730237,20.022111351594624,19.733412414499632,19.99663734436035,2136700,0.0,0.0
2009-12-03 00:00:00-05:00,20.030604706390832,20.166462852887843,19.852289876890467,19.988149642944336,2907300,0.0,0.0
2009-12-04 00:00:00-05:00,20.39572373861148,21.87318227152765,20.25137425794719,21.533536911010742,9276400,0.0,0.0
2009-12-07 00:00:00-05:00,21.414647505056223,21.63541726732145,21.168405367623865,21.261808395385742,5699000,0.0,0.0
2009-12-08 00:00:00-05:00,21.117473044081557,21.31276894152538,20.88821179774821,20.97312355041504,4508400,0.0,0.0
2009-12-09 00:00:00-05:00,20.905188622751705,21.202377244594356,20.658944770874623,21.185396194458008,4388000,0.0,0.0
2009-12-10 00:00:00-05:00,21.219355077819024,21.584474295212566,21.032550612444815,21.355213165283203,4478800,0.0,0.0
2009-12-11 00:00:00-05:00,21.465606236967627,22.909099316328394,21.329748102899714,22.662857055664062,12011100,0.0,0.0
2009-12-14 00:00:00-05:00,22.900603956004286,22.92607795899904,22.47604695676356,22.552467346191406,4352300,0.0,0.0
2009-12-15 00:00:00-05:00,22.24679245290181,22.47605205361771,21.941110825871558,22.068477630615234,5063000,0.0,0.0
2009-12-16 00:00:00-05:00,22.043005076192344,22.858155595535912,22.043005076192344,22.81570053100586,3936500,0.0,0.0
2009-12-17 00:00:00-05:00,22.535483190943488,23.10438793673784,22.493026525137505,23.01947784423828,4596900,0.0,0.0
2009-12-18 00:00:00-05:00,23.172325284758166,23.18930633642157,22.450577953471775,22.739276885986328,2840500,0.0,0.0
2009-12-21 00:00:00-05:00,22.764750858036976,23.087415155454078,22.713804460386772,23.061941146850586,2172600,0.0,0.0
2009-12-22 00:00:00-05:00,23.172318498021752,23.265719923263294,23.0364587876086,23.23175621032715,1228700,0.0,0.0
2009-12-23 00:00:00-05:00,23.155335831775584,23.350631634937944,22.917583362997803,23.23175621032715,2115300,0.0,0.0
2009-12-24 00:00:00-05:00,23.325165911537475,23.613864861930427,23.155344047490114,23.4949893951416,973600,0.0,0.0
2009-12-28 00:00:00-05:00,23.59687990185297,23.59687990185297,22.95155303839521,23.05344581604004,1459400,0.0,0.0
2009-12-29 00:00:00-05:00,23.163827268866218,23.257228694526976,22.80719937387697,23.01947784423828,1945700,0.0,0.0
2009-12-30 00:00:00-05:00,22.917584633035393,23.13835444780154,22.790217868243158,23.0874080657959,1649000,0.0,0.0
2009-12-31 00:00:00-05:00,23.061939615582368,23.146851352399253,22.747768294783576,22.756258010864258,888300,0.0,0.0
2010-01-04 00:00:00-05:00,22.87513074280105,23.16382962137709,22.773236354074538,23.155338287353516,1859700,0.0,0.0
2010-01-05 00:00:00-05:00,23.06193864828928,23.18081410311289,22.654364272131254,22.91758918762207,1982400,0.0,0.0
2010-01-06 00:00:00-05:00,22.5864364617715,22.841170056105135,22.42510432159662,22.433595657348633,2019100,0.0,0.0
2010-01-07 00:00:00-05:00,22.348686576964766,22.51851007308611,22.289248839189366,22.36566925048828,3805600,0.0,0.0
2010-01-08 00:00:00-05:00,22.24678781003036,22.79871159510514,22.17885875370664,22.790220260620117,2144200,0.0,0.0
2010-01-11 00:00:00-05:00,22.82418163106628,22.88362096634687,22.50151905161022,22.654359817504883,1459600,0.0,0.0
2010-01-12 00:00:00-05:00,22.527002557381053,22.85815661017419,22.34019637822023,22.773244857788086,2884300,0.0,0.0
2010-01-13 00:00:00-05:00,22.858150226038664,23.571406155582952,22.62888904449446,23.503477096557617,3141900,0.0,0.0
2010-01-14 00:00:00-05:00,23.48649024810906,23.605365675363515,23.002495586223095,23.5883846282959,2353700,0.0,0.0
2010-01-15 00:00:00-05:00,23.494985725930718,23.579897454472118,23.12986642689225,23.28270721435547,2439400,0.0,0.0
2010-01-19 00:00:00-05:00,23.401590649823955,23.57141416486957,23.172331009936567,23.52046775817871,1712300,0.0,0.0
2010-01-20 00:00:00-05:00,23.41857207866277,23.749726133861518,23.2572399099129,23.461027145385742,2323400,0.0,0.0
2010-01-21 00:00:00-05:00,23.579897842871823,23.732738632852584,23.197795867919922,23.197795867919922,2525300,0.0,0.0
2010-01-22 00:00:00-05:00,23.129865419254088,23.58838776166851,22.849657860964086,22.900604248046875,3456500,0.0,0.0
2010-01-25 00:00:00-05:00,22.994007525349744,23.172322311164884,22.323208293804026,22.3571720123291,3612900,0.0,0.0
2010-01-26 00:00:00-05:00,22.255281846494263,22.662857883136237,22.24679212991716,22.611909866333008,4660500,0.0,0.0
2010-01-27 00:00:00-05:00,23.1808125231111,24.77714781692557,23.06193707639003,24.479957580566406,6819800,0.0,0.0
2010-01-28 00:00:00-05:00,24.63280628811027,24.63280628811027,23.902567464418155,24.046916961669922,3915200,0.0,0.0
2010-01-29 00:00:00-05:00,24.148808480185153,24.284666623626002,23.418569744522962,23.427061080932617,3795300,0.0,0.0
2010-02-01 00:00:00-05:00,23.639336790328574,23.90256170915289,23.554425055997836,23.707265853881836,2747900,0.0,0.0
2010-02-02 00:00:00-05:00,23.673303341549445,24.233720207285693,23.605374269877903,24.089370727539062,3618000,0.0,0.0
2010-02-03 00:00:00-05:00,23.97897904833809,24.15729382963504,23.7836832179871,23.860103607177734,2824800,0.0,0.0
2010-02-04 00:00:00-05:00,23.503473099466785,23.503473099466785,22.37415167300448,22.40811538696289,5817500,0.0,0.0
2010-02-05 00:00:00-05:00,22.51850191868849,23.23175775282297,22.425098867689165,23.21477508544922,5023200,0.0,0.0
2010-02-08 00:00:00-05:00,23.163833189857307,23.265725974724447,22.476049603999357,22.484540939331055,3593300,0.0,0.0
2010-02-09 00:00:00-05:00,22.713794891741216,22.943056013921414,22.52699043268111,22.722286224365234,3464500,0.0,0.0
2010-02-10 00:00:00-05:00,22.679835654946558,22.97702589841297,22.2807526317272,22.637380599975586,2910600,0.0,0.0
2010-02-11 00:00:00-05:00,22.611907748588877,23.104393861331676,22.45906857116383,23.02797508239746,2867200,0.0,0.0
2010-02-12 00:00:00-05:00,22.80720678691719,23.01099399035438,22.433596104170647,22.909099578857422,3033200,0.0,0.0
2010-02-16 00:00:00-05:00,23.08741059330253,23.155339649932046,22.849658085320993,23.129865646362305,2389100,0.0,0.0
2010-02-17 00:00:00-05:00,23.330183812378028,23.35575476647679,23.040367743218773,23.074462890625,2529100,0.105,0.0
2010-02-18 00:00:00-05:00,23.014803861806705,23.12561516503792,22.852847379400238,22.929563522338867,2147000,0.0,0.0
2010-02-19 00:00:00-05:00,22.776122130514477,23.125605919366347,22.656786678464645,23.091510772705078,2362400,0.0,0.0
2010-02-22 00:00:00-05:00,23.168233221138383,23.168233221138383,22.759081594364734,22.84432029724121,2118900,0.0,0.0
2010-02-23 00:00:00-05:00,22.835788576433124,22.938075629224155,22.49482739826731,22.776119232177734,2923300,0.0,0.0
2010-02-24 00:00:00-05:00,22.85284405802196,23.074468258098303,22.690889224977877,23.031848907470703,1887400,0.0,0.0
2010-02-25 00:00:00-05:00,22.733503704617632,22.955127857207735,22.460736017067862,22.89546012878418,2177600,0.0,0.0
2010-02-26 00:00:00-05:00,22.98070000755738,23.006272589279696,22.63974038037862,22.690885543823242,1355800,0.0,0.0
2010-03-01 00:00:00-05:00,22.767597553184306,23.33870547607941,22.65678629612566,23.15970230102539,2193800,0.0,0.0
2010-03-02 00:00:00-05:00,23.21937446370232,23.313138978549958,22.972179323409286,23.193801879882812,1432300,0.0,0.0
2010-03-03 00:00:00-05:00,23.176748526899708,23.32165654236235,23.100032423076932,23.168224334716797,1539100,0.0,0.0
2010-03-04 00:00:00-05:00,23.168221552001008,23.304605358899796,22.99774098046591,23.253461837768555,954400,0.0,0.0
2010-03-05 00:00:00-05:00,23.372802173850744,24.063245544591787,23.270513484270353,23.96095848083496,2756100,0.0,0.0
2010-03-08 00:00:00-05:00,23.935384732593374,24.225200775451025,23.73933318178481,24.04619598388672,1302400,0.0,0.0
2010-03-09 00:00:00-05:00,24.029150536898317,24.09734245506982,23.79047801038626,23.901290893554688,2235500,0.0,0.0
2010-03-10 00:00:00-05:00,23.901293348292885,23.901293348292885,23.30461278364355,23.654096603393555,2345400,0.0,0.0
2010-03-11 00:00:00-05:00,23.58590720671717,24.10587170805879,23.475095926112257,24.088823318481445,1736400,0.0,0.0
2010-03-12 00:00:00-05:00,24.12291847181222,24.506499108182908,23.995058801629963,24.088823318481445,1567200,0.0,0.0
2010-03-15 00:00:00-04:00,23.952427996471375,24.446819676967202,23.892760287315124,24.37862777709961,1481000,0.0,0.0
2010-03-16 00:00:00-04:00,24.38715957123379,24.49797083338366,24.23372734223886,24.48944664001465,1307300,0.0,0.0
2010-03-17 00:00:00-04:00,24.506494774335902,24.566162501480765,24.387159320046177,24.497970581054688,1189600,0.0,0.0
2010-03-18 00:00:00-04:00,24.506495161983803,25.887383604734516,24.336014545310107,25.28217887878418,6082600,0.0,0.0
2010-03-19 00:00:00-04:00,25.28217887878418,26.305059327179055,25.111698262110483,25.28217887878418,3333900,0.0,0.0
2010-03-22 00:00:00-04:00,25.128749732267778,25.64871421368148,25.00941426144779,25.589046478271484,2048400,0.0,0.0
2010-03-23 00:00:00-04:00,25.554935411667717,25.904419060079693,25.33331135704645,25.844751358032227,1961300,0.0,0.0
2010-03-24 00:00:00-04:00,25.74247358160606,25.938525137573766,25.60608974912213,25.85328483581543,1907700,0.0,0.0
2010-03-25 00:00:00-04:00,25.998197302367643,26.45849403500171,25.802145712908157,26.00672149658203,2526200,0.0,0.0
2010-03-26 00:00:00-04:00,25.99818723091241,26.26243064589775,25.657227723540487,25.793611526489258,2157800,0.0,0.0
2010-03-29 00:00:00-04:00,25.88738527393304,26.30506102330899,25.81066915406565,26.03229331970215,1263300,0.0,0.0
2010-03-30 00:00:00-04:00,25.989667643570403,26.083432134389952,25.71689998935732,25.768043518066406,1370900,0.0,0.0
2010-03-31 00:00:00-04:00,25.614611714239235,25.80214069886627,25.33331986312217,25.3588924407959,2170900,0.0,0.0
2010-04-01 00:00:00-04:00,25.512326110991403,25.83623731755775,24.873026265079453,25.034982681274414,5092400,0.0,0.0
2010-04-05 00:00:00-04:00,25.145795064985812,25.256606327875883,25.0861273368278,25.171367645263672,2226700,0.0,0.0
2010-04-06 00:00:00-04:00,25.103178277545112,25.256608897350514,24.94974603191589,25.094654083251953,2369700,0.0,0.0
2010-04-07 00:00:00-04:00,25.09465307920019,25.563472365799466,24.881553107868925,25.00941276550293,2542400,0.0,0.0
2010-04-08 00:00:00-04:00,24.98383459081416,24.98383459081416,24.63435084613154,24.71959114074707,1804700,0.0,0.0
2010-04-09 00:00:00-04:00,24.70254468272194,24.796309176692198,24.480920549770836,24.608781814575195,2288900,0.0,0.0
2010-04-12 00:00:00-04:00,24.659924307948042,24.728116220924967,24.395680848390395,24.404203414916992,2330200,0.0,0.0
2010-04-13 00:00:00-04:00,24.336011501940067,24.608780779671214,24.310440550713377,24.404203414916992,1785000,0.0,0.0
2010-04-14 00:00:00-04:00,24.54911523416914,24.68549908123935,24.463876549118037,24.634355545043945,2353400,0.0,0.0
2010-04-15 00:00:00-04:00,24.625825288692003,25.299221790412034,24.523538241483454,25.273649215698242,2797900,0.0,0.0
2010-04-16 00:00:00-04:00,25.171373280664884,25.171373280664884,23.168232900162618,23.36428451538086,12272000,0.0,0.0
2010-04-19 00:00:00-04:00,23.22789232058015,23.705235707533987,21.983389512423216,23.04888916015625,12948900,0.0,0.0
2010-04-20 00:00:00-04:00,23.261990622498207,23.560329242863045,22.545974681975512,23.117082595825195,5441800,0.0,0.0
2010-04-21 00:00:00-04:00,22.852844238260435,23.00627650304832,21.710628073532888,21.898157119750977,11092000,0.0,0.0
2010-04-22 00:00:00-04:00,21.99191119590878,22.36696751208292,21.804383850733394,22.21353530883789,3507800,0.0,0.0
2010-04-23 00:00:00-04:00,22.16239619978227,22.401068744153374,21.565715651766343,22.366971969604492,3232400,0.0,0.0
2010-04-26 00:00:00-04:00,22.392540087898215,22.443683613705435,22.03453215560094,22.21353530883789,4444500,0.0,0.0
2010-04-27 00:00:00-04:00,22.077151749312947,22.153867851838392,21.130989194538095,21.182132720947266,6952800,0.0,0.0
2010-04-28 00:00:00-04:00,21.361133394613727,21.91519280617689,21.30998987414627,21.829954147338867,4351600,0.0,0.0
2010-04-29 00:00:00-04:00,21.949306517664567,21.949306517664567,21.292957932569543,21.497533798217773,4611500,0.0,0.0
2010-04-30 00:00:00-04:00,21.523091997399156,21.523091997399156,21.045748630113124,21.071319580078125,5257300,0.0,0.0
2010-05-03 00:00:00-04:00,21.241799047871027,21.548663437870502,21.165082950371158,21.50604248046875,2459000,0.0,0.0
2010-05-04 00:00:00-04:00,21.258848284050124,21.258848284050124,20.551356621018897,20.849695205688477,4438400,0.0,0.0
2010-05-05 00:00:00-04:00,20.542838553056303,21.27590138425903,20.500217581238573,20.951990127563477,3451300,0.0,0.0
2010-05-06 00:00:00-04:00,20.755934058981808,21.352612903351044,18.965894274227136,20.06549072265625,8568500,0.0,0.0
2010-05-07 00:00:00-04:00,19.997298463001297,20.363830635948954,19.468811499169842,19.912059783935547,6215800,0.0,0.0
2010-05-10 00:00:00-04:00,19.110801189991868,19.178993100427117,17.491242097787143,18.55674171447754,19432600,0.0,0.0
2010-05-11 00:00:00-04:00,18.249877551562406,19.03408534509128,18.215782408795107,18.5482177734375,6976300,0.0,0.0
2010-05-12 00:00:00-04:00,18.607880144236336,19.32389582060479,18.607880144236336,18.999984741210938,4373400,0.0,0.0
2010-05-13 00:00:00-04:00,18.923281782081705,19.332433416354245,17.704349449048706,18.497081756591797,14757300,0.0,0.0
2010-05-14 00:00:00-04:00,18.335113656258358,18.531165153372157,18.19020567451706,18.38625717163086,4970200,0.0,0.0
2010-05-17 00:00:00-04:00,18.35217371363779,18.659036626944246,17.934497883056828,18.377744674682617,3030800,0.0,0.0
2010-05-18 00:00:00-04:00,18.60473171505904,18.801744394565517,18.0051326671388,18.01369857788086,4869600,0.105,0.0
2010-05-19 00:00:00-04:00,17.842379820677845,18.65612319582826,17.842379820677845,18.424848556518555,5458700,0.0,0.0
2010-05-20 00:00:00-04:00,17.93660794505673,18.493379101917572,17.85951637816117,18.16788101196289,8049500,0.0,0.0
2010-05-21 00:00:00-04:00,17.696757220775204,18.878826148520375,17.696757220775204,18.8616943359375,6260100,0.0,0.0
2010-05-24 00:00:00-04:00,18.818869951202227,18.947356946933773,18.11648178100586,18.11648178100586,3167600,0.0,0.0
2010-05-25 00:00:00-04:00,17.739584072012264,18.23639680493169,17.61109875277907,18.193567276000977,4098800,0.0,0.0
2010-05-26 00:00:00-04:00,18.36488336150266,18.630419923645764,17.782414799036818,17.885202407836914,4571100,0.0,0.0
2010-05-27 00:00:00-04:00,17.456916892350804,18.399145353176163,17.456916892350804,17.885202407836914,6264600,0.0,0.0
2010-05-28 00:00:00-04:00,17.765294159013138,17.86808346623765,17.46549378287064,17.559717178344727,3495200,0.0,0.0
2010-06-01 00:00:00-04:00,17.474050777144345,17.474050777144345,16.50612611623258,16.531822204589844,6444800,0.0,0.0
2010-06-02 00:00:00-04:00,16.668878769208998,17.0971644720205,16.471867738022983,17.0457706451416,6257000,0.0,0.0
2010-06-03 00:00:00-04:00,16.99437972368065,17.37983757562233,16.754539100941322,16.865894317626953,5751700,0.0,0.0
2010-06-04 00:00:00-04:00,16.651744878791607,16.805927958912445,16.154933639391093,16.18062973022461,5585800,0.0,0.0
2010-06-07 00:00:00-04:00,16.189202035304433,16.326253353169694,15.889401664806453,16.06071662902832,5137700,0.0,0.0
2010-06-08 00:00:00-04:00,16.1549371235843,16.531827363187244,15.846570896836175,16.24059295654297,3529300,0.0,0.0
2010-06-09 00:00:00-04:00,16.446166649476748,16.56608608705445,16.009315169155354,16.094972610473633,3878200,0.0,0.0
2010-06-10 00:00:00-04:00,16.463294074690033,16.703134543474917,16.1549296248575,16.686002731323242,3161200,0.0,0.0
2010-06-11 00:00:00-04:00,16.531822827965264,16.87445260092649,16.411903387696743,16.85732078552246,2787800,0.0,0.0
2010-06-14 00:00:00-04:00,17.05434226989746,17.2941829319997,16.814501607795222,17.05434226989746,4234100,0.0,0.0
2010-06-15 00:00:00-04:00,17.268474315587017,18.21926881832618,17.225646411444455,18.18500518798828,6121400,0.0,0.0
2010-06-16 00:00:00-04:00,17.88520679514368,18.724647853086907,17.79098506959392,18.63899040222168,7706000,0.0,0.0
2010-06-17 00:00:00-04:00,18.793173208280237,18.836001116187628,17.60253808985123,17.833812713623047,5251600,0.0,0.0
2010-06-18 00:00:00-04:00,17.85094921561352,18.227841112484743,17.816685573270508,18.073657989501953,3203400,0.0,0.0
2010-06-21 00:00:00-04:00,18.227842390266492,18.476247279545113,18.07365925647538,18.16788101196289,2168200,0.0,0.0
2010-06-22 00:00:00-04:00,18.28779638674225,18.322058386937755,17.731025404880402,17.75672149658203,2924500,0.0,0.0
2010-06-23 00:00:00-04:00,17.782413902967253,18.313487000492277,17.739584373309103,18.09934425354004,2979100,0.0,0.0
2010-06-24 00:00:00-04:00,18.056528250951615,18.090791897246564,17.611110651800754,17.645374298095703,2272800,0.0,0.0
2010-06-25 00:00:00-04:00,17.790985959258325,19.03301334068355,17.731026230788288,18.853134155273438,6447200,0.0,0.0
2010-06-28 00:00:00-04:00,18.853133241025738,18.955920875195574,18.159310992149404,18.202138900756836,3750300,0.0,0.0
2010-06-29 00:00:00-04:00,17.98800114726876,18.030829067916745,17.1228637531798,17.139995574951172,5321300,0.0,0.0
2010-06-30 00:00:00-04:00,17.131426182592055,17.42266055839853,16.70314052802725,17.06290054321289,5661300,0.0,0.0
2010-07-01 00:00:00-04:00,17.045763326537404,17.20851228118794,16.668871612423388,16.960105895996094,2237400,0.0,0.0
2010-07-02 00:00:00-04:00,17.00294049036838,17.345568680763243,16.891585307377497,17.131425857543945,2382300,0.0,0.0
2010-07-06 00:00:00-04:00,17.414095332034837,17.499752793062324,16.763100915518184,16.90871810913086,2416500,0.0,0.0
2010-07-07 00:00:00-04:00,16.900159168788562,17.474062270419587,16.8401994114777,17.448366165161133,2829100,0.0,0.0
2010-07-08 00:00:00-04:00,17.645375006155884,18.279237784022396,17.59398116843175,18.24497413635254,3268100,0.0,0.0
2010-07-09 00:00:00-04:00,18.296368675004427,18.913099597591557,18.253539117600802,18.87883758544922,2849600,0.0,0.0
2010-07-12 00:00:00-04:00,18.818870519701953,18.990185429999258,18.69895106276188,18.853134155273438,2332600,0.0,0.0
2010-07-13 00:00:00-04:00,19.01588621730613,19.504131666323012,19.01588621730613,19.418474197387695,2229500,0.0,0.0
2010-07-14 00:00:00-04:00,19.349945741875196,19.384207744210695,19.007317549619742,19.178630828857422,1893100,0.0,0.0
2010-07-15 00:00:00-04:00,19.18720211899629,19.29855733382178,18.707522515311034,19.247161865234375,2048000,0.0,0.0
2010-07-16 00:00:00-04:00,19.144378560240167,19.349955580116486,18.698960866951015,18.793184280395508,2793400,0.0,0.0
2010-07-19 00:00:00-04:00,18.861700721788598,18.97305427371819,18.553334526014137,18.707517623901367,1721200,0.0,0.0
2010-07-20 00:00:00-04:00,18.441984610185028,19.12724114281401,18.253537838376722,19.118675231933594,1920600,0.0,0.0
2010-07-21 00:00:00-04:00,19.118677817019627,19.392780467133353,18.733221577964954,18.99875831604004,2978300,0.0,0.0
2010-07-22 00:00:00-04:00,19.21289442709317,19.409905433029117,19.110105152729144,19.230026245117188,4082100,0.0,0.0
2010-07-23 00:00:00-04:00,19.238587976848095,19.48699440401471,19.067274720597208,19.375640869140625,2050300,0.0,0.0
2010-07-26 00:00:00-04:00,19.307122709967647,19.778236389160156,19.19576749822945,19.778236389160156,1461100,0.0,0.0
2010-07-27 00:00:00-04:00,19.88958876749948,20.07803553483493,19.5555264199945,19.59835433959961,1646700,0.0,0.0
2010-07-28 00:00:00-04:00,19.581223247892016,19.70114272427354,19.358514481911808,19.392776489257812,1497600,0.0,0.0
2010-07-29 00:00:00-04:00,19.86389340210798,20.703333074069512,19.769670014963975,20.24934959411621,4330500,0.0,0.0
2010-07-30 00:00:00-04:00,20.06946122279597,20.317865993324556,19.95810606438889,20.17224884033203,1742400,0.0,0.0
2010-08-02 00:00:00-04:00,20.394955573350128,20.55770452496437,20.180812817881748,20.223642349243164,2094300,0.0,0.0
2010-08-03 00:00:00-04:00,20.11229540796362,20.506319088365483,20.052335673371655,20.454923629760742,3416800,0.0,0.0
2010-08-04 00:00:00-04:00,20.540580421724982,20.66050152076625,20.369267133320594,20.609106063842773,1351400,0.0,0.0
2010-08-05 00:00:00-04:00,20.472057656001645,20.591978771892244,20.25791479007322,20.429229736328125,1135700,0.0,0.0
2010-08-06 00:00:00-04:00,20.2065146639609,20.249342570290523,19.872452420006127,20.155120849609375,1279600,0.0,0.0
2010-08-09 00:00:00-04:00,20.21508758392414,20.335007070267082,20.086602186588063,20.24934959411621,1028000,0.0,0.0
2010-08-10 00:00:00-04:00,20.06947363696808,20.172261318084484,19.88102683195345,19.983816146850586,1701600,0.0,0.0
2010-08-11 00:00:00-04:00,19.692578190678034,19.692578190678034,19.110109321053177,19.118675231933594,1770600,0.0,0.0
2010-08-12 00:00:00-04:00,18.92165505527154,19.06727220243245,18.84456352831696,19.033008575439453,1730600,0.0,0.0
2010-08-13 00:00:00-04:00,18.998751684839963,18.998751684839963,18.7589111328125,18.7589111328125,1108000,0.0,0.0
2010-08-16 00:00:00-04:00,18.681823895784486,19.127241466419374,18.630430063412913,19.06728172302246,1947500,0.0,0.0
2010-08-17 00:00:00-04:00,19.23002308029577,19.25571916932272,19.0158802915788,19.050142288208008,1544800,0.0,0.0
2010-08-18 00:00:00-04:00,19.0888793035752,19.433132880425635,18.88232715746494,19.39870834350586,1524900,0.105,0.0
2010-08-19 00:00:00-04:00,19.286822683269257,19.338460303465634,18.89953642797054,18.951175689697266,1398200,0.0,0.0
2010-08-20 00:00:00-04:00,18.813472261913528,18.933960576657146,18.47782366272318,18.684375762939453,1304700,0.0,0.0
2010-08-23 00:00:00-04:00,18.71019513325916,18.787652374964363,18.279877853354773,18.503643035888672,1860200,0.0,0.0
2010-08-24 00:00:00-04:00,18.279883568650362,18.408978464677805,18.14218212735034,18.159395217895508,2457400,0.0,0.0
2010-08-25 00:00:00-04:00,18.090547146594083,18.357343522993702,17.97866368319589,18.27988624572754,1651900,0.0,0.0
2010-08-26 00:00:00-04:00,18.34011988348073,18.54667195690287,18.06471711891788,18.133567810058594,1990400,0.0,0.0
2010-08-27 00:00:00-04:00,18.254056303528046,18.452003479003906,17.97865353603291,18.452003479003906,1036600,0.0,0.0
2010-08-30 00:00:00-04:00,18.383155456389176,18.383155456389176,18.228240966796875,18.228240966796875,1362600,0.0,0.0
2010-08-31 00:00:00-04:00,18.099150334785246,19.15773073895942,17.832352366359743,18.193819046020508,5863700,0.0,0.0
2010-09-01 00:00:00-04:00,18.452008194687284,18.908143529349488,18.452008194687284,18.890932083129883,1838500,0.0,0.0
2010-09-02 00:00:00-04:00,18.804872651658144,19.64829444885254,18.804872651658144,19.64829444885254,3202100,0.0,0.0
2010-09-03 00:00:00-04:00,19.76016976116851,19.93229733894004,19.62246835556338,19.923690795898438,1744700,0.0,0.0
2010-09-07 00:00:00-04:00,19.742956712851637,19.78598778303389,19.149118423461914,19.149118423461914,1874900,0.0,0.0
2010-09-08 00:00:00-04:00,19.1577225701832,19.562220160517423,19.1577225701832,19.501976013183594,1849500,0.0,0.0
2010-09-09 00:00:00-04:00,19.794592953831643,20.397037743821123,19.760166786847105,20.285154342651367,3215800,0.0,0.0
2010-09-10 00:00:00-04:00,20.83595889201637,21.79987018188742,20.792927826860577,21.472829818725586,8199700,0.0,0.0
2010-09-13 00:00:00-04:00,22.04085621755159,22.04085621755159,21.438411242915837,21.81709098815918,3983800,0.0,0.0
2010-09-14 00:00:00-04:00,21.705202615036878,21.817086025046258,21.429799823521662,21.593320846557617,2582000,0.0,0.0
2010-09-15 00:00:00-04:00,21.481442034124033,21.576112379543048,21.249071905006268,21.36956024169922,2137600,0.0,0.0
2010-09-16 00:00:00-04:00,21.352342172022954,21.464225579877738,21.21464077891714,21.386768341064453,1354400,0.0,0.0
2010-09-17 00:00:00-04:00,21.49865414552245,21.817089702848318,21.360952726551915,21.515867233276367,2426500,0.0,0.0
2010-09-20 00:00:00-04:00,21.51586515580778,22.488381538576988,21.51586515580778,22.36789321899414,3355100,0.0,0.0
2010-09-21 00:00:00-04:00,22.367887816341433,22.376494357308594,21.90314609482362,21.989208221435547,2226300,0.0,0.0
2010-09-22 00:00:00-04:00,21.95479067316627,22.21298041807724,21.66217475345097,21.894546508789062,1831400,0.0,0.0
2010-09-23 00:00:00-04:00,21.653570781372053,22.049463630987002,21.249073028564453,21.249073028564453,2582200,0.0,0.0
2010-09-24 00:00:00-04:00,21.593317160044823,22.195761894779746,21.41258308301241,22.17854881286621,3143100,0.0,0.0
2010-09-27 00:00:00-04:00,22.28182918890668,22.35067989099888,21.584715625031897,21.6019287109375,1884600,0.0,0.0
2010-09-28 00:00:00-04:00,21.687987405526854,21.928963985491258,21.37815849810995,21.88593292236328,1468500,0.0,0.0
2010-09-29 00:00:00-04:00,21.67938657623854,21.851512515628517,21.515865538517332,21.644960403442383,2079900,0.0,0.0
2010-09-30 00:00:00-04:00,21.6879921634893,21.980608053237837,21.421194260669626,21.4986515045166,2567500,0.0,0.0
2010-10-01 00:00:00-04:00,21.515862518489488,21.971999394832277,21.515862518489488,21.713808059692383,1471900,0.0,0.0
2010-10-04 00:00:00-04:00,21.593321834002953,21.86011809529243,21.36095010246202,21.4986515045166,994800,0.0,0.0
2010-10-05 00:00:00-04:00,21.72241651297198,22.19576651494538,21.429800625651744,22.006425857543945,2066800,0.0,0.0
2010-10-06 00:00:00-04:00,22.006421034290835,22.419525146484375,21.92896380806332,22.419525146484375,2193400,0.0,0.0
2010-10-07 00:00:00-04:00,22.445350669683645,22.849848347352847,22.3162558058769,22.78960418701172,4388300,0.0,0.0
2010-10-08 00:00:00-04:00,22.78959742277806,23.194096621917165,22.669109137858207,23.151063919067383,2247300,0.0,0.0
2010-10-11 00:00:00-04:00,23.08222323129685,23.96007105120826,23.07361668700002,23.727699279785156,2799900,0.0,0.0
2010-10-12 00:00:00-04:00,23.538363007337125,23.882616612179525,23.262960123463206,23.822372436523438,2834100,0.0,0.0
2010-10-13 00:00:00-04:00,23.934245516108707,24.11497961871207,23.701875443518777,23.994489669799805,3755700,0.0,0.0
2010-10-14 00:00:00-04:00,23.899829965283246,24.06334940342256,22.789610230751556,22.94452476501465,5691500,0.0,0.0
2010-10-15 00:00:00-04:00,23.05639512960103,23.280158617075497,22.6346828516313,22.80681037902832,3793800,0.0,0.0
2010-10-18 00:00:00-04:00,22.763784049189535,22.961729597766464,22.755177506877917,22.901485443115234,1737100,0.0,0.0
2010-10-19 00:00:00-04:00,22.583052774141024,23.047796268036215,22.557233143970077,22.75518035888672,2418100,0.0,0.0
2010-10-20 00:00:00-04:00,22.763783716148325,23.383439979748204,22.763783716148325,23.331802368164062,2649300,0.0,0.0
2010-10-21 00:00:00-04:00,23.366229209977885,23.598600947419786,23.125252571027975,23.24574089050293,2258000,0.0,0.0
2010-10-22 00:00:00-04:00,23.3145906340907,23.374834791349667,23.004761663581533,23.09943199157715,945900,0.0,0.0
2010-10-25 00:00:00-04:00,23.280165654395503,23.32319837001792,22.729360026670587,22.78960418701172,2681300,0.0,0.0
2010-10-26 00:00:00-04:00,22.626082163261035,23.61581152615417,22.591655994763155,23.546960830688477,2547400,0.0,0.0
2010-10-27 00:00:00-04:00,23.366227366945353,23.581386001339933,22.858452858451738,23.349014282226562,3823400,0.0,0.0
2010-10-28 00:00:00-04:00,24.063349234160945,24.700220457547385,22.867067337036136,22.867067337036133,5029900,0.0,0.0
2010-10-29 00:00:00-04:00,22.910100157448774,23.417873202715878,22.67772835673846,23.28877830505371,3503700,0.0,0.0
2010-11-01 00:00:00-04:00,23.409260992398792,23.62441963519095,22.67772127859942,22.85845375061035,2192200,0.0,0.0
2010-11-02 00:00:00-04:00,23.056398084594107,23.237130534147536,22.892877076762456,23.004758834838867,1691000,0.0,0.0
2010-11-03 00:00:00-04:00,23.04779318879846,23.15106841262383,22.634687368906736,22.82402801513672,2617200,0.0,0.0
2010-11-04 00:00:00-04:00,23.116649101621373,24.15801632475754,23.116649101621373,24.132198333740234,3842500,0.0,0.0
2010-11-05 00:00:00-04:00,24.106371212469103,24.89815497446185,23.968669831386013,24.769060134887695,3049800,0.0,0.0
2010-11-08 00:00:00-05:00,24.683005855450485,24.683005855450485,23.762126899674804,24.158018112182617,2752600,0.0,0.0
2010-11-09 00:00:00-05:00,24.158009315112377,24.39898755771162,23.83957548040514,23.93424415588379,1624100,0.0,0.0
2010-11-10 00:00:00-05:00,23.874000613069104,24.46783887222658,23.564171670633897,24.459232330322266,1954100,0.0,0.0
2010-11-11 00:00:00-05:00,24.209651540296218,24.459236372174775,23.86539801488639,24.29571533203125,1565700,0.0,0.0
2010-11-12 00:00:00-05:00,24.114979979762925,24.218255204342455,23.79654448066083,23.856788635253906,1490700,0.0,0.0
2010-11-15 00:00:00-05:00,23.942856596991028,24.132197277661053,23.77933554773884,24.011707305908203,1549000,0.0,0.0
2010-11-16 00:00:00-05:00,23.805155814979273,23.9084327018787,23.30598775161464,23.36623191833496,2191100,0.0,0.0
2010-11-17 00:00:00-05:00,23.39646629450246,23.64702008566295,23.154552459716797,23.154552459716797,2005400,0.105,0.0
2010-11-18 00:00:00-05:00,23.465587347589082,23.80253745048733,23.301431450937176,23.621103286743164,3328900,0.0,0.0
2010-11-19 00:00:00-05:00,23.612462613628953,23.612462613628953,23.29279078751117,23.327350616455078,2279400,0.0,0.0
2010-11-22 00:00:00-05:00,23.25822381663287,23.474217722193018,23.119987848906593,23.240943908691406,2771600,0.0,0.0
2010-11-23 00:00:00-05:00,22.999037440850483,23.050875529510723,22.73984370174302,22.748483657836914,1855600,0.0,0.0
2010-11-24 00:00:00-05:00,23.01632598500978,23.07680405677548,22.808971889854284,23.042245864868164,2288400,0.0,0.0
2010-11-26 00:00:00-05:00,22.765771200823966,23.206399221886794,22.731211364864368,23.02496337890625,878900,0.0,0.0
2010-11-29 00:00:00-05:00,22.96447976647703,23.370547853488613,22.8348837087417,23.08543586730957,1866100,0.0,0.0
2010-11-30 00:00:00-05:00,22.86943206757325,23.353259558938742,22.826233949513238,23.180463790893555,1681900,0.0,0.0
2010-12-01 00:00:00-05:00,23.474230616783768,23.526068721180543,23.171838653312587,23.275516510009766,3225400,0.0,0.0
2010-12-02 00:00:00-05:00,23.27551571265546,23.75934184889264,23.27551571265546,23.47422981262207,2978300,0.0,0.0
2010-12-03 00:00:00-05:00,23.344635670102885,23.43103361357928,23.128641635363746,23.361915588378906,3058000,0.0,0.0
2010-12-06 00:00:00-05:00,23.266873254378734,23.370549448481377,23.068159175762506,23.076797485351562,1452700,0.0,0.0
2010-12-07 00:00:00-05:00,23.344629630683517,23.491505602224436,23.042237730698886,23.08543586730957,4024600,0.0,0.0
2010-12-08 00:00:00-05:00,23.094074661352604,23.837094438546593,23.024956657513854,23.64702033996582,2777200,0.0,0.0
2010-12-09 00:00:00-05:00,23.638386982020435,23.802541257020714,23.3619148894898,23.456951141357422,1504000,0.0,0.0
2010-12-10 00:00:00-05:00,23.482866602367768,23.845736567557463,23.318710710331075,23.603822708129883,2834800,0.0,0.0
2010-12-13 00:00:00-05:00,23.698862351369275,23.759340408745164,23.517426531338145,23.543346405029297,2864200,0.0,0.0
2010-12-14 00:00:00-05:00,23.58654122005238,23.94077120435483,23.526063171206093,23.61246109008789,3518600,0.0,0.0
2010-12-15 00:00:00-05:00,23.534708679897278,23.74206274538801,23.266876551293034,23.275516510009766,2723800,0.0,0.0
2010-12-16 00:00:00-05:00,23.28415015743605,23.465584297597907,23.059516235400043,23.154552459716797,4000500,0.0,0.0
2010-12-17 00:00:00-05:00,23.197757996995435,23.197757996995435,22.757129999977675,22.765769958496094,3904900,0.0,0.0
2010-12-20 00:00:00-05:00,22.765770289158823,22.964484394257894,22.696652267911162,22.774410247802734,3682200,0.0,0.0
2010-12-21 00:00:00-05:00,22.82624753797134,22.92128543176248,22.66209162539671,22.696651458740234,3212800,0.0,0.0
2010-12-22 00:00:00-05:00,22.670728997274527,22.973120912916865,22.670728997274527,22.791685104370117,2886100,0.0,0.0
2010-12-23 00:00:00-05:00,22.722563789555227,22.999037440850483,22.644805832613304,22.748483657836914,2239600,0.0,0.0
2010-12-27 00:00:00-05:00,22.618893959490173,22.92128591602043,22.54977593924642,22.765769958496094,2784800,0.0,0.0
2010-12-28 00:00:00-05:00,22.76576919513304,22.904005230985327,22.610253242823337,22.8521671295166,2052700,0.0,0.0
2010-12-29 00:00:00-05:00,22.87808202971311,22.973119908506405,22.834883892754316,22.921281814575195,1369700,0.0,0.0
2010-12-30 00:00:00-05:00,22.8867244720459,22.95584248742774,22.63617228425052,22.8867244720459,1341200,0.0,0.0
2010-12-31 00:00:00-05:00,22.80896435241819,22.95584032727144,22.722566429345108,22.929922103881836,888500,0.0,0.0
2011-01-03 00:00:00-05:00,23.171831297515645,23.31006729729372,23.016315385789536,23.232309341430664,1902900,0.0,0.0
2011-01-04 00:00:00-05:00,23.24959703526806,23.24959703526806,22.92128683788197,23.01632308959961,2047900,0.0,0.0
2011-01-05 00:00:00-05:00,22.88672273500541,23.603822708129883,22.88672273500541,23.603822708129883,3323500,0.0,0.0
2011-01-06 00:00:00-05:00,24.17405228448221,25.806968328757982,23.94077832845657,25.634172439575195,6617000,0.0,0.0
2011-01-07 00:00:00-05:00,25.720566709363712,25.99703877423249,25.081224647378793,25.305858612060547,3431100,0.0,0.0
2011-01-10 00:00:00-05:00,25.219455039361694,25.219455039361694,24.66650938538958,24.822025299072266,2718200,0.0,0.0
2011-01-11 00:00:00-05:00,24.94299314024122,25.055309319007378,24.657881065630736,24.778837203979492,2159800,0.0,0.0
2011-01-12 00:00:00-05:00,24.934343003430868,25.193535093501445,24.89978317920646,25.03801918029785,2189500,0.0,0.0
2011-01-13 00:00:00-05:00,25.029386118089132,25.470014110893846,24.899790037359175,25.012107849121094,4219700,0.0,0.0
2011-01-14 00:00:00-05:00,24.917069624503263,25.14170359715094,24.917069624503263,25.003467559814453,2674500,0.0,0.0
2011-01-18 00:00:00-05:00,24.873866109826366,25.53912627789584,24.873866109826366,25.504568099975586,6110700,0.0,0.0
2011-01-19 00:00:00-05:00,25.374973481561906,25.57368754755614,25.029381795428794,25.055301666259766,2159400,0.0,0.0
2011-01-20 00:00:00-05:00,25.158975096985596,25.40088725744218,24.873863159373908,25.08985710144043,2390800,0.0,0.0
2011-01-21 00:00:00-05:00,25.18489547253514,25.245373517829407,24.882503598160667,25.046659469604492,2063700,0.0,0.0
2011-01-24 00:00:00-05:00,25.0553050499724,25.19354108393307,24.856590957141876,25.15034294128418,2086400,0.0,0.0
2011-01-25 00:00:00-05:00,25.055301998508178,25.133059964128915,24.735630178966996,25.063941955566406,1794500,0.0,0.0
2011-01-26 00:00:00-05:00,25.16762308184288,25.48729496409729,25.06394687261157,25.26266098022461,1553000,0.0,0.0
2011-01-27 00:00:00-05:00,25.193536828871054,25.547766812055542,25.193536828871054,25.470008850097656,2030400,0.0,0.0
2011-01-28 00:00:00-05:00,25.57369245382106,25.66872870262723,24.968908534964743,25.081226348876953,2383200,0.0,0.0
2011-01-31 00:00:00-05:00,25.219451682093172,25.470003783525467,25.202171772228077,25.374967575073242,1955200,0.0,0.0
2011-02-01 00:00:00-05:00,25.582329044521,25.677365280815696,25.41817314851614,25.53912925720215,2180100,0.0,0.0
2011-02-02 00:00:00-05:00,25.400898483549554,25.746488614011398,25.27994234986384,25.634172439575195,2285200,0.0,0.0
2011-02-03 00:00:00-05:00,24.726990382675034,26.014314244668803,24.701070513059232,25.729202270507812,3305500,0.0,0.0
2011-02-04 00:00:00-05:00,25.798326161512975,25.902002367826352,25.357698164922155,25.78968620300293,2274000,0.0,0.0
2011-02-07 00:00:00-05:00,25.806967732139007,26.022961764672164,25.67736999429616,25.94520378112793,1658700,0.0,0.0
2011-02-08 00:00:00-05:00,25.901998187706532,26.005676025191747,25.841520135799875,25.89335823059082,1787900,0.0,0.0
2011-02-09 00:00:00-05:00,25.755125476645677,26.14391535660972,25.7378472081278,26.092077255249023,2602300,0.0,0.0
2011-02-10 00:00:00-05:00,25.893357056528743,26.49814084397972,25.81559909391638,26.187108993530273,2066900,0.0,0.0
2011-02-11 00:00:00-05:00,26.08342967711057,26.36854162315802,25.781037819689807,26.316701889038086,1358900,0.0,0.0
2011-02-14 00:00:00-05:00,26.22167269411267,26.44630665841062,26.109354888011946,26.351268768310547,702600,0.0,0.0
2011-02-15 00:00:00-05:00,26.282142411093485,26.55861438774646,26.22166437218852,26.437658309936523,1352800,0.0,0.0
2011-02-16 00:00:00-05:00,26.520050895689234,26.658808387751304,26.320587207614988,26.450672149658203,994400,0.115,0.0
2011-02-17 00:00:00-05:00,26.433334350585938,26.58943698580172,26.320594477441336,26.433334350585938,1442000,0.0,0.0
2011-02-18 00:00:00-05:00,26.40731364686357,26.693501209109975,26.40731364686357,26.615449905395508,1525800,0.0,0.0
2011-02-22 00:00:00-05:00,26.303242788428005,26.650136527562402,26.164485292774245,26.372621536254883,3127300,0.0,0.0
2011-02-23 00:00:00-05:00,26.303241262135142,26.31191381187524,25.531402530583463,25.782899856567383,1628000,0.0,0.0
2011-02-24 00:00:00-05:00,25.73087050739491,26.10378193786904,25.609458099006126,25.808921813964844,1634500,0.0,0.0
2011-02-25 00:00:00-05:00,25.869623030996983,27.14445803567574,25.869623030996983,27.092424392700195,2911500,0.0,0.0
2011-02-28 00:00:00-05:00,27.09243118732832,27.864271746617256,27.09243118732832,27.664806365966797,2709700,0.0,0.0
2011-03-01 00:00:00-05:00,27.69949315709579,27.725509154840342,27.075082745308197,27.187824249267578,2523900,0.0,0.0
2011-03-02 00:00:00-05:00,27.248533086128628,27.447996807363612,27.092430468076884,27.23986053466797,2136300,0.0,0.0
2011-03-03 00:00:00-05:00,27.439322084480747,27.82090770207257,27.439322084480747,27.725509643554688,2045700,0.0,0.0
2011-03-04 00:00:00-05:00,27.682154955379293,27.682154955379293,27.300570903527163,27.517379760742188,1753900,0.0,0.0
2011-03-07 00:00:00-05:00,27.664799579790824,27.924971104337388,27.38728461023691,27.595420837402344,2607200,0.0,0.0
2011-03-08 00:00:00-05:00,27.656124004772437,28.11575750251939,27.578072721358893,28.003019332885742,2432200,0.0,0.0
2011-03-09 00:00:00-05:00,27.924971088616033,28.445310829176826,27.916296884937697,28.089744567871094,1964700,0.0,0.0
2011-03-10 00:00:00-05:00,27.734177582299136,27.924970359367336,27.517368811354107,27.543386459350586,1807700,0.0,0.0
2011-03-11 00:00:00-05:00,27.534714392819506,28.133105420153978,27.45666310158115,28.06372833251953,1728500,0.0,0.0
2011-03-14 00:00:00-04:00,27.734181956883624,27.90762966264586,27.534718253140987,27.699493408203125,1361500,0.0,0.0
2011-03-15 00:00:00-04:00,26.74553464871678,27.586752227062902,26.74553464871678,27.47401237487793,1623700,0.0,0.0
2011-03-16 00:00:00-04:00,27.50003046200751,27.53472066785014,27.075085365155566,27.23986053466797,2136000,0.0,0.0
2011-03-17 00:00:00-04:00,27.62144115857929,27.760197002661744,27.153133361556616,27.2658748626709,1663900,0.0,0.0
2011-03-18 00:00:00-04:00,27.621438490096427,28.029038394922853,27.578075742272535,27.97700309753418,2747700,0.0,0.0
2011-03-21 00:00:00-04:00,28.3065605147205,28.774868384794384,28.089751683194464,28.679471969604492,1786900,0.0,0.0
2011-03-22 00:00:00-04:00,28.34124458601572,28.34124458601572,27.690818232251416,27.916297912597656,3079500,0.0,0.0
2011-03-23 00:00:00-04:00,27.80356724917638,28.4539937789224,27.74285938360578,28.401958465576172,2632700,0.0,0.0
2011-03-24 00:00:00-04:00,28.61875813896557,28.73149962763821,28.176469696079597,28.297882080078125,1509300,0.0,0.0
2011-03-25 00:00:00-04:00,28.401946829608796,28.77485815187805,28.14177698594721,28.644771575927734,2671600,0.0,0.0
2011-03-28 00:00:00-04:00,28.610085895512167,29.19980268882581,28.55805060129073,28.948307037353516,2337300,0.0,0.0
2011-03-29 00:00:00-04:00,28.896281354832734,29.130435294356467,28.800884937814885,29.095745086669922,1679800,0.0,0.0
2011-03-30 00:00:00-04:00,29.277856857109136,30.12775020516322,29.12175757556235,29.876251220703125,2347400,0.0,0.0
2011-03-31 00:00:00-04:00,29.7461571867235,29.919604832909844,28.61008155526838,29.407936096191406,6218800,0.0,0.0
2011-04-01 00:00:00-04:00,29.746158510872995,30.0757087224731,29.711468318443753,29.98031234741211,2210900,0.0,0.0
2011-04-04 00:00:00-04:00,30.041026503198992,30.11907780276087,29.902269004893395,29.997665405273438,1243300,0.0,0.0
2011-04-05 00:00:00-04:00,29.919605662206802,30.35322313557212,29.867570374437005,30.318532943725586,1788400,0.0,0.0
2011-04-06 00:00:00-04:00,30.38792702822507,30.708803176879883,30.17111819379123,30.708803176879883,2102600,0.0,0.0
2011-04-07 00:00:00-04:00,30.752160807448657,31.67143135254677,30.68278370855365,31.367897033691406,3040500,0.0,0.0
2011-04-08 00:00:00-04:00,31.29850825390665,31.81884788026334,30.413928242509346,30.613391876220703,2298700,0.0,0.0
2011-04-11 00:00:00-04:00,30.613394685410142,31.116392570851918,30.604723791078612,30.786842346191406,1545500,0.0,0.0
2011-04-12 00:00:00-04:00,30.62208022152187,30.83021484490094,30.48332270318909,30.526683807373047,964900,0.0,0.0
2011-04-13 00:00:00-04:00,30.81286114885594,31.125066305100688,30.76082916164133,30.847551345825195,1254100,0.0,0.0
2011-04-14 00:00:00-04:00,30.561373830292386,30.977646382788244,30.483322519934404,30.76083755493164,1946700,0.0,0.0
2011-04-15 00:00:00-04:00,30.977640039778464,31.194448823241103,30.544022472853186,31.09905242919922,2445800,0.0,0.0
2011-04-18 00:00:00-04:00,30.786842346191406,30.899583821935074,30.387915042161772,30.786842346191406,1690700,0.0,0.0
2011-04-19 00:00:00-04:00,30.88225090607501,31.185781950986282,30.57871655292347,30.708803176879883,1625900,0.0,0.0
2011-04-20 00:00:00-04:00,31.06437113487658,31.24648977121441,30.61340833901116,30.69145965576172,2440400,0.0,0.0
2011-04-21 00:00:00-04:00,30.77817611828605,31.21179368186256,30.752156814868624,31.073036193847656,1339000,0.0,0.0
2011-04-25 00:00:00-04:00,30.91693196530831,31.177101827997166,30.856225774288887,30.986309051513672,928000,0.0,0.0
2011-04-26 00:00:00-04:00,31.272504519398648,31.272504519398648,30.873573787413626,31.142417907714844,2100000,0.0,0.0
2011-04-27 00:00:00-04:00,32.35655042076189,34.38588116680689,32.0963771826678,33.24113082885742,6938500,0.0,0.0
2011-04-28 00:00:00-04:00,33.27581543367423,33.77013925880366,33.20643833433954,33.60536575317383,2928200,0.0,0.0
2011-04-29 00:00:00-04:00,33.640057232785146,34.012968667041854,33.26714579852844,33.94358825683594,3947300,0.0,0.0
2011-05-02 00:00:00-04:00,34.19508515635379,34.23844625591771,33.718106444670994,33.80482864379883,2049000,0.0,0.0
2011-05-03 00:00:00-04:00,33.77882320940125,34.13438963020586,33.579359442436804,33.74413299560547,2505200,0.0,0.0
2011-05-04 00:00:00-04:00,33.64871296364443,33.874195886942964,33.058992975655485,33.21509552001953,2140500,0.0,0.0
2011-05-05 00:00:00-04:00,33.05900403752109,33.20643573796969,32.720782847639725,32.92892074584961,2411500,0.0,0.0
2011-05-06 00:00:00-04:00,33.28448546459167,33.466604049275986,32.83352279663086,32.83352279663086,2218900,0.0,0.0
2011-05-09 00:00:00-04:00,32.89423883826721,33.27582122157924,32.798842415379085,33.22378921508789,1328900,0.0,0.0
2011-05-10 00:00:00-04:00,33.27580080280454,33.501283720040675,33.25845570853726,33.3798713684082,1444300,0.0,0.0
2011-05-11 00:00:00-04:00,33.26715517464551,33.397238518084635,32.71212496952691,32.79884719848633,1513700,0.0,0.0
2011-05-12 00:00:00-04:00,32.76415427761366,33.015653352362015,32.56469052088794,32.88556671142578,2025600,0.0,0.0
2011-05-13 00:00:00-04:00,32.91159664139345,33.32786939513639,32.83354529330153,33.07637023925781,2144100,0.0,0.0
2011-05-16 00:00:00-04:00,32.868224373862944,33.38856431258093,32.7988439509722,33.10237503051758,1743800,0.0,0.0
2011-05-17 00:00:00-04:00,33.00697865182794,33.38856101532225,32.90290802776923,33.362545013427734,2408900,0.0,0.0
2011-05-18 00:00:00-04:00,33.414756174798185,33.83254903551301,33.29290033879667,33.74551010131836,2823200,0.14,0.0
2011-05-19 00:00:00-04:00,33.8412528225079,34.06755602957361,33.72809955881389,33.989219665527344,1796700,0.0,0.0
2011-05-20 00:00:00-04:00,33.98052722906279,34.076272071470775,33.60625374709882,33.67588424682617,1469700,0.0,0.0
2011-05-23 00:00:00-04:00,33.38864660365357,33.38864660365357,32.936036821543084,32.98826217651367,1925000,0.0,0.0
2011-05-24 00:00:00-04:00,33.07531838264518,33.08402095285578,32.77067862040847,32.840309143066406,1971300,0.0,0.0
2011-05-25 00:00:00-04:00,32.68362009025471,33.249383162466565,32.63139805426901,33.1101188659668,1531400,0.0,0.0
2011-05-26 00:00:00-04:00,32.953442898816164,33.95440389454398,32.84899551672335,33.84995651245117,3800300,0.0,0.0
2011-05-27 00:00:00-04:00,34.03274692762286,34.16330867105548,33.67588192527317,33.76292419433594,2617300,0.0,0.0
2011-05-31 00:00:00-04:00,34.16331946335783,34.74648790884939,34.00664664987446,34.73778533935547,6187300,0.0,0.0
2011-06-01 00:00:00-04:00,34.546274353403724,34.746466531841,34.276451700881424,34.30256271362305,2529800,0.0,0.0
2011-06-02 00:00:00-04:00,34.26775510940613,34.694253915005525,34.18941872961535,34.54628372192383,1417300,0.0,0.0
2011-06-03 00:00:00-04:00,34.07627648960351,34.58110846913108,33.710705527586406,34.31998825073242,3186100,0.0,0.0
2011-06-06 00:00:00-04:00,34.180722418979705,34.26776138120052,33.632367660082565,33.71940994262695,2402300,0.0,0.0
2011-06-07 00:00:00-04:00,33.876077052718685,34.41572920596233,33.79774398436623,34.189422607421875,1889300,0.0,0.0
2011-06-08 00:00:00-04:00,34.11109008381926,34.354805165271905,33.806450382408116,34.31998825073242,2463900,0.0,0.0
2011-06-09 00:00:00-04:00,34.32868923875677,36.495993924365536,34.145905426325214,36.33932113647461,6119900,0.0,0.0
2011-06-10 00:00:00-04:00,36.16522966287114,36.20874913157068,35.49501921986587,35.84318161010742,3259900,0.0,0.0
2011-06-13 00:00:00-04:00,35.87799909896625,36.46987317984667,35.81707117772762,35.869293212890625,3072000,0.0,0.0
2011-06-14 00:00:00-04:00,36.20004712453175,36.400239339896714,35.895407518611734,36.226158142089844,2620700,0.0,0.0
2011-06-15 00:00:00-04:00,35.956334834761314,36.13041270931631,34.85962563125813,34.9988899230957,3560200,0.0,0.0
2011-06-16 00:00:00-04:00,34.31999697324423,34.40703596139038,33.04920915249284,33.31032943725586,6271200,0.0,0.0
2011-06-17 00:00:00-04:00,33.31902280312505,33.31902280312505,30.57725559007551,31.639144897460938,14733700,0.0,0.0
2011-06-20 00:00:00-04:00,31.465066205601847,32.45732498168945,31.37802392329022,32.45732498168945,4047000,0.0,0.0
2011-06-21 00:00:00-04:00,32.683628956857795,33.2406862939786,32.4921425724248,32.9360466003418,2411600,0.0,0.0
2011-06-22 00:00:00-04:00,32.94474477154217,33.353835151531605,32.77066686716838,32.90993118286133,2295600,0.0,0.0
2011-06-23 00:00:00-04:00,32.500839491822234,32.78807067871094,32.03952708725879,32.78807067871094,3278300,0.0,0.0
2011-06-24 00:00:00-04:00,32.77937467072499,32.83160004257398,32.16138937863529,32.24842834472656,2800700,0.0,0.0
2011-06-27 00:00:00-04:00,32.37026536846213,32.52693807241753,32.24840955879054,32.344154357910156,2230100,0.0,0.0
2011-06-28 00:00:00-04:00,32.47472986835458,32.927339725651045,32.41380193759575,32.55306625366211,1663200,0.0,0.0
2011-06-29 00:00:00-04:00,32.67492493554351,33.0666068958895,32.283242975197524,32.65751647949219,2821000,0.0,0.0
2011-06-30 00:00:00-04:00,32.892527954837604,33.48440222065965,32.88382206604167,33.37995147705078,2167000,0.0,0.0
2011-07-01 00:00:00-04:00,33.37124604076519,33.9979371672678,33.24939017068379,33.95441436767578,1704500,0.0,0.0
2011-07-05 00:00:00-04:00,33.86736313305483,33.94569949547266,33.4756813209657,33.83254623413086,1697300,0.0,0.0
2011-07-06 00:00:00-04:00,33.80644344086124,34.36350067781632,33.745515513089465,34.346092224121094,2257000,0.0,0.0
2011-07-07 00:00:00-04:00,34.63332441670117,35.059819882621056,34.4766516642302,34.62461853027344,2113200,0.0,0.0
2011-07-08 00:00:00-04:00,34.16331488078491,34.38961818083623,33.754224442638815,34.29387664794922,2398400,0.0,0.0
2011-07-11 00:00:00-04:00,33.81514578019826,33.86737114093281,32.71843976735679,32.727142333984375,3405500,0.0,0.0
2011-07-12 00:00:00-04:00,32.50955055690267,32.76196822249953,31.378027326709304,31.586925506591797,6617900,0.0,0.0
2011-07-13 00:00:00-04:00,31.89155122508075,32.30064151589934,31.60432008921422,31.900257110595703,4899800,0.0,0.0
2011-07-14 00:00:00-04:00,31.92637887223208,32.152682166952665,31.360615654945224,31.613033294677734,3252200,0.0,0.0
2011-07-15 00:00:00-04:00,31.804523147078584,31.804523147078584,31.064678680947072,31.726186752319336,2272400,0.0,0.0
2011-07-18 00:00:00-04:00,31.517284731920334,31.534693186436886,30.542434521255853,30.91670799255371,2636100,0.0,0.0
2011-07-19 00:00:00-04:00,31.151707833418882,32.02211037704955,31.10818837030179,31.935068130493164,2659500,0.0,0.0
2011-07-20 00:00:00-04:00,32.03082702591122,32.06564393984322,31.67396195891737,31.75229835510254,1328300,0.0,0.0
2011-07-21 00:00:00-04:00,31.98728949230547,32.68361077637293,31.891544693185857,32.344154357910156,2258400,0.0,0.0
2011-07-22 00:00:00-04:00,32.326756107676616,32.553062671584094,32.02211648740443,32.352867126464844,1425200,0.0,0.0
2011-07-25 00:00:00-04:00,31.952480655458803,32.92733401930321,31.613024151395493,32.53565216064453,2602500,0.0,0.0
2011-07-26 00:00:00-04:00,32.47472358687657,32.84029110071904,32.06563328491922,32.570465087890625,3303500,0.0,0.0
2011-07-27 00:00:00-04:00,33.48440061840607,33.48440061840607,30.63818273757054,30.855783462524414,6792900,0.0,0.0
2011-07-28 00:00:00-04:00,30.85576688342784,31.151703843168313,30.57723837076878,30.672983169555664,3393900,0.0,0.0
2011-07-29 00:00:00-04:00,30.333538577502665,31.351911658148026,30.12464374886796,30.995046615600586,2308900,0.0,0.0
2011-08-01 00:00:00-04:00,31.212645082385382,31.412837328864633,30.342242278393925,30.76873779296875,2827200,0.0,0.0
2011-08-02 00:00:00-04:00,30.542433433964376,31.02115429499618,29.8548144464938,29.872222900390625,4448500,0.0,0.0
2011-08-03 00:00:00-04:00,30.028896973306008,31.082083577521196,29.724257317648135,31.012453079223633,3448500,0.0,0.0
2011-08-04 00:00:00-04:00,30.568548343044693,30.690404215499736,29.10627123293717,29.210721969604492,4475000,0.0,0.0
2011-08-05 00:00:00-04:00,29.698142598289465,29.698142598289465,27.905114955780512,28.618844985961914,5309900,0.0,0.0
2011-08-08 00:00:00-04:00,27.670108658725695,27.670108658725695,25.903190195085973,25.938005447387695,10174500,0.0,0.0
2011-08-09 00:00:00-04:00,26.6778509478937,27.60918186887532,25.72911156891045,27.565662384033203,6678000,0.0,0.0
2011-08-10 00:00:00-04:00,26.90415316501906,26.90415316501906,25.320020172733127,25.372243881225586,10153700,0.0,0.0
2011-08-11 00:00:00-04:00,25.589841915224238,27.81807261204487,25.320017512836504,27.321943283081055,6053700,0.0,0.0
2011-08-12 00:00:00-04:00,27.44379669670515,28.253269782731433,27.25230704740233,27.731029510498047,2403400,0.0,0.0
2011-08-15 00:00:00-04:00,27.870297398861887,28.462171554565426,27.79196101589162,28.46217155456543,2068500,0.0,0.0
2011-08-16 00:00:00-04:00,28.087897307431305,28.087897307431305,26.703956793915,27.252309799194336,4132800,0.0,0.0
2011-08-17 00:00:00-04:00,27.374719005863767,27.86433511886992,27.287287437997065,27.46215057373047,3436000,0.14,0.0
2011-08-18 00:00:00-04:00,26.430453701711656,26.430453701711656,23.99112387272967,24.419536590576172,7720000,0.0,0.0
2011-08-19 00:00:00-04:00,24.10478371749121,24.646857939464805,23.58019613730146,23.641399383544922,5034500,0.0,0.0
2011-08-22 00:00:00-04:00,24.19221554418852,24.314618702883543,23.466536577777536,23.571453094482422,3831800,0.0,0.0
2011-08-23 00:00:00-04:00,23.720087993133998,24.917896377303716,23.422823395122176,24.891666412353516,3713200,0.0,0.0
2011-08-24 00:00:00-04:00,24.506970657329425,26.229365027099792,24.506970657329425,26.133190155029297,4538900,0.0,0.0
2011-08-25 00:00:00-04:00,26.412974081274193,27.121168252969106,25.442488551278483,25.582378387451172,2923800,0.0,0.0
2011-08-26 00:00:00-04:00,25.302593624286303,26.38674047030614,24.891665854040603,26.02827262878418,2690600,0.0,0.0
2011-08-29 00:00:00-04:00,26.439203299502257,26.99002097294387,26.439203299502257,26.93756103515625,2210100,0.0,0.0
2011-08-30 00:00:00-04:00,26.753951090039035,27.059960664241736,26.290565068096768,26.867610931396484,2349500,0.0,0.0
2011-08-31 00:00:00-04:00,27.199849872892717,27.532087736020163,26.727720540028574,26.955041885375977,3357800,0.0,0.0
2011-09-01 00:00:00-04:00,26.97253215897902,27.26105512314626,26.474174463382713,26.48291778564453,2981100,0.0,0.0
2011-09-02 00:00:00-04:00,26.08947891496864,26.25559871730715,25.5299195819779,25.65232276916504,2976700,0.0,0.0
2011-09-06 00:00:00-04:00,24.533196794416288,25.45122549008389,24.506968498974736,25.398765563964844,3132200,0.0,0.0
2011-09-07 00:00:00-04:00,25.8184403728016,26.570347745570785,25.573632351656858,26.465431213378906,4266400,0.0,0.0
2011-09-08 00:00:00-04:00,26.098219280153568,26.84138497731658,26.054502669956825,26.2993106842041,4126900,0.0,0.0
2011-09-09 00:00:00-04:00,25.897125386855762,25.914610361635628,24.91789509160903,25.328821182250977,2877500,0.0,0.0
2011-09-12 00:00:00-04:00,24.909154112536854,25.79220962524414,24.699319386886337,25.79220962524414,3168600,0.0,0.0
2011-09-13 00:00:00-04:00,25.783460149787636,26.72771702366936,25.4337356905014,26.64028549194336,2874000,0.0,0.0
2011-09-14 00:00:00-04:00,26.88510298929444,28.039194948357412,26.46543348920215,27.67198371887207,4320700,0.0,0.0
2011-09-15 00:00:00-04:00,28.03919597415029,28.380177246997523,27.776902943901405,28.327720642089844,2265400,0.0,0.0
2011-09-16 00:00:00-04:00,28.598742632156043,28.764864034581827,28.065411817445515,28.747377395629883,3090100,0.0,0.0
2011-09-19 00:00:00-04:00,27.977990480522354,28.799842750202608,27.82935733938985,28.590009689331055,3322800,0.0,0.0
2011-09-20 00:00:00-04:00,27.164882212764546,29.42060949109447,27.103680620118695,28.738643646240234,5038500,0.0,0.0
2011-09-21 00:00:00-04:00,28.53754810420241,29.027164109948416,27.74192417938776,27.76815414428711,4229800,0.0,0.0
2011-09-22 00:00:00-04:00,26.71897982676476,27.313512377605733,25.84466764437936,26.60531997680664,5265900,0.0,0.0
2011-09-23 00:00:00-04:00,26.395487601059923,26.605322343383303,25.975816448794866,26.55286407470703,2930200,0.0,0.0
2011-09-26 00:00:00-04:00,26.78018088311068,27.2435669309536,25.783465548540075,27.199851989746094,3136200,0.0,0.0
2011-09-27 00:00:00-04:00,27.855595109450956,28.205318087289278,27.383465587370054,27.5320987701416,2794200,0.0,0.0
2011-09-28 00:00:00-04:00,27.671980072657252,27.94301638063463,26.823897861183177,26.87635612487793,3101800,0.0,0.0
2011-09-29 00:00:00-04:00,27.488376003717676,27.663237442948198,26.412970731549077,27.05996322631836,3097400,0.0,0.0
2011-09-30 00:00:00-04:00,26.20313355798436,27.086188996667428,26.150675297873708,26.622804641723633,3452600,0.0,0.0
2011-10-03 00:00:00-04:00,26.378000715888685,26.9200750460111,25.258880432716953,25.302597045898438,3247000,0.0,0.0
2011-10-04 00:00:00-04:00,24.970356293959796,26.832642238354765,24.734293264240346,26.736467361450195,3800000,0.0,0.0
2011-10-05 00:00:00-04:00,26.561602161792194,27.129906388648457,26.21187763823162,26.491657257080078,3349100,0.0,0.0
2011-10-06 00:00:00-04:00,26.552865904526925,27.60203968844484,26.229369612224062,27.5758113861084,2431600,0.0,0.0
2011-10-07 00:00:00-04:00,27.7244357970289,27.776895723536903,26.902583626485956,26.955041885375977,3089900,0.0,0.0
2011-10-10 00:00:00-04:00,27.57580867237362,27.69821185154708,27.25231241190602,27.654495239257812,2390600,0.0,0.0
2011-10-11 00:00:00-04:00,27.400943338289927,27.794384478923522,27.217336916788216,27.444658279418945,2254900,0.0,0.0
2011-10-12 00:00:00-04:00,27.8293541652489,28.415143340826035,27.5583178803156,27.97798728942871,2002800,0.0,0.0
2011-10-13 00:00:00-04:00,27.70695563342526,27.75941390142397,27.296027809183606,27.60203742980957,1173300,0.0,0.0
2011-10-14 00:00:00-04:00,27.977989979366498,28.187826371715722,27.514603919990705,28.135366439819336,1473600,0.0,0.0
2011-10-17 00:00:00-04:00,27.93427516057818,28.135366564215616,27.505860719620987,27.584548950195312,1297000,0.0,0.0
2011-10-18 00:00:00-04:00,27.53209689371365,28.44138090993026,27.12991399575325,28.292749404907227,1525200,0.0,0.0
2011-10-19 00:00:00-04:00,28.144109007532382,28.66869833781156,27.951760920524585,28.03045082092285,1917300,0.0,0.0
2011-10-20 00:00:00-04:00,27.97799044266028,28.01296373117033,26.867613546738838,27.042476654052734,2941600,0.0,0.0
2011-10-21 00:00:00-04:00,27.38345673033959,27.706952965015844,27.26105356092495,27.435914993286133,2667700,0.0,0.0
2011-10-24 00:00:00-04:00,27.48836864928341,28.7998349292969,27.48836864928341,28.624975204467773,3620100,0.0,0.0
2011-10-25 00:00:00-04:00,28.301485121923495,28.41514664235912,27.79438577770585,28.056678771972656,3195200,0.0,0.0
2011-10-26 00:00:00-04:00,28.528809090724945,29.744102560704444,28.458862511185977,29.438091278076172,4592400,0.0,0.0
2011-10-27 00:00:00-04:00,30.277432858906714,32.48070003508374,30.163771337392376,32.13097381591797,5843100,0.0,0.0
2011-10-28 00:00:00-04:00,32.05228730748877,32.20966378105515,31.2479216294709,31.379066467285156,3020200,0.0,0.0
2011-10-31 00:00:00-04:00,30.97688462076736,31.53644395127081,30.810766486785617,31.02934455871582,2599800,0.0,0.0
2011-11-01 00:00:00-04:00,29.814045373037384,30.92442229285689,29.59546731799976,29.77033042907715,2769400,0.0,0.0
2011-11-02 00:00:00-04:00,30.408584949042872,30.82825451108678,30.067603638334525,30.382356643676758,2207300,0.0,0.0
2011-11-03 00:00:00-04:00,30.767039890264922,31.247914186757686,30.03261763362736,31.099279403686523,2729000,0.0,0.0
2011-11-04 00:00:00-04:00,30.705839198577657,31.134253583646863,30.312398097031625,30.99436378479004,1330500,0.0,0.0
2011-11-07 00:00:00-05:00,31.055574384880796,31.18671923333603,30.40858179269632,30.784536361694336,2058100,0.0,0.0
2011-11-08 00:00:00-05:00,30.898198553502315,31.326613072105758,30.60967387735852,31.18671989440918,2510200,0.0,0.0
2011-11-09 00:00:00-05:00,30.408584155493134,30.513504044694,29.62170499790935,29.744108200073242,2538100,0.0,0.0
2011-11-10 00:00:00-05:00,30.14628017931098,30.600922862061342,29.508032759844866,29.875242233276367,1498300,0.0,0.0
2011-11-11 00:00:00-05:00,30.399820453884395,30.697086587243252,30.172497527368073,30.627140045166016,1495400,0.0,0.0
2011-11-14 00:00:00-05:00,30.44355539298514,30.44355539298514,29.359409959794277,29.490554809570312,2919900,0.0,0.0
2011-11-15 00:00:00-05:00,29.49928814771341,30.373600141791947,29.368140014507404,30.338626861572266,2779800,0.0,0.0
2011-11-16 00:00:00-05:00,29.855816597723976,29.90848904950278,28.898955490602106,28.977962493896484,3385800,0.14,0.0
2011-11-17 00:00:00-05:00,28.85506120148534,29.074524710301393,28.416134183853238,28.574148178100586,4210100,0.0,0.0
2011-11-18 00:00:00-05:00,28.802388126230984,29.092078176526137,28.46880270123472,28.793607711791992,1646000,0.0,0.0
2011-11-21 00:00:00-05:00,28.337127152082108,28.87261864873812,28.302015535762482,28.749719619750977,3130500,0.0,0.0
2011-11-22 00:00:00-05:00,28.723374988228898,29.522221744992173,28.512688620526554,28.74093246459961,2941300,0.0,0.0
2011-11-23 00:00:00-05:00,28.40735431356596,28.556587877434996,27.810413360595703,27.810413360595703,1652100,0.0,0.0
2011-11-25 00:00:00-05:00,27.573390387280945,27.88941832160457,27.573390387280945,27.766517639160156,848100,0.0,0.0
2011-11-28 00:00:00-05:00,28.65315739479631,28.99551995927035,28.15278082383461,28.310794830322266,2821300,0.0,0.0
2011-11-29 00:00:00-05:00,28.530254207159548,28.600484132606574,28.038656449645398,28.064990997314453,2335000,0.0,0.0
2011-11-30 00:00:00-05:00,28.960409112493128,30.54054587076054,28.75849971645962,30.47031593322754,3738800,0.0,0.0
2011-12-01 00:00:00-05:00,30.470306963633856,30.672212951484234,30.11916742557758,30.540536880493164,1481200,0.0,0.0
2011-12-02 00:00:00-05:00,30.830237170400505,31.111150233781313,30.531766621964916,30.68100357055664,1537500,0.0,0.0
2011-12-05 00:00:00-05:00,31.163804346822737,31.637846118050888,30.961898410650576,31.19891929626465,2204800,0.0,0.0
2011-12-06 00:00:00-05:00,31.181374763313105,31.207709311951696,30.63710621604941,30.909238815307617,1272100,0.0,0.0
2011-12-07 00:00:00-05:00,30.619550163248412,31.111146287433524,30.189400205839,30.97068977355957,2411500,0.0,0.0
2011-12-08 00:00:00-05:00,30.760003511115652,30.96190951973135,30.479090512281026,30.575654983520508,3156900,0.0,0.0
2011-12-09 00:00:00-05:00,30.61955488298574,31.216495996150158,30.470317930320654,31.09359359741211,2481700,0.0,0.0
2011-12-12 00:00:00-05:00,30.698556196300785,30.90046221934906,29.952378268951257,30.2508487701416,1719100,0.0,0.0
2011-12-13 00:00:00-05:00,30.56687529452904,30.680997249499207,29.1359723704709,29.416885375976562,2812000,0.0,0.0
2011-12-14 00:00:00-05:00,29.276421462482375,29.451992883667806,28.837494583891957,28.863832473754883,2908100,0.0,0.0
2011-12-15 00:00:00-05:00,29.25887663897171,29.28521118846307,28.328350154890774,28.398576736450195,3798800,0.0,0.0
2011-12-16 00:00:00-05:00,28.547803990333097,28.9252813659526,28.416124590002106,28.618030548095703,3288900,0.0,0.0
2011-12-19 00:00:00-05:00,28.81994893477865,28.934067545689704,28.372241511598226,28.433691024780273,2053500,0.0,0.0
2011-12-20 00:00:00-05:00,29.039416837264174,29.715361584652555,28.784838330521744,29.59246253967285,2070200,0.0,0.0
2011-12-21 00:00:00-05:00,29.531000378981673,29.68023726169462,29.127188447223038,29.61878776550293,1618500,0.0,0.0
2011-12-22 00:00:00-05:00,29.847041888828695,30.119177888070208,29.66269331615602,30.066505432128906,1491400,0.0,0.0
2011-12-23 00:00:00-05:00,30.242066549701914,30.373742621208365,30.02260308177773,30.321073532104492,1396600,0.0,0.0
2011-12-27 00:00:00-05:00,30.215729118191216,30.25962449144432,29.90848159790039,29.90848159790039,948800,0.0,0.0
2011-12-28 00:00:00-05:00,29.952370109481972,30.057714974438003,29.35542926971681,29.4256591796875,843900,0.0,0.0
2011-12-29 00:00:00-05:00,29.69779598381221,30.00504347764924,29.583674050924227,29.943593978881836,1100700,0.0,0.0
2011-12-30 00:00:00-05:00,29.864590612983157,29.917263053472322,29.531005187378966,29.566120147705078,1021800,0.0,0.0
2012-01-03 00:00:00-05:00,30.21573159944359,31.102365971514494,30.19817746719702,30.865345001220703,1903100,0.0,0.0
2012-01-04 00:00:00-05:00,30.733668265896487,30.84779022799919,30.154284737236615,30.786340713500977,1397300,0.0,0.0
2012-01-05 00:00:00-05:00,30.4439735857534,31.330604553222656,30.426416105865798,31.330604553222656,1699700,0.0,0.0
2012-01-06 00:00:00-05:00,31.22526258314714,31.585182543909923,31.12869811949791,31.453506469726562,1451600,0.0,0.0
2012-01-09 00:00:00-05:00,31.506175559901173,31.672969942112328,31.14625559913839,31.453506469726562,2285500,0.0,0.0
2012-01-10 00:00:00-05:00,31.89243316650391,32.15578866156962,31.73441919971512,31.892433166503906,1557400,0.0,0.0
2012-01-11 00:00:00-05:00,31.70808505232553,31.857321971367753,31.313050088681052,31.40961456298828,1733000,0.0,0.0
2012-01-12 00:00:00-05:00,31.558865420244445,32.261148249810304,31.514973371286953,32.23481369018555,2457500,0.0,0.0
2012-01-13 00:00:00-05:00,31.9626636108406,32.111900530343895,31.427172141662243,31.54129409790039,1079400,0.0,0.0
2012-01-17 00:00:00-05:00,32.07678113005673,32.199680135737545,30.988240860639813,31.00579833984375,2364200,0.0,0.0
2012-01-18 00:00:00-05:00,30.997036645429098,31.251611848258104,30.85658009089473,31.207719802856445,2003400,0.0,0.0
2012-01-19 00:00:00-05:00,31.365723633446763,32.190905204085205,31.295497053417712,32.08556365966797,1495500,0.0,0.0
2012-01-20 00:00:00-05:00,32.1119072070857,32.33137075000319,31.857328693601918,32.015342712402344,1420600,0.0,0.0
2012-01-23 00:00:00-05:00,32.059225288581665,32.55960175084175,31.945103342299582,32.261131286621094,1971300,0.0,0.0
2012-01-24 00:00:00-05:00,32.03289684410499,32.471823883987916,31.795875840718498,32.37525939941406,1382800,0.0,0.0
2012-01-25 00:00:00-05:00,32.305034102723035,33.69204535524456,32.190912118323006,33.586700439453125,2394500,0.0,0.0
2012-01-26 00:00:00-05:00,33.79737202848775,34.04317002618694,33.235546120177275,33.41111755371094,1906800,0.0,0.0
2012-01-27 00:00:00-05:00,33.279445805073905,33.45501727903874,32.95464075492472,33.05998229980469,1432500,0.0,0.0
2012-01-30 00:00:00-05:00,32.66494303273311,32.88440650919396,32.42792207630578,32.52448654174805,1096100,0.0,0.0
2012-01-31 00:00:00-05:00,32.76152120921488,32.79663618384385,32.16458003551549,32.68251419067383,1566200,0.0,0.0
2012-02-01 00:00:00-05:00,33.0160817438086,33.376001665569554,32.74394586199072,33.007301330566406,1704400,0.0,0.0
2012-02-02 00:00:00-05:00,33.182892907526025,33.38479900098767,32.814195697400024,32.884422302246094,1425400,0.0,0.0
2012-02-03 00:00:00-05:00,33.314551995956045,34.0870642687055,33.270659976210986,33.79737091064453,1477200,0.0,0.0
2012-02-06 00:00:00-05:00,33.5866911977911,34.00806404751645,33.411123083943835,33.9202766418457,1132600,0.0,0.0
2012-02-07 00:00:00-05:00,33.70960767311044,34.35921800319857,33.55159362552176,34.2187614440918,2667400,0.0,0.0
2012-02-08 00:00:00-05:00,30.329848678092816,33.7885948569056,30.329848678092816,33.63058090209961,3530000,0.0,0.0
2012-02-09 00:00:00-05:00,33.75349180880506,33.858833366258075,33.34089929805478,33.68326187133789,2772200,0.0,0.0
2012-02-10 00:00:00-05:00,33.40233136175084,33.946599697676994,33.28820944738462,33.744693756103516,2552700,0.0,0.0
2012-02-13 00:00:00-05:00,33.99928126531207,34.148518170187884,33.630584233407504,33.98172378540039,1100700,0.0,0.0
2012-02-14 00:00:00-05:00,33.66569974630839,34.01684268774532,33.61303064921594,33.937835693359375,1360500,0.0,0.0
2012-02-15 00:00:00-05:00,34.16702690829819,34.25517915393567,33.54116109626157,33.708648681640625,1167800,0.16,0.0
2012-02-16 00:00:00-05:00,33.67339270821909,34.03480856153007,33.5499829089419,33.893768310546875,1265300,0.0,0.0
2012-02-17 00:00:00-05:00,34.13175908028338,34.334504140115364,33.814417817011304,33.964271545410156,777900,0.0,0.0
2012-02-21 00:00:00-05:00,34.02598406904819,34.10531940270683,33.64693784853069,34.06124496459961,1268900,0.0,0.0
2012-02-22 00:00:00-05:00,33.726270494663126,34.40502754795176,33.726270494663126,34.175838470458984,1023700,0.0,0.0
2012-02-23 00:00:00-05:00,34.0788620139348,34.537243387893795,33.92900831075387,34.510799407958984,953900,0.0,0.0
2012-02-24 00:00:00-05:00,34.54606777247004,34.687107980838825,34.272804260253906,34.272804260253906,1402900,0.0,0.0
2012-02-27 00:00:00-05:00,33.67339434025215,34.66949305259737,33.67339434025215,34.58134078979492,1726900,0.0,0.0
2012-02-28 00:00:00-05:00,34.59014830987858,34.59014830987858,33.95546564060945,34.06124496459961,1244000,0.0,0.0
2012-02-29 00:00:00-05:00,34.15821125676538,34.43147815737859,33.964279690997024,34.0348014831543,1139400,0.0,0.0
2012-03-01 00:00:00-05:00,33.83206505063156,34.63423214747639,33.83206505063156,34.58134078979492,1182500,0.0,0.0
2012-03-02 00:00:00-05:00,34.4931787774682,34.78407272747378,34.193467923201524,34.32569122314453,1095600,0.0,0.0
2012-03-05 00:00:00-05:00,34.17583620129515,34.28161550983274,33.96427422155639,33.97309112548828,1145100,0.0,0.0
2012-03-06 00:00:00-05:00,33.620501950055115,33.99954826180231,32.88885668592172,32.92411422729492,1422700,0.0,0.0
2012-03-07 00:00:00-05:00,32.994636035371094,33.18856764491567,32.80070442582651,32.92411422729492,1147100,0.0,0.0
2012-03-08 00:00:00-05:00,33.170921749893274,34.008349336269426,33.100399974649115,33.964271545410156,1051700,0.0,0.0
2012-03-09 00:00:00-05:00,34.043605870419285,34.47554332456031,33.743895059681066,34.2375373840332,782700,0.0,0.0
2012-03-12 00:00:00-04:00,34.30805897569752,35.33060460581085,34.167018778899745,35.30415725708008,2639700,0.0,0.0
2012-03-13 00:00:00-04:00,35.42757856992743,36.62642231525563,35.34824322317292,36.58234786987305,3125500,0.0,0.0
2012-03-14 00:00:00-04:00,36.47656580302116,36.926130492597025,36.41486091156299,36.5999755859375,1800200,0.0,0.0
2012-03-15 00:00:00-04:00,36.60879408223132,37.05836219529534,36.494201189827805,37.04954528808594,1563900,0.0,0.0
2012-03-16 00:00:00-04:00,37.2434774494969,37.613706853850616,36.723390884334606,37.552001953125,2151300,0.0,0.0
2012-03-19 00:00:00-04:00,37.41095394812465,37.4374013020021,36.85560995666109,36.92612838745117,1407000,0.0,0.0
2012-03-20 00:00:00-04:00,36.79390773877759,37.01428331531812,36.57353216223707,36.64405059814453,1451000,0.0,0.0
2012-03-21 00:00:00-04:00,36.74099518591747,37.005445052614135,36.423654000816484,36.80270004272461,1468700,0.0,0.0
2012-03-22 00:00:00-04:00,36.47656142772249,36.83797718976819,36.300260317847126,36.5558967590332,897600,0.0,0.0
2012-03-23 00:00:00-04:00,36.54707555804661,36.76745107882016,36.14158540686253,36.67930221557617,716700,0.0,0.0
2012-03-26 00:00:00-04:00,37.02310289569057,37.50792857060114,36.9437675406932,37.30518341064453,1250400,0.0,0.0
2012-03-27 00:00:00-04:00,37.28755295812679,37.455040575712886,37.199404058203044,37.30518341064453,1364700,0.0,0.0
2012-03-28 00:00:00-04:00,37.23464577902793,37.23464577902793,36.60877680643856,37.040714263916016,909500,0.0,0.0
2012-03-29 00:00:00-04:00,36.69694137613302,36.705754919485166,36.238559780540626,36.5999755859375,916400,0.0,0.0
2012-03-30 00:00:00-04:00,36.88205888229637,37.18176981924676,36.406046800787294,37.11124801635742,1290100,0.0,0.0
2012-04-02 00:00:00-04:00,37.14650618044481,37.39332574703985,36.78509037393161,37.32280731201172,1792800,0.0,0.0
2012-04-03 00:00:00-04:00,37.190584422245415,37.94867701156858,37.09362198450862,37.87815856933594,1678600,0.0,0.0
2012-04-04 00:00:00-04:00,37.53437651506724,37.825270579476395,37.12888282617609,37.25229263305664,965700,0.0,0.0
2012-04-05 00:00:00-04:00,37.031916440616946,37.3845187656419,36.88206263821358,37.30518341064453,981200,0.0,0.0
2012-04-09 00:00:00-04:00,36.57352404268188,36.69693380012051,36.397222948056545,36.67048645019531,1217500,0.0,0.0
2012-04-10 00:00:00-04:00,36.61760371380687,36.62641725660025,35.859511252337654,35.938846588134766,1638600,0.0,0.0
2012-04-11 00:00:00-04:00,36.39722625137185,37.44621264746711,36.34433490938486,36.890865325927734,1761900,0.0,0.0
2012-04-12 00:00:00-04:00,37.02309327588262,37.922225944673755,36.91731395092605,37.825260162353516,1372800,0.0,0.0
2012-04-13 00:00:00-04:00,37.701842292739265,37.72828627763336,36.71456095895356,36.741004943847656,1454800,0.0,0.0
2012-04-16 00:00:00-04:00,36.996634206011265,37.20819276969616,36.63521857727538,36.688106536865234,1182100,0.0,0.0
2012-04-17 00:00:00-04:00,37.07598298178735,37.7459231604685,37.00546119315567,37.666587829589844,1858500,0.0,0.0
2012-04-18 00:00:00-04:00,37.375695917920694,37.57844102741412,37.181764351159956,37.24346923828125,1566100,0.0,0.0
2012-04-19 00:00:00-04:00,37.2699118762973,37.38450810364752,36.21211192823505,36.33552169799805,2393200,0.0,0.0
2012-04-20 00:00:00-04:00,36.494187585165655,37.05834838031977,36.31788649601409,36.67930221557617,1781800,0.0,0.0
2012-04-23 00:00:00-04:00,36.20329730298996,36.59115708419323,35.85951196195412,36.51182174682617,1754700,0.0,0.0
2012-04-24 00:00:00-04:00,36.57351371597872,36.96137332450953,36.485361512224394,36.688106536865234,1277400,0.0,0.0
2012-04-25 00:00:00-04:00,36.97021096549585,37.2170339342562,36.8732485221476,36.99665832519531,2921600,0.0,0.0
2012-04-26 00:00:00-04:00,37.023087489956744,37.51672986704839,36.39722181799912,36.67930221557617,2613700,0.0,0.0
2012-04-27 00:00:00-04:00,36.98783595952143,36.99665286567514,36.194485901574225,36.64405059814453,2172200,0.0,0.0
2012-04-30 00:00:00-04:00,36.608780755592896,36.688116078273005,36.000545523487816,36.097511291503906,1376000,0.0,0.0
2012-05-01 00:00:00-04:00,36.106327520396256,36.15921886034114,35.6479459955322,35.78898620605469,2664500,0.0,0.0
2012-05-02 00:00:00-04:00,35.61268393069649,35.62149747156656,35.18074644946717,35.38349151611328,1820200,0.0,0.0
2012-05-03 00:00:00-04:00,35.445200571392085,35.55979679220172,34.76644351377165,34.80170440673828,1592400,0.0,0.0
2012-05-04 00:00:00-04:00,34.57252344571808,34.61659789094353,34.28162605443382,34.38740539550781,1961600,0.0,0.0
2012-05-07 00:00:00-04:00,34.431474898839866,34.77526019641093,34.15820802408819,34.175838470458984,1825400,0.0,0.0
2012-05-08 00:00:00-04:00,33.84969388538851,34.28162818314928,33.59405737947672,34.15821838378906,1940600,0.0,0.0
2012-05-09 00:00:00-04:00,33.594044413710996,34.07005633837999,33.488265106894616,33.80560302734375,1988800,0.0,0.0
2012-05-10 00:00:00-04:00,34.15821066322303,34.263989986956744,33.664568214692224,33.79679489135742,1028600,0.0,0.0
2012-05-11 00:00:00-04:00,33.46182795641388,34.18465960484096,33.33841816707236,33.814430236816406,1162300,0.0,0.0
2012-05-14 00:00:00-04:00,33.347233388653265,33.63812739702283,33.17974580072545,33.39130783081055,1914000,0.0,0.0
2012-05-15 00:00:00-04:00,33.461826265729314,33.849689427107926,33.320786033227385,33.39130783081055,1585300,0.0,0.0
2012-05-16 00:00:00-04:00,33.594056800356284,33.88495084202431,32.81833375146692,32.83596420288086,1780500,0.0,0.0
2012-05-17 00:00:00-04:00,32.889078650412024,32.986459353372354,31.64079886645827,31.67620849609375,2821100,0.16,0.0
2012-05-18 00:00:00-04:00,31.86212611836953,32.10115547907293,31.392912206023205,31.4991512298584,1743900,0.0,0.0
2012-05-21 00:00:00-04:00,31.649651759290293,32.428721055895906,31.40176745557638,32.17198181152344,1981000,0.0,0.0
2012-05-22 00:00:00-04:00,32.118865966796875,32.90678691686487,31.915246211612956,32.118865966796875,2243600,0.0,0.0
2012-05-23 00:00:00-04:00,31.826706073407557,32.42871356668605,31.68505745011671,32.38444900512695,1450400,0.0,0.0
2012-05-24 00:00:00-04:00,32.481839521580625,32.98646310587131,32.43757494662313,32.97761154174805,2033200,0.0,0.0
2012-05-25 00:00:00-04:00,32.915626585049424,33.234336793856826,32.87136202875266,33.074981689453125,1339800,0.0,0.0
2012-05-29 00:00:00-04:00,33.3494352197046,33.52649688181638,33.092699355671364,33.36714172363281,2690100,0.0,0.0
2012-05-30 00:00:00-04:00,32.98644650384831,33.03071443369642,32.57035565606102,32.614620208740234,1334500,0.0,0.0
2012-05-31 00:00:00-04:00,32.508401144123454,32.7916984779884,32.01262912127449,32.393310546875,1785100,0.0,0.0
2012-06-01 00:00:00-04:00,31.747035229503336,31.950654957497388,31.286676262102322,31.313234329223633,1911100,0.0,0.0
2012-06-04 00:00:00-04:00,31.348646007043452,31.47258815124574,30.817464424127884,31.215848922729492,1255300,0.0,0.0
2012-06-05 00:00:00-04:00,31.083049271992063,32.0480315522652,31.083049271992063,31.924089431762695,1650200,0.0,0.0
2012-06-06 00:00:00-04:00,32.2516657997339,32.5261116027832,32.180839769074325,32.5261116027832,1321700,0.0,0.0
2012-06-07 00:00:00-04:00,32.95106414418039,33.128122501354845,32.1897010505122,32.269378662109375,1214000,0.0,0.0
2012-06-08 00:00:00-04:00,32.03918969216585,32.189693312189455,31.817863421732387,32.136573791503906,1762300,0.0,0.0
2012-06-11 00:00:00-04:00,32.47298848208495,32.83596340607347,31.499154308604723,31.543418884277344,1671200,0.0,0.0
2012-06-12 00:00:00-04:00,31.676205458155454,31.98606417223261,31.27782098989465,31.950651168823242,1191600,0.0,0.0
2012-06-13 00:00:00-04:00,31.755887086927974,31.773593590896265,31.09190838538346,31.26011848449707,1773400,0.0,0.0
2012-06-14 00:00:00-04:00,31.357503775862668,31.446036308649923,30.720086425648493,31.056503295898438,2574800,0.0,0.0
2012-06-15 00:00:00-04:00,31.286676855348677,31.73818089082365,31.1627347035387,31.614238739013672,1682100,0.0,0.0
2012-06-18 00:00:00-04:00,31.428325661247694,32.039184859727236,31.277825441094762,31.906391143798828,1018000,0.0,0.0
2012-06-19 00:00:00-04:00,32.13656763682763,32.49954251573606,31.80015082459023,32.287071228027344,1509000,0.0,0.0
2012-06-20 00:00:00-04:00,32.25165997938259,32.29592455197103,31.640800772453144,31.91524314880371,842700,0.0,0.0
2012-06-21 00:00:00-04:00,32.021482457564275,32.11886655468923,30.7289378781277,30.76435089111328,1569200,0.0,0.0
2012-06-22 00:00:00-04:00,30.985669947110416,31.118467026323177,30.799756737948556,31.01222801208496,1190000,0.0,0.0
2012-06-25 00:00:00-04:00,30.51646098178089,30.51646098178089,29.976424452467526,30.180044174194336,1255500,0.0,0.0
2012-06-26 00:00:00-04:00,30.312833775519913,30.852866794323678,30.0649461682656,30.73777961730957,1578200,0.0,0.0
2012-06-27 00:00:00-04:00,31.012219216787752,31.817846271843965,30.80859956300091,31.392900466918945,1575100,0.0,0.0
2012-06-28 00:00:00-04:00,31.02993890963199,31.481446341172248,30.93255482137152,31.472591400146484,1367700,0.0,0.0
2012-06-29 00:00:00-04:00,32.19853594209827,32.35789108276367,31.76473846364129,32.35789108276367,1593800,0.0,0.0
2012-07-02 00:00:00-04:00,32.34904084199807,32.658896196412385,31.941801411290655,32.3755989074707,1211100,0.0,0.0
2012-07-03 00:00:00-04:00,32.38444871341364,32.94218826293945,32.07459003095199,32.94218826293945,655500,0.0,0.0
2012-07-05 00:00:00-04:00,32.70316343413705,32.82710896319048,32.1454237506632,32.490692138671875,1488600,0.0,0.0
2012-07-06 00:00:00-04:00,32.10116849475329,32.34905627370655,31.99493280501428,32.269378662109375,1013200,0.0,0.0
2012-07-09 00:00:00-04:00,32.14541245755555,32.64118089091787,31.870966805394865,32.57035827636719,1854500,0.0,0.0
2012-07-10 00:00:00-04:00,32.455270369712714,33.252045955559204,32.455270369712714,32.60577392578125,1961600,0.0,0.0
2012-07-11 00:00:00-04:00,32.22510003002659,33.02187242161575,32.02147692910014,32.63233947753906,1978000,0.0,0.0
2012-07-12 00:00:00-04:00,32.26936529468912,32.34018793278665,31.809006326959206,31.8709774017334,1610900,0.0,0.0
2012-07-13 00:00:00-04:00,31.888680472087813,32.526101032185736,31.676205826331863,32.46412658691406,1759700,0.0,0.0
2012-07-16 00:00:00-04:00,32.42871586221119,32.56150955628851,31.959502020395835,32.07459259033203,1509300,0.0,0.0
2012-07-17 00:00:00-04:00,32.28705459325787,32.481819277116834,31.428308190184268,32.18967056274414,2199200,0.0,0.0
2012-07-18 00:00:00-04:00,32.0568975925911,32.61464076393665,31.994926504349486,32.5261116027832,1077900,0.0,0.0
2012-07-19 00:00:00-04:00,32.56150471709883,32.86250844031093,32.26050099388672,32.74742126464844,1148900,0.0,0.0
2012-07-20 00:00:00-04:00,32.54380455219282,32.84480833398719,32.136565134815136,32.14542007446289,1275500,0.0,0.0
2012-07-23 00:00:00-04:00,31.658482355126594,31.808985852109263,31.10074304116524,31.69389533996582,1429000,0.0,0.0
2012-07-24 00:00:00-04:00,31.738178244788976,32.04803697565113,31.44602939376074,31.65850067138672,1976500,0.0,0.0
2012-07-25 00:00:00-04:00,31.88868508068473,31.986069166681542,31.446032600459517,31.91524314880371,1515000,0.0,0.0
2012-07-26 00:00:00-04:00,32.623474723254105,35.75745396803228,32.623474723254105,35.49186325073242,4191600,0.0,0.0
2012-07-27 00:00:00-04:00,35.73974628290925,36.44798929790925,35.37677152664868,36.217811584472656,2628100,0.0,0.0
2012-07-30 00:00:00-04:00,36.09387574506528,36.50997006612525,36.04075624328007,36.12043380737305,1595900,0.0,0.0
2012-07-31 00:00:00-04:00,36.10272725336816,36.20896625678141,35.624665246687194,35.88140106201172,1460600,0.0,0.0
2012-08-01 00:00:00-04:00,36.07616530260903,36.253226912043424,35.562686972966205,35.722042083740234,1180900,0.0,0.0
2012-08-02 00:00:00-04:00,35.305958964596265,35.837140532770206,34.96954217026208,35.270545959472656,1627100,0.0,0.0
2012-08-03 00:00:00-04:00,35.62466933516196,36.173557407111716,35.52728525944167,35.98764419555664,1255600,0.0,0.0
2012-08-06 00:00:00-04:00,36.15585071539395,36.23552828809651,35.58040120396767,35.615814208984375,752900,0.0,0.0
2012-08-07 00:00:00-04:00,35.83714673921352,36.2975057540374,35.83714673921352,36.15585708618164,1164700,0.0,0.0
2012-08-08 00:00:00-04:00,35.90795638107037,36.07616304204997,35.00494526899067,35.26168441772461,2472900,0.0,0.0
2012-08-09 00:00:00-04:00,35.28825997098254,35.68664792047053,35.049227201289746,35.05807876586914,1315200,0.0,0.0
2012-08-10 00:00:00-04:00,34.81902562483764,35.11117433708667,34.739348089284555,35.06690979003906,1356600,0.0,0.0
2012-08-13 00:00:00-04:00,34.960697043761996,35.084639207342086,34.58886717585105,34.74822235107422,936100,0.0,0.0
2012-08-14 00:00:00-04:00,35.00496446229857,35.11120012868396,34.45607286877034,34.51804733276367,873300,0.0,0.0
2012-08-15 00:00:00-04:00,34.518030473940584,34.64197258705126,34.31440742849386,34.55344009399414,1336000,0.0,0.0
2012-08-16 00:00:00-04:00,34.64235238490243,34.94459525705848,34.54456742757662,34.86458969116211,1326400,0.16,0.0
2012-08-17 00:00:00-04:00,34.829021393623265,35.38016881308323,34.757903847333594,35.30016326904297,1556000,0.0,0.0
2012-08-20 00:00:00-04:00,35.14015561687053,35.22905255842472,34.29565671407101,34.42899703979492,1520900,0.0,0.0
2012-08-21 00:00:00-04:00,34.50011123858988,34.69567770885099,34.17119767342704,34.27787399291992,1488200,0.0,0.0
2012-08-22 00:00:00-04:00,34.2689816864823,34.544557084519695,34.117861991187425,34.260093688964844,1620200,0.0,0.0
2012-08-23 00:00:00-04:00,34.16232018528169,34.51790124417219,33.89563608664997,34.02897644042969,930700,0.0,0.0
2012-08-24 00:00:00-04:00,33.91340996783837,34.37566052177998,33.860071800350454,34.30454635620117,862000,0.0,0.0
2012-08-27 00:00:00-04:00,34.38455274005935,34.74902174899241,34.20676223522258,34.2423210144043,1382300,0.0,0.0
2012-08-28 00:00:00-04:00,34.197877458903584,34.42900276322325,33.79784963308863,34.313438415527344,1179700,0.0,0.0
2012-08-29 00:00:00-04:00,34.43788284940614,34.66900807785391,34.20675422988733,34.62456130981445,982500,0.0,0.0
2012-08-30 00:00:00-04:00,34.26008963399148,34.89124250623453,34.24231024998974,34.72234344482422,1236400,0.0,0.0
2012-08-31 00:00:00-04:00,34.88235854351058,35.38016778884191,34.66900930188918,35.20237731933594,1553600,0.0,0.0
2012-09-04 00:00:00-04:00,35.20237520373665,35.46906258750375,34.90013244106209,35.309051513671875,1055200,0.0,0.0
2012-09-05 00:00:00-04:00,35.30016347154843,35.833534898566995,34.829021593425935,35.460174560546875,1890000,0.0,0.0
2012-09-06 00:00:00-04:00,35.36238765331606,36.76692860246721,35.36238765331606,36.66914367675781,2389300,0.0,0.0
2012-09-07 00:00:00-04:00,36.72248275296472,36.75803813414539,36.34023442893546,36.68692398071289,1870300,0.0,0.0
2012-09-10 00:00:00-04:00,37.17585089234803,37.549211275713105,36.90916684198537,37.04250717163086,2017400,0.0,0.0
2012-09-11 00:00:00-04:00,37.02473287803518,38.1003605189473,36.98028270836905,37.780338287353516,3335200,0.0,0.0
2012-09-12 00:00:00-04:00,37.97589733938485,38.98040713487594,37.878112419754366,38.731502532958984,4984400,0.0,0.0
2012-09-13 00:00:00-04:00,38.7581815397766,38.93597204779008,38.18036662757263,38.89152526855469,2400500,0.0,0.0
2012-09-14 00:00:00-04:00,39.1759878928803,39.833811741236964,38.624840381709134,38.95375061035156,2903100,0.0,0.0
2012-09-17 00:00:00-04:00,39.30042890456299,39.753794729289744,39.167088608109296,39.58489227294922,1892500,0.0,0.0
2012-09-18 00:00:00-04:00,39.59379330660118,39.90492413186224,39.34488525532067,39.78047180175781,2498500,0.0,0.0
2012-09-19 00:00:00-04:00,39.83381874342482,40.25162260209367,39.65602820793456,40.03827667236328,2215400,0.0,0.0
2012-09-20 00:00:00-04:00,39.74489511272886,40.38493925461793,39.47821118396512,40.34938049316406,2626100,0.0,0.0
2012-09-21 00:00:00-04:00,40.66054003238369,41.12279065648151,40.091609666047404,40.71387481689453,2894800,0.0,0.0
2012-09-24 00:00:00-04:00,40.456059306515336,40.6427411359308,40.04714366316838,40.39383316040039,1105900,0.0,0.0
2012-09-25 00:00:00-04:00,40.3938345579504,40.63385115458529,39.48710632324219,39.48710632324219,2366200,0.0,0.0
2012-09-26 00:00:00-04:00,39.46044684689281,39.6115699451499,39.15820404145004,39.17598342895508,1762500,0.0,0.0
2012-09-27 00:00:00-04:00,39.3893322609002,39.97603847791985,39.33599409896336,39.558231353759766,1558000,0.0,0.0
2012-09-28 00:00:00-04:00,39.52268487303861,39.67380801666556,39.211553975972,39.264888763427734,1499200,0.0,0.0
2012-10-01 00:00:00-04:00,39.52267029280579,39.92269800651257,39.2382068944079,39.3537712097168,1452400,0.0,0.0
2012-10-02 00:00:00-04:00,39.46933481385607,39.70046004923818,38.92707541072093,39.496002197265625,1625600,0.0,0.0
2012-10-03 00:00:00-04:00,39.55822876770547,39.99381525070208,39.42488506711619,39.81602478027344,1144500,0.0,0.0
2012-10-04 00:00:00-04:00,40.03827013198014,40.30495419611561,39.82492084602865,40.216060638427734,1120900,0.0,0.0
2012-10-05 00:00:00-04:00,40.60717871658072,40.68718423882766,39.780456117052445,39.931575775146484,956300,0.0,0.0
2012-10-08 00:00:00-04:00,39.7004588772407,39.9493634912383,39.415995492366,39.46933364868164,907700,0.0,0.0
2012-10-09 00:00:00-04:00,39.478222283935175,39.673792135849084,38.84706935048531,39.09597396850586,1949100,0.0,0.0
2012-10-10 00:00:00-04:00,39.02486453884326,39.23821041122772,38.60705740140574,39.1137580871582,1733100,0.0,0.0
2012-10-11 00:00:00-04:00,39.44266891479492,39.860476058901504,39.175984874521774,39.44266891479492,1296800,0.0,0.0
2012-10-12 00:00:00-04:00,39.3626593101479,39.77157841360036,39.3626593101479,39.43377685546875,1382700,0.0,0.0
2012-10-15 00:00:00-04:00,39.57600493682864,40.12715229839209,39.5582255521239,40.06492614746094,1215400,0.0,0.0
2012-10-16 00:00:00-04:00,40.118267719579826,40.456065884537054,39.913809864662184,40.44717788696289,1104000,0.0,0.0
2012-10-17 00:00:00-04:00,40.35828705865688,41.06055421062235,38.429265912616145,40.82053756713867,1595600,0.0,0.0
2012-10-18 00:00:00-04:00,40.7227470025887,41.460572765948754,40.7227470025887,41.4072380065918,2021600,0.0,0.0
2012-10-19 00:00:00-04:00,41.15832992426305,41.34500836367867,40.29605186983682,40.5538444519043,1418700,0.0,0.0
2012-10-22 00:00:00-04:00,40.33162026749739,40.58941632387013,39.64712904423446,40.429405212402344,1115600,0.0,0.0
2012-10-23 00:00:00-04:00,39.73602809442929,40.056050334312594,39.63824314434584,39.922706604003906,1238300,0.0,0.0
2012-10-24 00:00:00-04:00,40.1627199724039,40.45607140739478,39.74491281688635,40.171607971191406,1387200,0.0,0.0
2012-10-25 00:00:00-04:00,40.527177857978266,40.89164674769533,40.21604711958713,40.64274215698242,2025700,0.0,0.0
2012-10-26 00:00:00-04:00,41.59392710998601,44.00297823591318,41.558368333918004,42.57176971435547,5209000,0.0,0.0
2012-10-31 00:00:00-04:00,42.56288199961902,42.962909755372046,41.48725105835611,42.81178665161133,1603200,0.0,0.0
2012-11-01 00:00:00-04:00,43.060689669885306,43.7896276011254,42.669553318584,43.48738479614258,1457700,0.0,0.0
2012-11-02 00:00:00-04:00,43.860732824428425,43.87851220690969,42.65176194426598,42.687320709228516,1544000,0.0,0.0
2012-11-05 00:00:00-05:00,42.39397276887219,42.71399492260473,40.82053277373452,41.425018310546875,4321100,0.0,0.0
2012-11-06 00:00:00-05:00,41.56724741173031,41.958387082393564,41.36278957982488,41.83393478393555,1582500,0.0,0.0
2012-11-07 00:00:00-05:00,41.91394799914462,41.91394799914462,40.74053555423977,41.13167190551758,1146500,0.0,0.0
2012-11-08 00:00:00-05:00,41.158330390885894,41.45168513421112,40.85608765127991,40.87386703491211,1201700,0.0,0.0
2012-11-09 00:00:00-05:00,40.8383263333959,41.26502155611476,40.45607789388421,40.776100158691406,3138300,0.0,0.0
2012-11-12 00:00:00-05:00,40.9272164397519,41.71838057804592,40.53607667443145,41.2650146484375,1423400,0.0,0.0
2012-11-13 00:00:00-05:00,40.989436185053215,41.469469426733745,40.79386633301942,40.971656799316406,1128900,0.0,0.0
2012-11-14 00:00:00-05:00,41.06945353605556,41.23835266252048,40.5716407654776,40.66053771972656,1399600,0.0,0.0
2012-11-15 00:00:00-05:00,40.66052420252591,41.416129411551985,40.65163281452084,40.93609619140625,1428800,0.0,0.0
2012-11-16 00:00:00-05:00,39.16092943461716,41.1234333583516,39.16092943461716,40.142181396484375,2295100,0.16,0.0
2012-11-19 00:00:00-05:00,41.15912592534263,41.578389897685135,40.650658445346515,41.2215690612793,2106800,0.0,0.0
2012-11-20 00:00:00-05:00,41.132362097572546,41.23048798948413,40.68633779098928,41.159122467041016,1133300,0.0,0.0
2012-11-21 00:00:00-05:00,41.23047645240872,41.364281665205205,40.962859221026854,41.194793701171875,895900,0.0,0.0
2012-11-23 00:00:00-05:00,41.39105178465227,42.24741752844357,41.319686271222174,42.211734771728516,487800,0.0,0.0
2012-11-26 00:00:00-05:00,41.899515073774275,42.336616890796996,41.730023697345565,42.25633239746094,1647500,0.0,0.0
2012-11-27 00:00:00-05:00,42.13143733886747,42.2741649190243,41.703254598396974,41.756778717041016,1480400,0.0,0.0
2012-11-28 00:00:00-05:00,41.63191308525189,42.51504283561062,41.37322153671083,42.24742889404297,1267500,0.0,0.0
2012-11-29 00:00:00-05:00,42.399056973332854,43.40707256132849,42.36337762554374,42.934288024902344,1785500,0.0,0.0
2012-11-30 00:00:00-05:00,42.93428997665948,43.549802140905946,42.74695722850225,43.33571243286133,4687700,0.0,0.0
2012-12-03 00:00:00-05:00,43.52303980955226,43.9512226091691,43.34462945898831,43.692527770996094,2407300,0.0,0.0
2012-12-04 00:00:00-05:00,43.54087760595136,43.87985350097608,43.175137948660584,43.6836051940918,1858200,0.0,0.0
2012-12-05 00:00:00-05:00,41.114512851504486,44.557820384064854,41.114512851504486,44.37049102783203,2143500,0.0,0.0
2012-12-06 00:00:00-05:00,44.147476119732794,44.370488216229354,43.71037091332594,44.08502960205078,1498300,0.0,0.0
2012-12-07 00:00:00-05:00,44.254525332575916,44.29912707568986,43.71929420652398,44.03151321411133,1826600,0.0,0.0
2012-12-10 00:00:00-05:00,43.88877883037766,44.12070990056243,43.59440124598362,43.817413330078125,1126300,0.0,0.0
2012-12-11 00:00:00-05:00,44.14747359221198,44.29912017575823,43.81741325820954,43.85309600830078,1166800,0.0,0.0
2012-12-12 00:00:00-05:00,44.03151745708815,44.29021235613027,43.8263466966774,43.93339157104492,1117000,0.0,0.0
2012-12-13 00:00:00-05:00,43.995815207370356,43.995815207370356,43.148368770392146,43.184051513671875,1027200,0.0,0.0
2012-12-14 00:00:00-05:00,43.112690234816554,43.54087295348535,42.81831270160402,42.9699592590332,1096600,0.0,0.0
2012-12-17 00:00:00-05:00,43.16621608519072,44.30803680419922,43.10377297730083,44.30803680419922,1472900,0.0,0.0
2012-12-18 00:00:00-05:00,44.138559404136835,45.35174590949289,43.83526277779782,45.30714416503906,1908200,0.0,0.0
2012-12-19 00:00:00-05:00,45.2803696074833,46.00292994589898,45.09304028367359,45.97616958618164,3429500,0.0,0.0
2012-12-20 00:00:00-05:00,45.96724836465177,46.05645523746455,45.387419004392875,45.69963455200195,3651100,0.0,0.0
2012-12-21 00:00:00-05:00,45.226861979552915,45.226861979552915,44.75407393602886,44.825439453125,2717200,0.0,0.0
2012-12-24 00:00:00-05:00,44.85219994129265,45.012768952295936,44.45078081667962,44.771915435791016,675400,0.0,0.0
2012-12-26 00:00:00-05:00,44.923565952865545,44.977086688525404,44.602427927325564,44.736236572265625,808300,0.0,0.0
2012-12-27 00:00:00-05:00,44.691609633066214,44.74513374552612,43.817402880248984,44.47751998901367,971900,0.0,0.0
2012-12-28 00:00:00-05:00,44.07610691876837,44.56673280933273,44.07610691876837,44.12963104248047,710600,0.0,0.0
2012-12-31 00:00:00-05:00,44.102859825216,44.923545902290236,44.102859825216,44.88786315917969,1134300,0.0,0.0
2013-01-02 00:00:00-05:00,45.92264824271104,46.386513788947845,45.735318907565706,46.18134307861328,2620900,0.0,0.0
2013-01-03 00:00:00-05:00,46.09214658792883,46.81470713287176,46.056467232405645,46.368682861328125,2874200,0.0,0.0
2013-01-04 00:00:00-05:00,46.59169159529685,47.30532969708271,46.01186212636236,47.07339859008789,2902600,0.0,0.0
2013-01-07 00:00:00-05:00,46.76118045657366,47.189366728556976,46.60061485819861,46.85930633544922,2069900,0.0,0.0
2013-01-08 00:00:00-05:00,46.85038259968537,47.10907745361328,46.609529122189855,47.10907745361328,3108200,0.0,0.0
2013-01-09 00:00:00-05:00,47.15366954489563,47.53725055246929,47.15366954489563,47.5194091796875,2674100,0.0,0.0
2013-01-10 00:00:00-05:00,47.76918638719541,47.76918638719541,47.20719499829356,47.34992599487305,2456000,0.0,0.0
2013-01-11 00:00:00-05:00,47.31425346536059,47.599708714387916,46.92174994577679,47.528343200683594,1227000,0.0,0.0
2013-01-14 00:00:00-05:00,47.599709205925095,47.74243683191263,47.35885569902832,47.4926643371582,1431400,0.0,0.0
2013-01-15 00:00:00-05:00,47.22504963271141,47.724598052320026,47.22504963271141,47.67107391357422,1569300,0.0,0.0
2013-01-16 00:00:00-05:00,47.43019956454112,47.68889435053032,47.082301322711224,47.2785530090332,1331800,0.0,0.0
2013-01-17 00:00:00-05:00,47.61755717284762,47.75136242659562,47.287496727232444,47.68000030517578,2097500,0.0,0.0
2013-01-18 00:00:00-05:00,47.7245897029646,47.85839832497188,47.510496588331876,47.81379318237305,1500300,0.0,0.0
2013-01-22 00:00:00-05:00,47.635391127415346,47.77811875089883,47.332094502151094,47.59078598022461,1574000,0.0,0.0
2013-01-23 00:00:00-05:00,47.564028452018555,47.87624408361157,47.412381831786284,47.8405647277832,1600500,0.0,0.0
2013-01-24 00:00:00-05:00,47.671064092105944,48.59879522185889,47.61754336728199,48.13492965698242,2068400,0.0,0.0
2013-01-25 00:00:00-05:00,48.17953746490252,48.48283408772708,47.86732185444855,48.473915100097656,1377700,0.0,0.0
2013-01-28 00:00:00-05:00,48.723679513298634,48.723679513298634,48.05464325644067,48.5720329284668,1156700,0.0,0.0
2013-01-29 00:00:00-05:00,48.47391619155107,49.080509450858415,48.25090406394969,49.053749084472656,2505400,0.0,0.0
2013-01-30 00:00:00-05:00,48.94670455657923,49.13403734429179,48.69693204348951,48.99130630493164,2216500,0.0,0.0
2013-01-31 00:00:00-05:00,48.884258230622045,49.098351372762444,48.652327112623745,48.902099609375,1811800,0.0,0.0
2013-02-01 00:00:00-05:00,49.267825460883365,49.580044396594666,49.16078062147376,49.37487030029297,2459300,0.0,0.0
2013-02-04 00:00:00-05:00,49.17862438711633,49.41055545093336,43.62116381241039,44.11178970336914,11422100,0.0,0.0
2013-02-05 00:00:00-05:00,44.62027742524917,44.62919641518351,38.09940005079542,40.222476959228516,22411200,0.0,0.0
2013-02-06 00:00:00-05:00,41.89059246148604,43.24650645123958,40.597121588118306,42.363380432128906,11933500,0.0,0.0
2013-02-07 00:00:00-05:00,42.675590456640435,42.70235081649389,40.79336801467931,41.91735076904297,9662100,0.0,0.0
2013-02-08 00:00:00-05:00,40.391941348460655,41.40887575052195,36.27959860796512,38.68812942504883,16212600,0.0,0.0
2013-02-11 00:00:00-05:00,38.821940869051005,40.93609430254277,38.456201216819146,40.57927703857422,7505900,0.0,0.0
2013-02-12 00:00:00-05:00,40.45439229027224,42.06008208144282,40.35626982782913,41.11450958251953,5442900,0.0,0.0
2013-02-13 00:00:00-05:00,41.747856362930605,42.015470150579446,40.811206404712706,41.73893737792969,4301900,0.0,0.0
2013-02-14 00:00:00-05:00,41.81923757207364,42.363387739782404,41.480258165437895,41.64082717895508,2915600,0.0,0.0
2013-02-15 00:00:00-05:00,41.35413467160468,42.10667972249544,41.35413467160468,41.9275016784668,2831700,0.2,0.0
2013-02-19 00:00:00-05:00,41.8647935569718,43.60281287654343,41.793124383580434,43.51322555541992,3917200,0.0,0.0
2013-02-20 00:00:00-05:00,42.778601754374236,43.23550259400289,42.41128824250415,42.43816375732422,2976600,0.0,0.0
2013-02-21 00:00:00-05:00,42.40232830433946,42.832353603059886,42.115641354321895,42.52775192260742,1814700,0.0,0.0
2013-02-22 00:00:00-05:00,42.66212191775144,43.513214930761634,42.59941012476993,43.244449615478516,2234700,0.0,0.0
2013-02-25 00:00:00-05:00,43.39676204431875,43.77303633538013,41.82000253723108,41.84687805175781,2082200,0.0,0.0
2013-02-26 00:00:00-05:00,42.375452205382814,42.6800539061905,41.62290702794838,42.554630279541016,1806300,0.0,0.0
2013-02-27 00:00:00-05:00,42.42023986528999,43.441553718171626,42.42023986528999,43.360923767089844,2040900,0.0,0.0
2013-02-28 00:00:00-05:00,43.26236607531836,43.45945880950354,42.89505269463329,43.056312561035156,2770700,0.0,0.0
2013-03-01 00:00:00-05:00,42.814436234882066,43.86262227881584,42.769642572904424,43.83574676513672,2145900,0.0,0.0
2013-03-04 00:00:00-05:00,43.441556691770465,44.23889547508139,43.33404780461102,44.22993469238281,2410500,0.0,0.0
2013-03-05 00:00:00-05:00,44.34638955221048,45.10789184417328,44.34638955221048,44.848087310791016,3667700,0.0,0.0
2013-03-06 00:00:00-05:00,45.000390412152385,45.5916755221698,44.91080310542178,45.08102035522461,2512300,0.0,0.0
2013-03-07 00:00:00-05:00,45.12582416788738,45.29604487354914,44.85705876965099,45.00040054321289,1340300,0.0,0.0
2013-03-08 00:00:00-05:00,45.24227800839413,45.726057642950074,44.43597861746755,45.64542770385742,1746400,0.0,0.0
2013-03-11 00:00:00-04:00,45.49314127591554,46.08442656583649,45.1079095881979,45.97692108154297,1347300,0.0,0.0
2013-03-12 00:00:00-04:00,45.85148923184495,46.13817275028843,45.511051272116894,45.7529411315918,1414800,0.0,0.0
2013-03-13 00:00:00-04:00,45.69918816162695,46.38006410300437,45.4393835642297,46.317352294921875,1215200,0.0,0.0
2013-03-14 00:00:00-04:00,46.35318266198568,46.55923620755196,46.04858102559709,46.13816833496094,931000,0.0,0.0
2013-03-15 00:00:00-04:00,46.00379233865332,46.514447613687146,45.95899867580669,46.236724853515625,1469200,0.0,0.0
2013-03-18 00:00:00-04:00,45.71711006764954,46.326313468421894,45.376675486511324,46.066505432128906,703400,0.0,0.0
2013-03-19 00:00:00-04:00,46.08441793438912,46.29047149799932,45.10790113964865,45.39458465576172,1105200,0.0,0.0
2013-03-20 00:00:00-04:00,45.83357142093865,46.577159151912404,45.779816979259785,46.46965026855469,1604000,0.0,0.0
2013-03-21 00:00:00-04:00,46.030675532458595,46.51445192054829,45.72607381234552,45.97692108154297,811200,0.0,0.0
2013-03-22 00:00:00-04:00,46.093387349757954,46.76530260728347,45.78878562964488,45.97692108154297,1199700,0.0,0.0
2013-03-25 00:00:00-04:00,46.290462777246056,46.98925670646941,46.1381636831754,46.77424240112305,963300,0.0,0.0
2013-03-26 00:00:00-04:00,46.82800458883853,46.92655268604929,45.88732410939069,46.65778732299805,1181700,0.0,0.0
2013-03-27 00:00:00-04:00,46.31734885129013,47.11468756694701,45.88732359175171,47.0340576171875,1118400,0.0,0.0
2013-03-28 00:00:00-04:00,47.087826957313304,47.81349331725161,46.81010072746821,47.768699645996094,1511700,0.0,0.0
2013-04-01 00:00:00-04:00,47.58054154562036,47.813470575884594,46.95342019370467,47.27593994140625,1533800,0.0,0.0
2013-04-02 00:00:00-04:00,47.40137481689453,47.83140011039479,46.98030688850299,47.40137481689453,943500,0.0,0.0
2013-04-03 00:00:00-04:00,47.48200478812801,47.78660646497975,46.38902169750635,46.792171478271484,1945400,0.0,0.0
2013-04-04 00:00:00-04:00,46.72945887925254,47.75076936155295,46.58611711713208,47.302825927734375,983300,0.0,0.0
2013-04-05 00:00:00-04:00,46.55028085732017,47.01614243894725,45.96795644343921,46.94447326660156,1140000,0.0,0.0
2013-04-08 00:00:00-04:00,46.980297300873666,47.49095244628799,46.46964215545934,47.47303771972656,1086600,0.0,0.0
2013-04-09 00:00:00-04:00,47.65222205038537,47.65222205038537,46.8369651240029,47.40137481689453,784100,0.0,0.0
2013-04-10 00:00:00-04:00,47.39242738639218,49.08565340247122,47.213249288822674,48.53020095825195,1741500,0.0,0.0
2013-04-11 00:00:00-04:00,48.43163598105399,49.175220161077334,47.68804838349411,48.700401306152344,1197900,0.0,0.0
2013-04-12 00:00:00-04:00,48.494350555252126,49.00500572746262,48.171830779637766,48.73624038696289,772800,0.0,0.0
2013-04-15 00:00:00-04:00,48.59290572141871,48.76312299776762,47.894111633300774,47.89411163330078,1471300,0.0,0.0
2013-04-16 00:00:00-04:00,48.24351235245298,48.97813940031207,48.10017057281066,48.94230651855469,1002500,0.0,0.0
2013-04-17 00:00:00-04:00,48.62873599303735,49.16627014105385,48.28830145858431,48.951255798339844,1407800,0.0,0.0
2013-04-18 00:00:00-04:00,49.022932313205764,49.25586140373449,48.26142639688194,48.583946228027344,1203100,0.0,0.0
2013-04-19 00:00:00-04:00,48.82584185408756,49.18419802370145,48.38685571718742,49.13044357299805,1061100,0.0,0.0
2013-04-22 00:00:00-04:00,49.24689882577681,49.255856190121705,48.557065574963495,49.12147521972656,591200,0.0,0.0
2013-04-23 00:00:00-04:00,49.27377882236893,49.48879317912839,48.85271089154768,49.336490631103516,984900,0.0,0.0
2013-04-24 00:00:00-04:00,49.41712316141134,49.77547930216172,48.57499067344661,48.64665985107422,2070200,0.0,0.0
2013-04-25 00:00:00-04:00,48.745209701101444,49.54254855432566,48.70041603629265,49.31857681274414,1120600,0.0,0.0
2013-04-26 00:00:00-04:00,49.39920476979694,49.59630098799456,49.06772756263155,49.38128662109375,1014900,0.0,0.0
2013-04-29 00:00:00-04:00,51.558285696796005,54.88202497165099,51.531410185865546,53.47548294067383,6036800,0.0,0.0
2013-04-30 00:00:00-04:00,53.60090420909749,55.09703339418042,53.30525995046724,54.514705657958984,3603000,0.0,0.0
2013-05-01 00:00:00-04:00,53.97718401616729,54.81931644519327,53.83384225340676,54.46992111206055,2372600,0.0,0.0
2013-05-02 00:00:00-04:00,54.17426819071647,54.70284146430055,53.887584728861015,54.24593734741211,4352400,0.0,0.0
2013-05-03 00:00:00-04:00,54.9447347277217,56.41398841641525,52.04206022216528,56.21689224243164,3729000,0.0,0.0
2013-05-06 00:00:00-04:00,55.98396883512949,57.130702870085564,55.71520005534179,56.88881301879883,3017500,0.0,0.0
2013-05-07 00:00:00-04:00,56.88881496541607,57.533854590919276,56.6917187648374,57.44426727294922,1572400,0.0,0.0
2013-05-08 00:00:00-04:00,57.247163400164645,58.46556989947574,56.47670026574518,57.19340896606445,2279000,0.0,0.0
2013-05-09 00:00:00-04:00,57.19341475988643,57.65927631667095,57.19341475988643,57.48905563354492,1947300,0.0,0.0
2013-05-10 00:00:00-04:00,57.498020328910904,58.59100341796875,57.498020328910904,58.59100341796875,1375100,0.0,0.0
2013-05-13 00:00:00-04:00,58.393915337730775,58.79706175649206,57.52490384810155,58.322242736816406,1675500,0.0,0.0
2013-05-14 00:00:00-04:00,58.40287370744269,59.755658109635895,58.40287370744269,59.73774337768555,1379000,0.0,0.0
2013-05-15 00:00:00-04:00,59.451040901963935,61.036757325343004,59.34353203924877,60.35588836669922,1683900,0.0,0.0
2013-05-16 00:00:00-04:00,60.34692449120969,60.74228381594385,59.951558311048636,60.03242492675781,988600,0.2,0.0
2013-05-17 00:00:00-04:00,59.95157262847702,61.110709051784546,59.95157262847702,61.02085494995117,1649000,0.0,0.0
2013-05-20 00:00:00-04:00,61.020815118287686,61.51501578349336,60.86805570391409,61.0567512512207,1194500,0.0,0.0
2013-05-21 00:00:00-04:00,60.9848824962292,62.16198642945705,60.95792010881024,61.65879821777344,1296600,0.0,0.0
2013-05-22 00:00:00-04:00,61.57793596188299,62.62924303332862,59.69097296957448,60.1851806640625,1956300,0.0,0.0
2013-05-23 00:00:00-04:00,59.448357309181795,60.37386716514225,59.12487720441935,59.8167610168457,1296200,0.0,0.0
2013-05-24 00:00:00-04:00,59.475303468599115,60.6524072526556,59.035006983748374,60.42776870727539,1322300,0.0,0.0
2013-05-28 00:00:00-04:00,61.20055053044649,61.71272634622716,60.319964061079965,60.76924133300781,1103000,0.0,0.0
2013-05-29 00:00:00-04:00,60.337927005544636,60.78720418822863,59.753865296970304,60.39183807373047,957800,0.0,0.0
2013-05-30 00:00:00-04:00,60.27501483140137,61.155594071111246,60.01443330177419,60.74225997924805,941500,0.0,0.0
2013-05-31 00:00:00-04:00,60.47272389125593,61.00286778457304,59.69996643066406,59.69996643066406,1224700,0.0,0.0
2013-06-03 00:00:00-04:00,59.807777252677745,60.131257377444584,58.59473021251504,59.15183639526367,1535200,0.0,0.0
2013-06-04 00:00:00-04:00,59.1518463212484,59.34952941460325,58.45995549450643,58.648651123046875,1246700,0.0,0.0
2013-06-05 00:00:00-04:00,58.415024399071385,58.486903542098794,56.85153820983748,57.16603088378906,1764700,0.0,0.0
2013-06-06 00:00:00-04:00,57.327771309246934,58.43299283449803,56.941392634438046,58.370094299316406,1441600,0.0,0.0
2013-06-07 00:00:00-04:00,58.79241514072063,59.15183827470668,58.244296403862776,59.07096481323242,998500,0.0,0.0
2013-06-10 00:00:00-04:00,58.63964712215551,58.954139710937696,58.046598078659734,58.40602111816406,1396100,0.0,0.0
2013-06-11 00:00:00-04:00,57.75906394197837,57.93877889854007,57.06717678392123,57.07616424560547,1505800,0.0,0.0
2013-06-12 00:00:00-04:00,57.696166912160066,57.7680528966426,54.30861701694987,54.84775161743164,2916900,0.0,0.0
2013-06-13 00:00:00-04:00,54.8477589337072,56.68081064997811,54.37152279226515,56.48312759399414,1638000,0.0,0.0
2013-06-14 00:00:00-04:00,56.36631603915142,56.60892613390801,55.611530220257464,55.89008331298828,1045700,0.0,0.0
2013-06-17 00:00:00-04:00,56.4471745476764,56.54601605807165,55.71036037818194,55.88108444213867,1473300,0.0,0.0
2013-06-18 00:00:00-04:00,55.99789852645342,56.4471756349312,55.719345485220764,56.258480072021484,978600,0.0,0.0
2013-06-19 00:00:00-04:00,56.17761980381889,56.429213931357324,54.78486121139659,54.82080078125,1349400,0.0,0.0
2013-06-20 00:00:00-04:00,54.23673737849969,54.66804302546496,52.70919440317733,52.834991455078125,1990300,0.0,0.0
2013-06-21 00:00:00-04:00,53.24833911731405,53.45500967241042,52.08021893189555,52.906890869140625,1747300,0.0,0.0
2013-06-24 00:00:00-04:00,52.188037303853626,52.30484689918576,50.99295839570932,51.79267120361328,1409500,0.0,0.0
2013-06-25 00:00:00-04:00,52.59239084757233,53.463989760707555,52.21499962397556,52.50253677368164,1233100,0.0,0.0
2013-06-26 00:00:00-04:00,52.96079187025439,53.28427198294909,52.61934368704358,52.85296630859375,1090500,0.0,0.0
2013-06-27 00:00:00-04:00,53.28427097883936,54.820798057471485,52.85296531261171,54.659061431884766,1672200,0.0,0.0
2013-06-28 00:00:00-04:00,54.5332696738886,55.23414449292172,54.425444097004,54.748924255371094,2563800,0.0,0.0
2013-07-01 00:00:00-04:00,54.96457352903339,56.29443711854533,54.96457352903339,55.08138656616211,2147200,0.0,0.0
2013-07-02 00:00:00-04:00,54.8297951061514,55.647479550693006,54.173850743186236,54.31761932373047,1058400,0.0,0.0
2013-07-03 00:00:00-04:00,54.021093695686844,54.38051685423354,53.63471499994879,53.94921112060547,656900,0.0,0.0
2013-07-05 00:00:00-04:00,54.35355887218905,54.63210855120581,53.77848115883899,54.57819747924805,942400,0.0,0.0
2013-07-08 00:00:00-04:00,54.8837002328989,55.84515309372983,54.865728734936965,55.04543685913086,1224700,0.0,0.0
2013-07-09 00:00:00-04:00,55.674419404920535,55.87210243287413,55.18919929687756,55.40485382080078,1681500,0.0,0.0
2013-07-10 00:00:00-04:00,55.306022987186736,55.64747462112408,53.67065424297377,53.94021987915039,2095300,0.0,0.0
2013-07-11 00:00:00-04:00,55.03645479922684,55.935009163295845,54.73993021378188,55.11732482910156,2107600,0.0,0.0
2013-07-12 00:00:00-04:00,55.28804127539373,55.422825782442274,54.62311305749233,54.84775161743164,1456900,0.0,0.0
2013-07-15 00:00:00-04:00,54.90167241519952,54.99152991173941,54.26369961447483,54.63210678100586,1472000,0.0,0.0
2013-07-16 00:00:00-04:00,54.632107518566514,54.84776208546069,53.7964516418853,54.20978927612305,1070300,0.0,0.0
2013-07-17 00:00:00-04:00,54.560228287758875,55.270083711036776,54.119935091101,54.48834228515625,1500700,0.0,0.0
2013-07-18 00:00:00-04:00,54.70398791948723,55.59355477608721,54.641089391352395,55.4857292175293,985200,0.0,0.0
2013-07-19 00:00:00-04:00,55.48573260873848,55.55761860397913,54.955585390833924,55.49471664428711,767600,0.0,0.0
2013-07-22 00:00:00-04:00,55.39588297111565,55.87211573066294,55.22515543262648,55.611534118652344,768300,0.0,0.0
2013-07-23 00:00:00-04:00,55.64747809329267,56.82458567222324,55.56660805462243,55.988929748535156,1544200,0.0,0.0
2013-07-24 00:00:00-04:00,57.52545432794842,60.24808013888629,57.4625592167875,58.11850357055664,3195600,0.0,0.0
2013-07-25 00:00:00-04:00,57.839952837889356,58.280242602093246,57.30980214368649,58.01067352294922,1510100,0.0,0.0
2013-07-26 00:00:00-04:00,57.70517363887178,57.884881804648636,57.15705482119716,57.83995819091797,1559100,0.0,0.0
2013-07-29 00:00:00-04:00,57.56140019080278,58.28923401158576,57.56140019080278,58.154449462890625,772600,0.0,0.0
2013-07-30 00:00:00-04:00,58.54083128924745,60.00547276245409,58.3251801131361,59.79880905151367,1748300,0.0,0.0
2013-07-31 00:00:00-04:00,59.87067196796753,61.155604921808845,59.83472897245986,60.895023345947266,1804600,0.0,0.0
2013-08-01 00:00:00-04:00,61.380253467360305,62.260839861699594,61.254456390372766,61.91939163208008,1211900,0.0,0.0
2013-08-02 00:00:00-04:00,61.55098051826095,62.28779490134278,61.119671361015406,62.197940826416016,921900,0.0,0.0
2013-08-05 00:00:00-04:00,62.05415736893202,62.22488487858044,61.461115099531284,62.20691680908203,790600,0.0,0.0
2013-08-06 00:00:00-04:00,62.14402363321969,64.02199897934268,62.081118245996116,63.761417388916016,1960500,0.0,0.0
2013-08-07 00:00:00-04:00,63.45590650247718,63.47387457191125,62.26981511249747,62.611263275146484,1863400,0.0,0.0
2013-08-08 00:00:00-04:00,63.68951150593519,63.68951150593519,61.81153674623627,62.28776931762695,1434500,0.0,0.0
2013-08-09 00:00:00-04:00,62.2878048527622,62.89882225748054,62.12606474988301,62.52143096923828,875100,0.0,0.0
2013-08-12 00:00:00-04:00,62.10806929879523,62.72806704036581,61.93734180561116,62.000240325927734,457100,0.0,0.0
2013-08-13 00:00:00-04:00,62.29676485974493,62.6382129906885,61.84748775593386,62.000240325927734,867500,0.0,0.0
2013-08-14 00:00:00-04:00,62.036199720850114,62.21590786772417,58.810385697677674,58.855316162109375,2559100,0.0,0.0
2013-08-15 00:00:00-04:00,58.18139500962893,58.34313506920091,57.237913613934275,57.82197189331055,1825700,0.0,0.0
2013-08-16 00:00:00-04:00,58.20084448815083,58.91347193425044,57.61450819437481,58.128684997558594,1152400,0.25,0.0
2013-08-19 00:00:00-04:00,57.993368604336524,58.81423864014593,57.695687509983976,57.72275161743164,1194400,0.0,0.0
2013-08-20 00:00:00-04:00,57.80392666978806,58.53459205901672,57.63253330405309,58.245933532714844,695400,0.0,0.0
2013-08-21 00:00:00-04:00,58.0114008690766,58.06552907848045,56.9108914418362,56.9920768737793,1046800,0.0,0.0
2013-08-22 00:00:00-04:00,57.24466406830016,59.25625869295373,57.14543702641979,58.80522918701172,810100,0.0,0.0
2013-08-23 00:00:00-04:00,59.012695837872805,59.49980850482661,58.42635613419709,58.79620361328125,939400,0.0,0.0
2013-08-26 00:00:00-04:00,58.81423674107829,59.166039156803365,58.345169147499234,58.417335510253906,884100,0.0,0.0
2013-08-27 00:00:00-04:00,57.62352900817322,58.09260009397764,57.172499515024576,57.21760177612305,835400,0.0,0.0
2013-08-28 00:00:00-04:00,57.18150975521578,57.90315958561098,57.055222067221045,57.479190826416016,760900,0.0,0.0
2013-08-29 00:00:00-04:00,57.20856399585308,58.31809928112381,57.20856399585308,57.78588104248047,577800,0.0,0.0
2013-08-30 00:00:00-04:00,57.84903158359805,57.85805409910532,56.78460530619651,57.334861755371094,1088800,0.0,0.0
2013-09-03 00:00:00-04:00,58.66089384755633,59.24723355578451,57.470176279812165,57.794918060302734,1191700,0.0,0.0
2013-09-04 00:00:00-04:00,57.7047059634183,58.191818570200574,57.19955176663504,57.83099365234375,937000,0.0,0.0
2013-09-05 00:00:00-04:00,57.73176801627525,58.14671427303266,57.316821759517836,57.38898468017578,942700,0.0,0.0
2013-09-06 00:00:00-04:00,57.93922335806337,59.689212255027954,57.370922070282056,59.33740997314453,1496900,0.0,0.0
2013-09-09 00:00:00-04:00,59.70727744278515,59.959852819465624,58.67893090506445,59.50882339477539,1119800,0.0,0.0
2013-09-10 00:00:00-04:00,59.923776249572754,60.69052497969044,59.79748854730225,60.61835861206055,877500,0.0,0.0
2013-09-11 00:00:00-04:00,60.43793576328919,61.24979000818369,60.320670604311886,61.1054573059082,1065200,0.0,0.0
2013-09-12 00:00:00-04:00,61.21372955462361,61.312956603729724,60.753677498055694,60.89801025390625,945900,0.0,0.0
2013-09-13 00:00:00-04:00,60.85290369023233,61.0964634917592,60.320692145398326,60.79878234863281,634400,0.0,0.0
2013-09-16 00:00:00-04:00,61.845161129626796,62.63897743228761,61.52944186477934,62.27815246582031,770700,0.0,0.0
2013-09-17 00:00:00-04:00,62.44053962015498,63.802650954322615,61.98048749602792,63.477909088134766,983500,0.0,0.0
2013-09-18 00:00:00-04:00,62.810339276727035,64.65956220187822,62.810339276727035,64.32579803466797,963800,0.0,0.0
2013-09-19 00:00:00-04:00,64.42506109255524,64.71371973743341,64.10031925679668,64.48820495605469,1299400,0.0,0.0
2013-09-20 00:00:00-04:00,64.23560491728085,64.6956568222248,63.67632599593402,63.68534851074219,1343300,0.0,0.0
2013-09-23 00:00:00-04:00,63.5500452559805,64.1093242383922,63.162159662825935,63.766544342041016,843500,0.0,0.0
2013-09-24 00:00:00-04:00,63.84773610338783,64.46113651005449,63.3876840778468,63.604183197021484,1056300,0.0,0.0
2013-09-25 00:00:00-04:00,63.82067826666321,64.1003143719701,62.819392163072436,63.360626220703125,1200200,0.0,0.0
2013-09-26 00:00:00-04:00,63.667291515330646,63.9559499642771,62.96368697615868,63.82966232299805,857900,0.0,0.0
2013-09-27 00:00:00-04:00,63.30649431953269,63.63123607637432,63.03587389477689,63.459842681884766,1121700,0.0,0.0
2013-09-30 00:00:00-04:00,63.008811685940955,63.82066605816651,62.575827275529406,63.441802978515625,935100,0.0,0.0
2013-10-01 00:00:00-04:00,63.441794893621626,64.38895247204499,63.27040152517072,64.26266479492188,745000,0.0,0.0
2013-10-02 00:00:00-04:00,63.82968091646957,64.29874845183599,63.17117498184121,64.04617309570312,856700,0.0,0.0
2013-10-03 00:00:00-04:00,63.74850630744369,64.2807246830545,62.765265325110605,63.162166595458984,735200,0.0,0.0
2013-10-04 00:00:00-04:00,63.27040870679849,64.0642180362698,63.09901531889326,63.983036041259766,702000,0.0,0.0
2013-10-07 00:00:00-04:00,63.4417714265983,64.48815563315694,63.38764324059445,63.73945236206055,683900,0.0,0.0
2013-10-08 00:00:00-04:00,63.68535659043953,64.19051425135085,62.5577829720459,62.7562370300293,872200,0.0,0.0
2013-10-09 00:00:00-04:00,62.86447938101251,63.7033943323818,62.22401846491631,63.1080322265625,1010200,0.0,0.0
2013-10-10 00:00:00-04:00,63.937927094483335,64.86705346606465,63.79360126108138,64.44308471679688,1114300,0.0,0.0
2013-10-11 00:00:00-04:00,64.26266656960554,64.73174099658446,63.85674286509439,64.46112060546875,780400,0.0,0.0
2013-10-14 00:00:00-04:00,64.06424296942447,64.80393125676828,63.91991707251543,64.60548400878906,734400,0.0,0.0
2013-10-15 00:00:00-04:00,64.44308146489473,64.6505511303463,63.66731036328818,63.68534851074219,1087900,0.0,0.0
2013-10-16 00:00:00-04:00,64.19051635572377,64.64154581786742,64.05520614064798,64.58741760253906,1062100,0.0,0.0
2013-10-17 00:00:00-04:00,64.4430799950813,64.94823069822002,64.10931577641486,64.91214752197266,800800,0.0,0.0
2013-10-18 00:00:00-04:00,65.09259117304569,66.373513506565,65.09259117304569,66.03974914550781,942900,0.0,0.0
2013-10-21 00:00:00-04:00,65.9856253058368,65.9856253058368,65.34516416327722,65.8142318725586,462800,0.0,0.0
2013-10-22 00:00:00-04:00,66.16599154144306,66.66212648387547,65.81418926668567,65.89537811279297,869900,0.0,0.0
2013-10-23 00:00:00-04:00,65.3631815044832,65.64281753738858,64.8219475869852,64.90312957763672,671200,0.0,0.0
2013-10-24 00:00:00-04:00,65.002354213435,66.03070068359375,65.002354213435,66.03070068359375,1131800,0.0,0.0
2013-10-25 00:00:00-04:00,64.0461949406323,64.8851101637328,60.35677659185745,64.55134582519531,2964300,0.0,0.0
2013-10-28 00:00:00-04:00,64.4611062928553,65.09255143786834,63.432760046404184,63.55904769897461,1699800,0.0,0.0
2013-10-29 00:00:00-04:00,64.0642184021282,65.19179199812723,64.0642184021282,64.93921661376953,936200,0.0,0.0
2013-10-30 00:00:00-04:00,64.94823676164083,65.09256948010484,63.93792837888114,64.25365447998047,829700,0.0,0.0
2013-10-31 00:00:00-04:00,64.26264102426002,64.59640512300496,63.42372640387712,63.73945236206055,1357300,0.0,0.0
2013-11-01 00:00:00-04:00,63.74849301917217,64.61446863146261,63.7124098417231,64.21756744384766,841100,0.0,0.0
2013-11-04 00:00:00-05:00,64.53330839497363,65.45340564247807,64.37093748280641,65.32711791992188,712700,0.0,0.0
2013-11-05 00:00:00-05:00,65.1376593295301,65.5796661752175,64.67760745543644,65.04745483398438,747900,0.0,0.0
2013-11-06 00:00:00-05:00,65.39926734378423,65.73303159953117,64.9482379138271,65.20081329345703,530500,0.0,0.0
2013-11-07 00:00:00-05:00,65.2098386942721,65.6428231121771,64.2085527648923,64.38896179199219,846500,0.0,0.0
2013-11-08 00:00:00-05:00,64.26268249431747,65.94953533500541,64.25366685929859,65.9134521484375,787600,0.0,0.0
2013-11-11 00:00:00-05:00,65.85028665542495,66.50879255013042,65.66987766402826,66.25621032714844,635200,0.0,0.0
2013-11-12 00:00:00-05:00,66.07581591464631,66.07581591464631,65.16473447810073,65.69695281982422,849700,0.0,0.0
2013-11-13 00:00:00-05:00,65.42631478262267,66.22013082346301,65.03842927598339,66.14796447753906,703700,0.0,0.0
2013-11-14 00:00:00-05:00,63.12608228511433,66.78843906800749,63.12608228511433,66.69823455810547,500300,0.0,0.0
2013-11-15 00:00:00-05:00,67.004912057948,67.71753918154135,66.77939740676635,67.69950103759766,873500,0.0,0.0
2013-11-18 00:00:00-05:00,67.81714999600123,68.17012806884811,67.02068789152966,67.18360137939453,802600,0.25,0.0
2013-11-19 00:00:00-05:00,67.17459473005515,67.98916272740088,67.02977957267511,67.46421813964844,1074300,0.0,0.0
2013-11-20 00:00:00-05:00,67.59995926374482,67.8714772402903,66.8577990795905,67.21077728271484,519700,0.0,0.0
2013-11-21 00:00:00-05:00,67.1926799584711,67.82623578966763,67.10217395549029,67.25603485107422,960800,0.0,0.0
2013-11-22 00:00:00-05:00,67.35559654417199,68.35117643190468,67.22888675328778,68.31497955322266,1220800,0.0,0.0
2013-11-25 00:00:00-05:00,68.36022289149952,68.68605001135185,67.17457842519329,67.4189453125,746400,0.0,0.0
2013-11-26 00:00:00-05:00,67.44609993080935,68.00724820089906,66.52292764663899,67.19268035888672,735100,0.0,0.0
2013-11-27 00:00:00-05:00,67.27410733817234,67.7899988988841,66.85777440366479,67.18360137939453,460700,0.0,0.0
2013-11-29 00:00:00-05:00,67.34654386389991,68.1611047487785,66.9483091876197,67.545654296875,581000,0.0,0.0
2013-12-02 00:00:00-05:00,67.34653849141748,68.33306552692999,67.19267071184245,67.63616180419922,552400,0.0,0.0
2013-12-03 00:00:00-05:00,67.2650807433303,68.00724094123593,66.42336188063058,66.78539276123047,613200,0.0,0.0
2013-12-04 00:00:00-05:00,66.36002964535706,66.8578231392414,65.12912837426767,66.26952362060547,800100,0.0,0.0
2013-12-05 00:00:00-05:00,65.79885830917745,66.48671628683462,65.43683433635597,65.5182876586914,1046900,0.0,0.0
2013-12-06 00:00:00-05:00,66.45053154167067,66.98452879331288,65.67216734786449,66.90306854248047,532900,0.0,0.0
2013-12-09 00:00:00-05:00,66.98453594390024,67.2470082610088,66.13376408190476,66.4505386352539,712100,0.0,0.0
2013-12-10 00:00:00-05:00,66.26951186531093,66.83970593475176,65.98894116680025,66.15184783935547,592500,0.0,0.0
2013-12-11 00:00:00-05:00,66.36904643971701,66.46860508467164,65.31011202174145,65.41871643066406,714100,0.0,0.0
2013-12-12 00:00:00-05:00,65.4006406875155,66.00703853159357,64.8394923944662,64.90284729003906,810500,0.0,0.0
2013-12-13 00:00:00-05:00,65.4368375055397,65.94367661616829,64.9843006124313,65.0114517211914,727900,0.0,0.0
2013-12-16 00:00:00-05:00,66.2695195034134,67.31940175460548,65.69931846308641,66.90306854248047,1094900,0.0,0.0
2013-12-17 00:00:00-05:00,67.21982588423164,67.31033878539667,66.60437544419977,66.64057922363281,812800,0.0,0.0
2013-12-18 00:00:00-05:00,67.0388206837869,68.04345322304492,66.07039192762963,67.98915100097656,1154000,0.0,0.0
2013-12-19 00:00:00-05:00,67.5275317995147,68.04342339853737,67.00258753239338,67.15644836425781,719100,0.0,0.0
2013-12-20 00:00:00-05:00,67.6995195934176,70.0255588660957,67.51850069943278,69.96220397949219,2463800,0.0,0.0
2013-12-23 00:00:00-05:00,70.14321141414348,70.25182274348259,69.31959103660822,69.90789031982422,732300,0.0,0.0
2013-12-24 00:00:00-05:00,69.7992828275834,70.20656321066531,69.49155419389778,70.07080078125,221600,0.0,0.0
2013-12-26 00:00:00-05:00,70.0617625803679,70.42378655767462,69.42820680975164,70.3061294555664,326700,0.0,0.0
2013-12-27 00:00:00-05:00,70.38758971344795,70.51430640418705,69.97125657439658,70.08892059326172,340100,0.0,0.0
2013-12-30 00:00:00-05:00,70.07081953991998,71.01209722264795,69.83550529811238,70.83108520507812,655800,0.0,0.0
2013-12-31 00:00:00-05:00,70.84012215204905,71.63659150258606,70.73151771709581,71.0211410522461,624800,0.0,0.0
2014-01-02 00:00:00-05:00,70.46902618340947,70.55953215612845,69.16571807973422,69.98028564453125,950700,0.0,0.0
2014-01-03 00:00:00-05:00,69.88980653811593,70.65911795970251,69.48251914657074,70.44190216064453,905500,0.0,0.0
2014-01-06 00:00:00-05:00,70.70437441604057,71.26551580570417,70.07987122543739,70.44190216064453,823400,0.0,0.0
2014-01-07 00:00:00-05:00,70.48714026129873,70.78581625221264,70.13416205573307,70.4961929321289,809200,0.0,0.0
2014-01-08 00:00:00-05:00,70.50523851838149,70.63194827661316,68.53217769070612,69.03901672363281,1874900,0.0,0.0
2014-01-09 00:00:00-05:00,69.2019363301203,69.32864609947308,68.31496794465087,69.29244232177734,957600,0.0,0.0
2014-01-10 00:00:00-05:00,69.36485783011935,70.0346105313687,69.22909537448582,69.46441650390625,920800,0.0,0.0
2014-01-13 00:00:00-05:00,69.36487037485887,69.56398775844335,67.74478709634565,67.95295715332031,676700,0.0,0.0
2014-01-14 00:00:00-05:00,68.33307139379397,69.2290925157101,68.13395405444261,68.81275939941406,888100,0.0,0.0
2014-01-15 00:00:00-05:00,69.04805110419467,69.45533137560746,68.69507302759368,69.20191192626953,875600,0.0,0.0
2014-01-16 00:00:00-05:00,69.14764644956186,69.41916447296187,68.30592745720692,68.8761215209961,654500,0.0,0.0
2014-01-17 00:00:00-05:00,68.35119423379724,69.37393240465954,68.35119423379724,68.55936431884766,799700,0.0,0.0
2014-01-21 00:00:00-05:00,69.22005472837101,69.69069011686126,68.55934774483428,68.98473358154297,544400,0.0,0.0
2014-01-22 00:00:00-05:00,69.10239478089998,69.66354311640488,68.79467295202606,69.31961059570312,622600,0.0,0.0
2014-01-23 00:00:00-05:00,68.74940002888091,68.94851735525346,68.23350827653596,68.30591583251953,736900,0.0,0.0
2014-01-24 00:00:00-05:00,67.2107818003767,68.33307137022962,66.0432357788086,66.0432357788086,1097800,0.0,0.0
2014-01-27 00:00:00-05:00,66.03417161869174,67.12026412441031,65.75360100133395,66.67677307128906,903300,0.0,0.0
2014-01-28 00:00:00-05:00,66.65868546055927,68.05249991419564,66.65868546055927,67.6090087890625,774900,0.0,0.0
2014-01-29 00:00:00-05:00,66.81255088648749,67.59091494472457,65.9979830458713,66.3328628540039,843700,0.0,0.0
2014-01-30 00:00:00-05:00,66.84875638356664,68.22446562343285,66.84875638356664,68.0344009399414,641400,0.0,0.0
2014-01-31 00:00:00-05:00,66.71300276204428,68.06156106940746,66.3419260180114,67.50041961669922,751400,0.0,0.0
2014-02-03 00:00:00-05:00,67.40085045752512,67.75382870526703,65.71741255052589,65.75361633300781,1297000,0.0,0.0
2014-02-04 00:00:00-05:00,66.10660657969754,67.88055081230578,65.68122068978042,67.76289367675781,1252200,0.0,0.0
2014-02-05 00:00:00-05:00,67.66333130488478,67.97105313735904,66.91211825949219,67.4732666015625,839500,0.0,0.0
2014-02-06 00:00:00-05:00,67.60901091529132,70.21562791010962,67.53661025834151,69.48251342773438,1238400,0.0,0.0
2014-02-07 00:00:00-05:00,76.18005328737019,77.56481497291162,72.15247799902001,72.42399597167969,3926400,0.0,0.0
2014-02-10 00:00:00-05:00,72.55976855219458,72.55976855219458,71.58228714160339,71.80855560302734,979100,0.0,0.0
2014-02-11 00:00:00-05:00,71.56419470750964,72.1524941376059,71.01209906289873,71.95337677001953,1135700,0.0,0.0
2014-02-12 00:00:00-05:00,71.85380586920145,72.27013897374633,71.72709609412973,72.02577209472656,1034900,0.0,0.0
2014-02-13 00:00:00-05:00,71.40128759864196,72.107244216693,71.40128759864196,71.90812683105469,952800,0.0,0.0
2014-02-14 00:00:00-05:00,71.781404804018,72.15248839684322,71.30171676854381,71.98052215576172,953100,0.0,0.0
2014-02-18 00:00:00-05:00,72.28024497373329,72.45281184028225,71.78069289528835,72.13491821289062,1055500,0.28,0.0
2014-02-19 00:00:00-05:00,71.90785928427728,72.71622043564884,71.7171230841341,71.9441909790039,1000200,0.0,0.0
2014-02-20 00:00:00-05:00,72.05319041071924,72.20759492545221,71.30840794779016,71.68988037109375,1306500,0.0,0.0
2014-02-21 00:00:00-05:00,71.51727635659462,72.10765405559987,71.48094467501095,71.57177734375,1066000,0.0,0.0
2014-02-24 00:00:00-05:00,71.5263767709935,72.05317587570313,71.20848314903466,71.53546142578125,1517000,0.0,0.0
2014-02-25 00:00:00-05:00,71.74437926809965,72.33475725592955,71.03592845452901,71.1630859375,995000,0.0,0.0
2014-02-26 00:00:00-05:00,71.39012873055651,71.90784313742482,71.12672920010624,71.66261291503906,1337500,0.0,0.0
2014-02-27 00:00:00-05:00,71.63539443798668,71.91695645917778,71.2448373136425,71.65355682373047,1102000,0.0,0.0
2014-02-28 00:00:00-05:00,71.57181217834719,71.99869405321299,71.31749028348086,71.75346374511719,1429400,0.0,0.0
2014-03-03 00:00:00-05:00,70.84519371444999,71.90786995707157,70.54546238563984,71.44465637207031,1332500,0.0,0.0
2014-03-04 00:00:00-05:00,72.0622596628217,73.78797695091609,72.03501262572766,73.69715118408203,1520000,0.0,0.0
2014-03-05 00:00:00-05:00,73.54276983463255,74.82342948806453,73.16129733612635,74.48737335205078,1370200,0.0,0.0
2014-03-06 00:00:00-05:00,74.58727831084306,75.34113859390531,74.53277729395454,75.25031280517578,840500,0.0,0.0
2014-03-07 00:00:00-05:00,75.25940046625564,75.62271056523569,74.46920152069131,75.18673706054688,1024000,0.0,0.0
2014-03-10 00:00:00-04:00,75.03231544299585,75.47736657493039,74.57817965502447,75.41378784179688,588900,0.0,0.0
2014-03-11 00:00:00-04:00,75.58634236646442,75.84974188780672,75.12312204068589,75.55001068115234,912500,0.0,0.0
2014-03-12 00:00:00-04:00,75.22304183017349,75.94966176797101,74.46917485738177,75.913330078125,1258500,0.0,0.0
2014-03-13 00:00:00-04:00,75.82250453988824,75.91333029998805,71.91693448954443,72.17124938964844,2326300,0.0,0.0
2014-03-14 00:00:00-04:00,72.03501016033194,73.47916544294604,71.7625328691553,73.2884292602539,1581700,0.0,0.0
2014-03-17 00:00:00-04:00,74.05135710283123,74.96871304523825,73.89695264675521,74.1875991821289,1100900,0.0,0.0
2014-03-18 00:00:00-04:00,74.16944583201948,74.98688454817054,73.7334725111195,74.4328384399414,932600,0.0,0.0
2014-03-19 00:00:00-04:00,72.68895016897449,75.01412245196414,72.68895016897449,74.1875991821289,1213600,0.0,0.0
2014-03-20 00:00:00-04:00,73.52457107139084,74.0059607604978,71.97142772416242,73.50640869140625,1110700,0.0,0.0
2014-03-21 00:00:00-04:00,73.92421762318348,75.16855208616629,73.64265567262454,73.6517333984375,1517300,0.0,0.0
2014-03-24 00:00:00-04:00,73.96054641886494,74.22394597792167,72.76162835014269,72.92511749267578,1201500,0.0,0.0
2014-03-25 00:00:00-04:00,73.26116724039561,73.39740239333972,72.23481622448213,72.42555236816406,698300,0.0,0.0
2014-03-26 00:00:00-04:00,72.87969255813252,73.26117179879265,71.45370678892283,71.4627914428711,774500,0.0,0.0
2014-03-27 00:00:00-04:00,71.0086849925603,71.47190552077416,70.28206482789402,70.62721252441406,1267100,0.0,0.0
2014-03-28 00:00:00-04:00,70.94510317055791,71.31749096486321,70.04591612619815,70.45463562011719,887900,0.0,0.0
2014-03-31 00:00:00-04:00,71.099502201525,72.18034766041585,71.04500812109777,72.04410552978516,859500,0.0,0.0
2014-04-01 00:00:00-04:00,72.33473796986475,73.44283025136653,72.13491714145475,73.38833618164062,850500,0.0,0.0
2014-04-02 00:00:00-04:00,74.15129612720945,75.65903037563635,72.61631483831552,72.91604614257812,897600,0.0,0.0
2014-04-03 00:00:00-04:00,73.17034555124467,73.67898227365505,72.5890523795424,72.83428955078125,717700,0.0,0.0
2014-04-04 00:00:00-04:00,73.12493511887614,74.0422842782741,72.24391071883794,72.31657409667969,1068400,0.0,0.0
2014-04-07 00:00:00-04:00,72.23481793068488,72.53454913336199,70.30020248802052,70.81791687011719,1227900,0.0,0.0
2014-04-08 00:00:00-04:00,71.10856577490391,71.52636976994935,70.70892415809497,71.1448974609375,1126300,0.0,0.0
2014-04-09 00:00:00-04:00,71.1630756480877,72.38016314712765,70.58178240153677,72.37107849121094,1029900,0.0,0.0
2014-04-10 00:00:00-04:00,72.3529085468966,72.5618071042127,69.57359313964844,69.57359313964844,1077000,0.0,0.0
2014-04-11 00:00:00-04:00,68.33835397585263,69.35562067339337,67.53907745393218,67.65715026855469,1571500,0.0,0.0
2014-04-14 00:00:00-04:00,68.42918462830188,69.5645242213881,68.3837752023162,68.86515808105469,2035500,0.0,0.0
2014-04-15 00:00:00-04:00,69.11946454234015,69.800668214432,67.84788296852295,68.58358764648438,1664300,0.0,0.0
2014-04-16 00:00:00-04:00,68.98323194597708,70.53638263079233,68.6290065419492,70.52729797363281,1254700,0.0,0.0
2014-04-17 00:00:00-04:00,70.53637195493161,72.15309420647932,70.50004026135547,71.6172103881836,944000,0.0,0.0
2014-04-21 00:00:00-04:00,71.3265637691364,71.9805203943831,71.24482265576155,71.6172103881836,481600,0.0,0.0
2014-04-22 00:00:00-04:00,71.58087973594854,72.7343885026958,71.41739057725846,72.37107849121094,926000,0.0,0.0
2014-04-23 00:00:00-04:00,72.4255616707571,73.433743509399,72.27115719121474,72.55271911621094,971400,0.0,0.0
2014-04-24 00:00:00-04:00,74.03322745186136,74.17854731900573,72.03502557451263,72.34384155273438,997500,0.0,0.0
2014-04-25 00:00:00-04:00,72.57090163232273,73.99688775547645,71.63538300070473,71.87152862548828,2297100,0.0,0.0
2014-04-28 00:00:00-04:00,72.00777889127185,72.29842555657167,70.56363022200297,71.1630859375,1660200,0.0,0.0
2014-04-29 00:00:00-04:00,71.40830165643038,72.02592650026273,71.09040111524116,71.20848083496094,859800,0.0,0.0
2014-04-30 00:00:00-04:00,70.35472822289731,71.61722538846094,70.35472822289731,71.29933166503906,1177200,0.0,0.0
2014-05-01 00:00:00-04:00,71.12674639711672,71.49914107730966,70.42738031787458,71.08133697509766,960300,0.0,0.0
2014-05-02 00:00:00-04:00,71.29932299562374,71.87153162820722,70.8815188771332,71.37198638916016,461700,0.0,0.0
2014-05-05 00:00:00-04:00,70.7270894522325,72.85244099288275,70.29111617413083,72.42555236816406,1237000,0.0,0.0
2014-05-06 00:00:00-04:00,72.29839838329215,74.74165054270074,72.03499885911839,73.86062622070312,1872400,0.0,0.0
2014-05-07 00:00:00-04:00,74.02414766553845,74.53277762835667,73.17945466039332,74.46012115478516,1284000,0.0,0.0
2014-05-08 00:00:00-04:00,74.48734736134905,75.62268673186898,74.08770568546633,74.31477355957031,1128400,0.0,0.0
2014-05-09 00:00:00-04:00,74.28751610830355,75.25936619603284,74.07861064440932,75.20487213134766,759100,0.0,0.0
2014-05-12 00:00:00-04:00,75.56817823169303,76.21305702817413,75.45919009785692,76.16764068603516,979000,0.0,0.0
2014-05-13 00:00:00-04:00,76.0495730844034,76.24030926118559,75.51368931477228,75.6045150756836,581700,0.0,0.0
2014-05-14 00:00:00-04:00,75.43192808181617,75.9314730983188,74.86879742712422,75.45917510986328,994800,0.0,0.0
2014-05-15 00:00:00-04:00,75.03229893135632,75.15037171560334,73.14309280603997,73.63356018066406,2051200,0.0,0.0
2014-05-16 00:00:00-04:00,73.7702751196798,74.3809243383842,73.54242031088768,74.16218566894531,1456600,0.28,0.0
2014-05-19 00:00:00-04:00,74.08928590014503,74.69081910484488,73.93434626673822,74.25334167480469,1211700,0.0,0.0
2014-05-20 00:00:00-04:00,74.18953624718048,74.45384869227782,73.24165929173489,73.56977081298828,776400,0.0,0.0
2014-05-21 00:00:00-04:00,73.97079193591439,74.57232504349939,73.90698591102392,74.28978729248047,959300,0.0,0.0
2014-05-22 00:00:00-04:00,74.28067069729256,74.78195407852112,74.26244537141935,74.63612365722656,1032900,0.0,0.0
2014-05-23 00:00:00-04:00,74.57233505455396,75.32881482566326,74.2259981857274,75.19210052490234,1089900,0.0,0.0
2014-05-27 00:00:00-04:00,75.37436093926705,78.2726741150137,75.37436093926705,78.09039306640625,2310400,0.0,0.0
2014-05-28 00:00:00-04:00,78.39118532415219,78.81955355900422,78.03573231088737,78.34561157226562,2168000,0.0,0.0
2014-05-29 00:00:00-04:00,78.38204519786575,78.4185027975032,77.45240074462734,77.55265045166016,1641300,0.0,0.0
2014-05-30 00:00:00-04:00,77.46154605302881,78.02662868056753,77.27014878085748,77.96282958984375,1449600,0.0,0.0
2014-06-02 00:00:00-04:00,77.96280473996775,78.51877104774304,77.94457246066982,78.19977569580078,715200,0.0,0.0
2014-06-03 00:00:00-04:00,77.79873643267932,78.01747507389658,77.43416739493323,77.62556457519531,869500,0.0,0.0
2014-06-04 00:00:00-04:00,77.66203470185019,78.20888486989274,77.47063749071415,77.94457244873047,598400,0.0,0.0
2014-06-05 00:00:00-04:00,77.9992653492018,78.81954410977367,77.78051971066436,78.67371368408203,562300,0.0,0.0
2014-06-06 00:00:00-04:00,78.76484747258036,79.7218404368219,78.70104840520271,79.29347229003906,679900,0.0,0.0
2014-06-09 00:00:00-04:00,79.2661311601413,79.56690117343689,79.04739249300673,79.55778503417969,552400,0.0,0.0
2014-06-10 00:00:00-04:00,79.2388057074915,79.7400822106987,79.01095085505779,79.22057342529297,560700,0.0,0.0
2014-06-11 00:00:00-04:00,78.6372487889001,79.06561693269273,78.4823091911469,78.93801879882812,446900,0.0,0.0
2014-06-12 00:00:00-04:00,77.84433260435159,79.08385656419155,77.84433260435159,78.22712707519531,524100,0.0,0.0
2014-06-13 00:00:00-04:00,78.38205348671595,78.39116962598337,77.59823239556263,78.16331481933594,434600,0.0,0.0
2014-06-16 00:00:00-04:00,76.99670253269785,78.20888486989274,76.99670253269785,77.94457244873047,557100,0.0,0.0
2014-06-17 00:00:00-04:00,77.98103994852575,78.5825800772042,77.7076183065994,78.22712707519531,489500,0.0,0.0
2014-06-18 00:00:00-04:00,78.99270717644946,78.99270717644946,77.96280589532284,78.82865142822266,477100,0.0,0.0
2014-06-19 00:00:00-04:00,80.57860322982035,81.18925264033822,77.05140717848938,78.10865020751953,610300,0.0,0.0
2014-06-20 00:00:00-04:00,77.25191142093736,78.95626127357622,77.25191142093736,78.78309631347656,879800,0.0,0.0
2014-06-23 00:00:00-04:00,78.71017083001549,79.34816155474027,78.28180264902424,79.27525329589844,607300,0.0,0.0
2014-06-24 00:00:00-04:00,78.91068852846868,79.86767466820226,78.77397423605596,79.23880004882812,705800,0.0,0.0
2014-06-25 00:00:00-04:00,78.87424604589609,79.29349819040436,78.53701832041854,79.06564331054688,1191300,0.0,0.0
2014-06-26 00:00:00-04:00,78.9927012943971,79.34815423015745,78.33647835035437,79.28435516357422,641000,0.0,0.0
2014-06-27 00:00:00-04:00,79.2843603854355,80.2413534007905,79.2843603854355,80.12287139892578,708300,0.0,0.0
2014-06-30 00:00:00-04:00,79.8676634843403,80.18666577315939,79.16587374680724,79.89501190185547,1063400,0.0,0.0
2014-07-01 00:00:00-04:00,79.98618212406517,82.2100411106726,79.98618212406517,82.07333374023438,833100,0.0,0.0
2014-07-02 00:00:00-04:00,81.8181416154732,82.20094316580102,80.94317955708735,81.1528091430664,1167200,0.0,0.0
2014-07-03 00:00:00-04:00,81.590249838507,82.13710696234784,81.32594436984836,82.04595947265625,488300,0.0,0.0
2014-07-07 00:00:00-04:00,81.96394626342772,81.98217159170729,81.09810062179635,81.64495086669922,624100,0.0,0.0
2014-07-08 00:00:00-04:00,81.2894636529254,81.46262853623638,80.67880763206504,81.17097473144531,699200,0.0,0.0
2014-07-09 00:00:00-04:00,80.72442099417931,81.07075788440441,80.1228877686748,80.92493438720703,527100,0.0,0.0
2014-07-10 00:00:00-04:00,79.8312190516331,80.79732830949538,79.76741997405918,80.66061401367188,574700,0.0,0.0
2014-07-11 00:00:00-04:00,80.76087148272384,81.48089362436329,80.49655902919204,81.28038024902344,532600,0.0,0.0
2014-07-14 00:00:00-04:00,81.9365866338132,82.20089903354273,81.66315809517535,81.79075622558594,584600,0.0,0.0
2014-07-15 00:00:00-04:00,81.66316722025904,82.31027408352833,81.49911146945998,82.15533447265625,647000,0.0,0.0
2014-07-16 00:00:00-04:00,82.48348117611772,82.67487847480393,81.77257493711741,82.21005249023438,494100,0.0,0.0
2014-07-17 00:00:00-04:00,81.90926723505832,82.41965989418819,81.16190357551312,81.25304412841797,520500,0.0,0.0
2014-07-18 00:00:00-04:00,81.36239846944292,82.5381302098029,81.30771553617234,82.42876434326172,462300,0.0,0.0
2014-07-21 00:00:00-04:00,81.86371133377209,82.52905072686653,81.38066003981723,82.337646484375,411000,0.0,0.0
2014-07-22 00:00:00-04:00,82.54726038226094,83.13056828156324,82.31940551679665,83.03031158447266,540900,0.0,0.0
2014-07-23 00:00:00-04:00,83.0850040864162,83.63185438996567,82.79334317403904,83.4951400756836,550800,0.0,0.0
2014-07-24 00:00:00-04:00,83.62271630689798,84.3427383498553,82.76597998553008,84.28805541992188,883500,0.0,0.0
2014-07-25 00:00:00-04:00,85.94683033322022,86.58482096945934,82.5381176379528,83.50422668457031,1495000,0.0,0.0
2014-07-28 00:00:00-04:00,83.54983557771078,83.64097614973787,82.70221504605706,82.9391860961914,905400,0.0,0.0
2014-07-29 00:00:00-04:00,83.33108067256245,83.33108067256245,81.98217682567801,82.14623260498047,1006100,0.0,0.0
2014-07-30 00:00:00-04:00,82.75688722568121,82.75688722568121,81.49912395894756,81.94572448730469,1105000,0.0,0.0
2014-07-31 00:00:00-04:00,81.52644660183357,81.71785075754335,79.19321561936322,79.29347229003906,1200900,0.0,0.0
2014-08-01 00:00:00-04:00,79.12941556666878,80.33248864622155,79.10207410292979,79.28435516357422,1866100,0.0,0.0
2014-08-04 00:00:00-04:00,79.43019799468337,80.62415512181842,79.26614223302087,80.3871841430664,593800,0.0,0.0
2014-08-05 00:00:00-04:00,79.94971483373023,80.368966944031,78.87423961040963,79.1658935546875,647000,0.0,0.0
2014-08-06 00:00:00-04:00,78.90156532372815,80.01349793721631,78.83776625345804,79.59424591064453,574000,0.0,0.0
2014-08-07 00:00:00-04:00,80.02265106862737,80.17759074611003,78.99274237500416,79.2297134399414,1015200,0.0,0.0
2014-08-08 00:00:00-04:00,79.41196511145172,80.26870152181243,79.09296973107627,80.11376190185547,945200,0.0,0.0
2014-08-11 00:00:00-04:00,80.56033791086419,81.81809383143313,80.0955121985246,81.39884185791016,985700,0.0,0.0
2014-08-12 00:00:00-04:00,81.16190973547468,81.98218172745302,81.07987836412944,81.76344299316406,890700,0.0,0.0
2014-08-13 00:00:00-04:00,82.02773962381337,83.1214400373665,81.64494517442755,82.89358520507812,765800,0.0,0.0
2014-08-14 00:00:00-04:00,83.12143119202294,83.70473894432243,82.90269252330486,83.57714080810547,729700,0.0,0.0
2014-08-15 00:00:00-04:00,83.79592087823005,84.02377577994064,83.03032479262102,83.26729583740234,1486900,0.0,0.0
2014-08-18 00:00:00-04:00,83.65123285329152,84.04434821564392,83.43182173649942,83.46839141845703,933100,0.28,0.0
2014-08-19 00:00:00-04:00,83.55982275460784,84.12663545959714,83.24898390594362,83.54153442382812,638300,0.0,0.0
2014-08-20 00:00:00-04:00,83.7518350628999,84.29122241853264,83.40443339189696,84.01696014404297,463000,0.0,0.0
2014-08-21 00:00:00-04:00,84.09922208444338,84.88545302261366,84.02608967562598,84.61119079589844,625600,0.0,0.0
2014-08-22 00:00:00-04:00,84.373471842057,84.81229409365599,83.9895006281694,84.00778198242188,603500,0.0,0.0
2014-08-25 00:00:00-04:00,84.48318153014405,84.73001817666245,84.04435230027867,84.26376342773438,744600,0.0,0.0
2014-08-26 00:00:00-04:00,84.5562960026216,85.3333824361776,84.33688492166574,84.84884643554688,683600,0.0,0.0
2014-08-27 00:00:00-04:00,84.74830458591306,85.03171790802475,84.31862647004552,84.9128646850586,468200,0.0,0.0
2014-08-28 00:00:00-04:00,84.65689596657795,85.11400664347627,84.19978528967962,84.77574920654297,449600,0.0,0.0
2014-08-29 00:00:00-04:00,85.24198361060344,85.92764951764649,85.06828632378813,85.5436782836914,676500,0.0,0.0
2014-09-02 00:00:00-04:00,85.92766479799539,86.38477548397785,85.14143386010912,85.20542907714844,782500,0.0,0.0
2014-09-03 00:00:00-04:00,85.91851407894495,86.02821616233734,84.79401889949196,85.10485076904297,760800,0.0,0.0
2014-09-04 00:00:00-04:00,85.4614194335169,86.52191262920638,84.99516456711558,86.0373764038086,727500,0.0,0.0
2014-09-05 00:00:00-04:00,85.9185220658679,87.18014496684093,85.150572535961,87.05215454101562,852800,0.0,0.0
2014-09-08 00:00:00-04:00,86.96074199504207,87.51841760650021,86.61333339940573,87.30814361572266,721300,0.0,0.0
2014-09-09 00:00:00-04:00,86.85102815058362,87.3538526824902,86.22935735429702,86.72303771972656,732900,0.0,0.0
2014-09-10 00:00:00-04:00,86.93331123995893,87.72868638414849,86.59505377946401,87.48184967041016,640600,0.0,0.0
2014-09-11 00:00:00-04:00,87.18013855301885,87.78352094823957,87.13442470074936,87.5641098022461,794500,0.0,0.0
2014-09-12 00:00:00-04:00,87.63724747646702,87.63724747646702,86.54932198313193,86.86016082763672,871600,0.0,0.0
2014-09-15 00:00:00-04:00,86.8510320224324,86.90588307382917,85.91852927390889,86.58590698242188,837000,0.0,0.0
2014-09-16 00:00:00-04:00,86.48533555050977,87.89323722150091,86.19278500685935,87.37213134765625,850600,0.0,0.0
2014-09-17 00:00:00-04:00,87.45441095928967,87.54583169226369,86.55847103625263,87.1709976196289,1400500,0.0,0.0
2014-09-18 00:00:00-04:00,87.7743770018473,87.7743770018473,86.79616062318188,87.0795669555664,1329800,0.0,0.0
2014-09-19 00:00:00-04:00,87.55497102788532,87.80181468541231,86.403057209276,86.60418701171875,1320400,0.0,0.0
2014-09-22 00:00:00-04:00,86.5767446683743,86.777874447945,85.78137669001374,85.96421813964844,721500,0.0,0.0
2014-09-23 00:00:00-04:00,85.84535930991362,86.38474638972954,85.37910461425783,85.37910461425781,778400,0.0,0.0
2014-09-24 00:00:00-04:00,85.36083178112487,86.48531989616681,85.16884617550684,86.3116226196289,558400,0.0,0.0
2014-09-25 00:00:00-04:00,86.17450535148726,86.19278670928361,84.45576477050781,84.45576477050781,928700,0.0,0.0
2014-09-26 00:00:00-04:00,84.44662002084367,85.91851680262346,83.76095407808742,85.66252899169922,694000,0.0,0.0
2014-09-29 00:00:00-04:00,84.61119325358779,86.16536684165119,84.46491448179296,86.0373764038086,775200,0.0,0.0
2014-09-30 00:00:00-04:00,86.70474516457223,86.8875936104321,85.76309833699769,86.39391326904297,1131900,0.0,0.0
2014-10-01 00:00:00-04:00,86.64989713897573,86.84188278260511,84.49233422729999,84.6660385131836,1804400,0.0,0.0
2014-10-02 00:00:00-04:00,84.59288556773002,84.96771960348848,84.11749361806146,84.50146484375,1275300,0.0,0.0
2014-10-03 00:00:00-04:00,84.92201325463306,86.42133558018402,84.91286908894118,85.91851806640625,1060800,0.0,0.0
2014-10-06 00:00:00-04:00,86.52189953657388,86.84187558276109,85.79966390377722,86.4030532836914,881000,0.0,0.0
2014-10-07 00:00:00-04:00,85.89108048683832,85.93679433763795,84.6477390745953,84.6568832397461,1065200,0.0,0.0
2014-10-08 00:00:00-04:00,84.87631078553045,88.22236443218048,84.56547885986213,87.98466491699219,1699600,0.0,0.0
2014-10-09 00:00:00-04:00,88.08520824936353,88.12177793312266,86.16534518921013,86.54931640625,1790800,0.0,0.0
2014-10-10 00:00:00-04:00,86.54935456592654,87.15274415155613,84.09924047343955,84.15409851074219,2320300,0.0,0.0
2014-10-13 00:00:00-04:00,84.15409235336179,85.40657135165826,83.4684262243826,83.52327728271484,1092500,0.0,0.0
2014-10-14 00:00:00-04:00,83.77923968811778,85.0774322649959,83.57810988537089,84.254638671875,761300,0.0,0.0
2014-10-15 00:00:00-04:00,82.81015093263805,83.90721348942607,80.68001404367178,83.4043960571289,1872800,0.0,0.0
2014-10-16 00:00:00-04:00,81.98734333798343,83.14840099252007,81.402242429011,82.45359802246094,1428800,0.0,0.0
2014-10-17 00:00:00-04:00,83.31297941947166,84.45575597398795,82.85586879766515,83.66952514648438,1455600,0.0,0.0
2014-10-20 00:00:00-04:00,83.39527602645865,83.88895641236421,83.12100682041478,83.6421127319336,1007900,0.0,0.0
2014-10-21 00:00:00-04:00,84.7391626096954,86.28419164640442,84.39175410059019,86.08306884765625,1188900,0.0,0.0
2014-10-22 00:00:00-04:00,86.59503970085589,87.12528971077431,85.76309499822997,85.85452270507812,917400,0.0,0.0
2014-10-23 00:00:00-04:00,87.07041351372786,87.12527152137483,85.96420684636773,86.43960571289062,1245700,0.0,0.0
2014-10-24 00:00:00-04:00,86.94244016073182,88.71603163160377,86.36648327970597,88.6246109008789,1550600,0.0,0.0
2014-10-27 00:00:00-04:00,88.32291575561882,89.1548534683571,88.12178596409066,88.43262481689453,1405400,0.0,0.0
2014-10-28 00:00:00-04:00,88.9537614261473,89.83141329512077,88.53321336657528,89.49314880371094,922700,0.0,0.0
2014-10-29 00:00:00-04:00,89.41083762476586,89.59367907780005,88.65203234226075,89.22798919677734,783300,0.0,0.0
2014-10-30 00:00:00-04:00,88.89888865214779,90.1056606438075,88.26808061727385,89.68511962890625,733000,0.0,0.0
2014-10-31 00:00:00-04:00,90.99244763816621,91.05644285211277,90.10565183422469,90.71818542480469,818000,0.0,0.0
2014-11-03 00:00:00-05:00,90.89187977415966,91.07472821873463,90.2427834895672,90.62675476074219,889900,0.0,0.0
2014-11-04 00:00:00-05:00,90.55360296537897,90.83700927508363,90.16962480147977,90.63587951660156,919600,0.0,0.0
2014-11-05 00:00:00-05:00,91.3124240041749,91.3124240041749,89.97766169827675,90.84617614746094,1365600,0.0,0.0
2014-11-06 00:00:00-05:00,90.82789191941941,91.26672124698986,90.36163706667999,90.49877166748047,979900,0.0,0.0
2014-11-07 00:00:00-05:00,90.50789493934033,90.71816887535086,90.10563539651356,90.4621810913086,751000,0.0,0.0
2014-11-10 00:00:00-05:00,90.69075174653877,91.41298742308834,90.31592463399956,90.80046081542969,1345200,0.0,0.0
2014-11-11 00:00:00-05:00,91.09300021331696,91.28498582917246,90.39819014525351,90.79130554199219,1083800,0.0,0.0
2014-11-12 00:00:00-05:00,90.53532706688954,91.80609401544883,90.3341972807945,91.4952621459961,1120700,0.0,0.0
2014-11-13 00:00:00-05:00,91.65068123913767,92.43691208008325,91.58668602998883,92.24492645263672,1224200,0.0,0.0
2014-11-14 00:00:00-05:00,91.99807840813408,92.28149172791836,91.52268644503667,91.851806640625,723500,0.0,0.0
2014-11-17 00:00:00-05:00,91.76952673224568,92.1992118365261,91.36727412447742,91.9249496459961,820000,0.0,0.0
2014-11-18 00:00:00-05:00,92.24581451963867,93.73098411836315,91.95244708086568,93.36427307128906,1139400,0.28,0.0
2014-11-19 00:00:00-05:00,93.0067423492761,93.08008596595623,91.8974463761099,92.22748565673828,681000,0.0,0.0
2014-11-20 00:00:00-05:00,91.70492993151728,92.31916701926272,91.54907998288326,92.08997344970703,624500,0.0,0.0
2014-11-21 00:00:00-05:00,93.09840968363719,93.2359201987066,92.25497222276867,92.53917694091797,960400,0.0,0.0
2014-11-24 00:00:00-05:00,92.9792569305308,93.38263990024278,92.61254577574114,93.09844207763672,655800,0.0,0.0
2014-11-25 00:00:00-05:00,93.08008434813607,93.28177579328475,91.4940688829799,91.55824279785156,2335600,0.0,0.0
2014-11-26 00:00:00-05:00,91.49405764319596,92.62168586519091,91.42988373620788,91.83325958251953,1550400,0.0,0.0
2014-11-28 00:00:00-05:00,92.33750528974662,93.16260352891881,92.33750528974662,92.6033706665039,766700,0.0,0.0
2014-12-01 00:00:00-05:00,92.35584141384463,92.64004620425997,90.88900392653251,91.37489318847656,1659000,0.0,0.0
2014-12-02 00:00:00-05:00,91.62243653496208,92.520871537539,90.94401843733696,92.163330078125,1588500,0.0,0.0
2014-12-03 00:00:00-05:00,91.93410529270525,92.61251616578367,91.63156816214807,91.83325958251953,1093800,0.0,0.0
2014-12-04 00:00:00-05:00,91.48490894895349,91.97996791414168,90.54979523878704,90.733154296875,1329600,0.0,0.0
2014-12-05 00:00:00-05:00,90.65063098410947,91.28320742455723,90.24725508962624,90.384765625,1067700,0.0,0.0
2014-12-08 00:00:00-05:00,90.43060479651517,90.98983760735928,88.46870860564404,89.38548278808594,2038600,0.0,0.0
2014-12-09 00:00:00-05:00,88.3770295270055,89.38547969389646,87.38691176557874,88.05615997314453,1849100,0.0,0.0
2014-12-10 00:00:00-05:00,88.0561772268229,88.5512292101048,87.17606771459647,87.55194854736328,2113600,0.0,0.0
2014-12-11 00:00:00-05:00,88.32204106816828,89.00045915040148,87.99200872379467,88.16619110107422,1505500,0.0,0.0
2014-12-12 00:00:00-05:00,87.43277543678833,87.88199292607904,85.6817330076883,85.69090270996094,1037200,0.0,0.0
2014-12-15 00:00:00-05:00,86.58930489752012,87.10270311386398,85.0857960381198,85.98423767089844,1543900,0.0,0.0
2014-12-16 00:00:00-05:00,85.74588870014162,86.45180874191203,84.6365927717915,84.69159698486328,1153200,0.0,0.0
2014-12-17 00:00:00-05:00,86.02092220494745,88.62455749511719,85.3516739820901,88.62455749511719,1883100,0.0,0.0
2014-12-18 00:00:00-05:00,89.85303302830123,89.87136543306339,88.77123929211712,89.61466979980469,1210500,0.0,0.0
2014-12-19 00:00:00-05:00,90.10974262564342,90.10974262564342,88.2670244092871,88.95460510253906,1505700,0.0,0.0
2014-12-22 00:00:00-05:00,88.84459325176839,90.2380869922922,88.84459325176839,90.19224548339844,842200,0.0,0.0
2014-12-23 00:00:00-05:00,90.37558743866322,90.58644155307425,89.79801531129621,89.84385681152344,557000,0.0,0.0
2014-12-24 00:00:00-05:00,89.82553582840815,90.63229457618894,89.50465927488352,90.10973358154297,289100,0.0,0.0
2014-12-26 00:00:00-05:00,90.1280586414703,90.75146530308244,89.77051730556067,89.79801940917969,399400,0.0,0.0
2014-12-29 00:00:00-05:00,89.41299624219623,90.03640304515295,89.21130477735247,89.44049835205078,511000,0.0,0.0
2014-12-30 00:00:00-05:00,88.93627553880742,89.15629940924254,88.45038628581487,88.67041015625,690700,0.0,0.0
2014-12-31 00:00:00-05:00,89.10128102622335,89.37630907193912,87.78112402460644,87.83612823486328,560200,0.0,0.0
2015-01-02 00:00:00-05:00,88.50537418000408,88.86291552642494,87.05686939508135,87.90946960449219,930500,0.0,0.0
2015-01-05 00:00:00-05:00,87.13938188712915,87.76278856123321,85.83755733614944,86.1859359741211,928200,0.0,0.0
2015-01-06 00:00:00-05:00,86.55268141269718,86.87355107958071,84.71913246543802,85.27835845947266,960500,0.0,0.0
2015-01-07 00:00:00-05:00,86.16762462697646,86.60767942025235,85.59922897060243,86.5801773071289,699600,0.0,0.0
2015-01-08 00:00:00-05:00,87.02022390051307,87.9736701107084,87.02022390051307,87.4236068725586,1187500,0.0,0.0
2015-01-09 00:00:00-05:00,87.34107671597965,87.4510921401915,85.83756755724526,86.01175689697266,774300,0.0,0.0
2015-01-12 00:00:00-05:00,86.30512502523099,86.64433400664673,85.06748121974672,85.26917266845703,908800,0.0,0.0
2015-01-13 00:00:00-05:00,85.93842631196627,87.6986383941019,85.78257634985823,86.62600708007812,1324900,0.0,0.0
2015-01-14 00:00:00-05:00,85.77339588392829,86.08510276346078,84.86579134235947,85.93841552734375,1272800,0.0,0.0
2015-01-15 00:00:00-05:00,86.10344164408033,86.51599428085119,84.93914134620614,84.95747375488281,1461100,0.0,0.0
2015-01-16 00:00:00-05:00,84.68243430753476,86.3417933504583,84.34322533980308,86.29595184326172,1187300,0.0,0.0
2015-01-20 00:00:00-05:00,86.84603317096722,87.34108514159672,85.30585205558407,86.34180450439453,1018400,0.0,0.0
2015-01-21 00:00:00-05:00,85.8833827806848,86.18591985884952,84.59989786876217,85.00328063964844,1034300,0.0,0.0
2015-01-22 00:00:00-05:00,85.48915544155484,86.62595297638583,84.29734672341844,86.50677490234375,1601500,0.0,0.0
2015-01-23 00:00:00-05:00,85.99342179813824,86.53431521277481,85.6267107233441,85.97508239746094,1036400,0.0,0.0
2015-01-26 00:00:00-05:00,85.68172937417852,86.46098616790353,84.55410084763484,86.38764953613281,711700,0.0,0.0
2015-01-27 00:00:00-05:00,85.38834064400451,86.47013438115991,84.98495779456071,85.77338409423828,961600,0.0,0.0
2015-01-28 00:00:00-05:00,86.39679729933063,86.55265422666322,82.98639620952,83.07807922363281,1558300,0.0,0.0
2015-01-29 00:00:00-05:00,82.97723190575223,84.88411685946153,82.81221227573171,84.66409301757812,1193000,0.0,0.0
2015-01-30 00:00:00-05:00,83.81147969360177,85.22331253154742,83.60978828897657,83.72897338867188,1254400,0.0,0.0
2015-02-02 00:00:00-05:00,83.18810176032481,83.18810176032481,78.38420617097752,81.88628387451172,5025100,0.0,0.0
2015-02-03 00:00:00-05:00,82.70219655464027,85.06747557812652,82.41799880181387,84.97579956054688,1903700,0.0,0.0
2015-02-04 00:00:00-05:00,84.72828921785181,85.28752216700697,84.01320629779995,84.54493713378906,1358500,0.0,0.0
2015-02-05 00:00:00-05:00,84.78327715376294,85.59003589427819,84.3615548862597,85.50752258300781,957400,0.0,0.0
2015-02-06 00:00:00-05:00,88.01030388475786,90.5130999790301,88.01030388475786,89.88052368164062,2490800,0.0,0.0
2015-02-09 00:00:00-05:00,89.63303417047993,90.75150010949933,89.33050392020849,89.74304962158203,1023100,0.0,0.0
2015-02-10 00:00:00-05:00,90.10973947024105,90.76981803175794,89.11045192726904,90.62313079833984,924800,0.0,0.0
2015-02-11 00:00:00-05:00,90.18307358756743,90.69646486158844,89.00043412182772,89.2021255493164,1117500,0.0,0.0
2015-02-12 00:00:00-05:00,89.64217143509747,90.34809141729649,89.62383903043124,90.03638458251953,1327100,0.0,0.0
2015-02-13 00:00:00-05:00,89.92637000280362,90.24724654009663,89.36714422492003,90.0455551147461,917100,0.0,0.0
2015-02-17 00:00:00-05:00,89.81637534121514,90.3297666884247,89.65135569469312,89.91722106933594,1036700,0.0,0.0
2015-02-18 00:00:00-05:00,89.86201360356958,90.89237500544252,89.56762563428629,90.36799621582031,988600,0.34,0.0
2015-02-19 00:00:00-05:00,89.91719841462921,90.28518508697127,89.25482380816591,89.32842254638672,780700,0.0,0.0
2015-02-20 00:00:00-05:00,89.13524355006562,89.60442679818537,88.39927010277043,89.365234375,1235700,0.0,0.0
2015-02-23 00:00:00-05:00,89.11685852387951,89.44804591472887,88.72127397474077,89.02485656738281,753200,0.0,0.0
2015-02-24 00:00:00-05:00,89.06163440749779,89.48481663373731,88.76724646668934,89.40202331542969,1378200,0.0,0.0
2015-02-25 00:00:00-05:00,89.65041328620114,90.03680317417381,89.2272310458143,89.7516098022461,738800,0.0,0.0
2015-02-26 00:00:00-05:00,89.52162324185934,89.65041753770393,88.67525872094842,89.1168441772461,780500,0.0,0.0
2015-02-27 00:00:00-05:00,89.23645471630995,89.79763298272808,88.8040707714864,89.18125915527344,1137800,0.0,0.0
2015-03-02 00:00:00-05:00,89.06165594622873,89.21805506101481,88.73046855537937,89.02485656738281,1182000,0.0,0.0
2015-03-03 00:00:00-05:00,88.47288739359045,88.77647703063391,87.22173648222753,88.4452896118164,1134100,0.0,0.0
2015-03-04 00:00:00-05:00,87.90249243615891,88.32567469416045,87.41490601184582,87.46090698242188,1415300,0.0,0.0
2015-03-05 00:00:00-05:00,87.43331023490745,88.61086210035869,87.39651086176676,88.42687225341797,1091900,0.0,0.0
2015-03-06 00:00:00-05:00,88.15087002857565,88.54645446955374,86.79852305549328,86.99171447753906,851600,0.0,0.0
2015-03-09 00:00:00-04:00,86.88135648212253,88.87767562240064,86.70656116851025,88.71208190917969,1121800,0.0,0.0
2015-03-10 00:00:00-04:00,87.88408619646694,88.53725924720008,87.4425077767871,87.5988998413086,1444300,0.0,0.0
2015-03-11 00:00:00-04:00,87.67248827827643,88.69364790454709,87.36889876370697,88.31645965576172,892600,0.0,0.0
2015-03-12 00:00:00-04:00,88.55567741656392,90.46000134300444,88.4912802603563,90.43240356445312,1073700,0.0,0.0
2015-03-13 00:00:00-04:00,90.4232030228507,90.77278658652844,88.99725695173825,89.34684753417969,1258300,0.0,0.0
2015-03-16 00:00:00-04:00,89.64122220277575,90.3311946470243,89.3928281923392,89.90801239013672,1191100,0.0,0.0
2015-03-17 00:00:00-04:00,90.22999882944715,92.73230003640359,90.22999882944715,92.631103515625,1676900,0.0,0.0
2015-03-18 00:00:00-04:00,92.54831403680792,94.84822247220953,91.92273866162814,94.63663482666016,1873200,0.0,0.0
2015-03-19 00:00:00-04:00,94.56302658027093,95.11500314560885,93.79025377378757,94.26863861083984,1218800,0.0,0.0
2015-03-20 00:00:00-04:00,94.29622989664462,96.07175918910754,94.29622989664462,95.91536712646484,2008400,0.0,0.0
2015-03-23 00:00:00-04:00,95.72217502119314,96.20975440057708,95.22539404443525,95.23458862304688,956900,0.0,0.0
2015-03-24 00:00:00-04:00,94.93103819353391,95.63940701805579,94.84823782669828,95.02303314208984,840400,0.0,0.0
2015-03-25 00:00:00-04:00,94.9125962789514,94.92179787568318,93.56024932861328,93.56024932861328,931000,0.0,0.0
2015-03-26 00:00:00-04:00,93.56025938988623,94.20423787388883,93.06348541313679,93.9190444946289,1077100,0.0,0.0
2015-03-27 00:00:00-04:00,93.65227077888358,94.58142869837098,93.56026882991286,94.28704071044922,857800,0.0,0.0
2015-03-30 00:00:00-04:00,95.08739371425877,96.00735688330634,94.59981435766545,95.78656768798828,777300,0.0,0.0
2015-03-31 00:00:00-04:00,95.38179700457982,96.06256789402941,94.6918245167049,95.49219512939453,1363700,0.0,0.0
2015-04-01 00:00:00-04:00,94.67342855728825,96.27416276760168,94.24104467421918,96.07176971435547,967200,0.0,0.0
2015-04-02 00:00:00-04:00,95.81416910236702,97.24930945463328,95.60257447718718,96.32014465332031,793500,0.0,0.0
2015-04-06 00:00:00-04:00,95.37259191538706,97.03773023127111,95.14260109451341,96.51335144042969,604100,0.0,0.0
2015-04-07 00:00:00-04:00,96.73414136790362,97.03773093817152,96.20976257324219,96.20976257324219,454600,0.0,0.0
2015-04-08 00:00:00-04:00,96.5317559267162,97.3689189369976,96.1637691778917,96.89054107666016,586700,0.0,0.0
2015-04-09 00:00:00-04:00,96.65133337953542,97.61729756536528,96.12695462633809,97.37810516357422,487400,0.0,0.0
2015-04-10 00:00:00-04:00,97.31369413836717,97.50688554422403,96.32013232073646,97.2677001953125,472000,0.0,0.0
2015-04-13 00:00:00-04:00,97.23093800406974,97.67251652378302,96.88134740563571,96.9825439453125,586000,0.0,0.0
2015-04-14 00:00:00-04:00,96.973333082177,97.0469248105968,95.80497578163161,96.51335144042969,468000,0.0,0.0
2015-04-15 00:00:00-04:00,96.43975748902204,97.65410880287196,96.24656603213265,97.23092651367188,1018000,0.0,0.0
2015-04-16 00:00:00-04:00,97.20333196170294,97.48851835722557,96.54095721967049,96.79854583740234,622700,0.0,0.0
2015-04-17 00:00:00-04:00,95.93376082542262,96.33854687711607,95.11499414359699,96.04415893554688,756700,0.0,0.0
2015-04-20 00:00:00-04:00,96.43975223998883,97.52530919016101,96.23735919556918,97.39651489257812,635800,0.0,0.0
2015-04-21 00:00:00-04:00,97.57131701878941,98.23369179699294,97.23093504909758,97.50691986083984,518500,0.0,0.0
2015-04-22 00:00:00-04:00,97.4701155594556,98.84086602463846,97.19413076165198,98.64767456054688,687600,0.0,0.0
2015-04-23 00:00:00-04:00,98.23367160274148,99.3468262577568,97.81969096084968,99.13523864746094,513600,0.0,0.0
2015-04-24 00:00:00-04:00,99.01565747264893,99.2824476988997,98.52807799730786,98.89606475830078,426000,0.0,0.0
2015-04-27 00:00:00-04:00,98.93286774620148,99.51244217824772,98.23369357667937,98.74887084960938,608900,0.0,0.0
2015-04-28 00:00:00-04:00,98.56487797952627,99.23645434886267,97.49772408674475,99.0800552368164,885100,0.0,0.0
2015-04-29 00:00:00-04:00,98.73967601975903,99.28245107111759,98.25209652785689,98.85006713867188,815500,0.0,0.0
2015-04-30 00:00:00-04:00,98.71205795372406,99.20883192426768,98.03128010610322,98.91444396972656,1473100,0.0,0.0
2015-05-01 00:00:00-04:00,101.19597055261522,101.2051721515556,98.33488391458111,98.63847351074219,1429800,0.0,0.0
2015-05-04 00:00:00-04:00,99.09845417600918,100.01841753520903,98.5556721443243,99.72402954101562,1215200,0.0,0.0
2015-05-05 00:00:00-04:00,99.65963598740083,100.06441510731462,99.2732530470798,99.57683563232422,1020600,0.0,0.0
2015-05-06 00:00:00-04:00,99.68721201737021,100.52437487208826,97.8288824395687,98.09567260742188,1077100,0.0,0.0
2015-05-07 00:00:00-04:00,97.93927655193359,98.53725400590407,97.47929497484273,98.44525909423828,1002300,0.0,0.0
2015-05-08 00:00:00-04:00,99.32844396693326,99.80682182040977,98.8684622921906,99.24564361572266,961500,0.0,0.0
2015-05-11 00:00:00-04:00,99.03408007961615,99.42966469692615,98.09571330424583,98.16011047363281,900400,0.0,0.0
2015-05-12 00:00:00-04:00,97.47930900882373,98.21528244563108,96.51335176912232,97.96688842773438,1213700,0.0,0.0
2015-05-13 00:00:00-04:00,98.13246916829124,99.10763489636915,98.13246916829124,98.62004852294922,1250500,0.0,0.0
2015-05-14 00:00:00-04:00,99.08004270222126,100.19320445038315,98.60166488365186,100.0276107788086,913100,0.0,0.0
2015-05-15 00:00:00-04:00,100.32200794593506,101.24197131263318,100.03681452949948,101.17757415771484,1199000,0.0,0.0
2015-05-18 00:00:00-04:00,101.04837140827684,101.71280018237749,100.89149434787214,101.00222778320312,675400,0.34,0.0
2015-05-19 00:00:00-04:00,101.21446971058138,101.98040876013705,101.16832608956118,101.60205078125,718700,0.0,0.0
2015-05-20 00:00:00-04:00,101.25139695286599,101.88814239869167,101.00223263035636,101.75894165039062,829500,0.0,0.0
2015-05-21 00:00:00-04:00,101.4543925172253,101.73123309079212,100.43928929256514,101.40824890136719,746300,0.0,0.0
2015-05-22 00:00:00-04:00,101.43596788360186,101.75895218647358,101.00224308808994,101.6113052368164,800800,0.0,0.0
2015-05-26 00:00:00-04:00,101.57436532137578,101.57436532137578,99.98712054233245,100.19937133789062,1069900,0.0,0.0
2015-05-27 00:00:00-04:00,100.53158302968902,101.0575878980838,99.89483770038512,100.78997039794922,673600,0.0,0.0
2015-05-28 00:00:00-04:00,100.2086032812747,100.83611855073354,99.83025231732977,100.43008422851562,530100,0.0,0.0
2015-05-29 00:00:00-04:00,100.6054131145817,100.95608775591448,99.27656265222473,99.75642395019531,1297600,0.0,0.0
2015-06-01 00:00:00-04:00,99.99636324201626,100.67001512024578,99.63646548996951,100.12555694580078,865200,0.0,0.0
2015-06-02 00:00:00-04:00,99.97789946677976,100.38394083044064,99.21196740423115,100.0425033569336,514500,0.0,0.0
2015-06-03 00:00:00-04:00,100.41160873218521,101.27905804264914,99.92251736880534,100.76228332519531,744400,0.0,0.0
2015-06-04 00:00:00-04:00,100.36548245487504,100.7438334002572,99.20273218075732,99.34115600585938,622400,0.0,0.0
2015-06-05 00:00:00-04:00,99.53497478243993,99.98715283489462,98.70443863673628,98.87977600097656,725900,0.0,0.0
2015-06-08 00:00:00-04:00,98.7136512573522,99.20274272289673,97.40325392692553,97.42170715332031,1190800,0.0,0.0
2015-06-09 00:00:00-04:00,97.49552154446025,98.23377019386878,96.77572611906251,97.8277359008789,936300,0.0,0.0
2015-06-10 00:00:00-04:00,98.14150714237869,99.37808458302749,97.92003321290774,99.23043060302734,1133200,0.0,0.0
2015-06-11 00:00:00-04:00,99.49805041965172,100.37472306407997,99.11046927414844,100.35626983642578,882700,0.0,0.0
2015-06-12 00:00:00-04:00,100.21783322639814,100.54081747319185,99.55340446697764,100.31934356689453,1366100,0.0,0.0
2015-06-15 00:00:00-04:00,99.59954299146057,99.63645648070822,98.80592057395666,99.61799621582031,815400,0.0,0.0
2015-06-16 00:00:00-04:00,99.33192813754732,100.00558701345093,99.20273444198143,99.69182586669922,638200,0.0,0.0
2015-06-17 00:00:00-04:00,100.03325881341046,100.44852320967533,99.5810809311733,100.05171203613281,632400,0.0,0.0
2015-06-18 00:00:00-04:00,100.4392956262285,101.77738312469288,99.93175102242014,101.509765625,1698800,0.0,0.0
2015-06-19 00:00:00-04:00,101.23291780009649,102.01731707448641,100.67922957857775,101.56513214111328,2973300,0.0,0.0
2015-06-22 00:00:00-04:00,102.27570962449671,102.48795338391231,101.47285708626816,102.2664794921875,703400,0.0,0.0
2015-06-23 00:00:00-04:00,102.20188904968326,102.48795980443785,101.47286344320133,102.03578186035156,552100,0.0,0.0
2015-06-24 00:00:00-04:00,101.69433470876722,102.43259042897114,101.42672422673483,101.46363067626953,520500,0.0,0.0
2015-06-25 00:00:00-04:00,101.54668157837196,101.79583882039834,100.7992028117649,100.80842590332031,470900,0.0,0.0
2015-06-26 00:00:00-04:00,101.16833016152249,102.06346293732956,100.83611579028424,102.01732635498047,735700,0.0,0.0
2015-06-29 00:00:00-04:00,101.08528550592882,101.41749989496977,98.70441806464497,98.89820861816406,803700,0.0,0.0
2015-06-30 00:00:00-04:00,99.66414127298243,100.0701826200266,98.8705188440479,99.62722778320312,1060000,0.0,0.0
2015-07-01 00:00:00-04:00,100.32857862413137,100.91918043026446,99.80257367052756,100.5777359008789,654500,0.0,0.0
2015-07-02 00:00:00-04:00,100.85457862759755,100.8730318529021,99.7748854138035,100.31934356689453,566000,0.0,0.0
2015-07-06 00:00:00-04:00,99.53494101175356,100.76228806395493,99.52571087978566,100.07939910888672,1024200,0.0,0.0
2015-07-07 00:00:00-04:00,100.36549083355412,101.20524990569547,99.11046025143906,101.01145935058594,787300,0.0,0.0
2015-07-08 00:00:00-04:00,100.0148229215653,100.68848188379192,99.37808449483524,99.72875213623047,871600,0.0,0.0
2015-07-09 00:00:00-04:00,100.89150358655169,101.5097887921953,99.6087895459654,100.01482391357422,929800,0.0,0.0
2015-07-10 00:00:00-04:00,100.99299110202351,102.24802149745427,100.31933228544304,101.95272064208984,797400,0.0,0.0
2015-07-13 00:00:00-04:00,102.87554914268323,103.07856278488129,102.17420688613531,102.59870147705078,633100,0.0,0.0
2015-07-14 00:00:00-04:00,102.72792010261716,103.7983904929028,102.37725240952203,103.44771575927734,483000,0.0,0.0
2015-07-15 00:00:00-04:00,103.40154761406185,103.72453184343277,102.92167929568663,103.6599349975586,756200,0.0,0.0
2015-07-16 00:00:00-04:00,104.2690050543261,104.58276623720612,104.00138749968788,104.04753112792969,853000,0.0,0.0
2015-07-17 00:00:00-04:00,104.01983107773934,104.25053510087466,103.42922934175516,104.03828430175781,536200,0.0,0.0
2015-07-20 00:00:00-04:00,104.15826024580298,104.77654536981332,103.70607526806849,104.18594360351562,641400,0.0,0.0
2015-07-21 00:00:00-04:00,104.37048204593782,105.0810542667904,103.39229939650781,103.6414566040039,880500,0.0,0.0
2015-07-22 00:00:00-04:00,103.2631289193405,104.15826171415301,103.10625186307172,103.69685363769531,726700,0.0,0.0
2015-07-23 00:00:00-04:00,103.7799025043083,104.03828989763318,102.64484259212709,103.1339340209961,869100,0.0,0.0
2015-07-24 00:00:00-04:00,102.68174125181369,104.68425747920995,102.4510372337728,103.18929290771484,994400,0.0,0.0
2015-07-27 00:00:00-04:00,102.94936664492432,103.2815810195976,101.35289866046575,101.8050765991211,1394200,0.0,0.0
2015-07-28 00:00:00-04:00,102.48797028426904,102.48797028426904,100.9191854783548,101.27908325195312,653900,0.0,0.0
2015-07-29 00:00:00-04:00,101.44518789778567,101.97119286442444,100.93763615781447,101.81431579589844,669100,0.0,0.0
2015-07-30 00:00:00-04:00,101.70354460930909,103.13391214245996,101.26059689772596,102.92166137695312,643500,0.0,0.0
2015-07-31 00:00:00-04:00,103.15239378556663,103.29081762377446,101.80508297743675,101.9065933227539,729400,0.0,0.0
2015-08-03 00:00:00-04:00,102.11883029696635,102.11883029696635,100.90070631836754,102.08191680908203,837800,0.0,0.0
2015-08-04 00:00:00-04:00,101.87888469367299,103.13391497854896,101.87888469367299,102.60791015625,544700,0.0,0.0
2015-08-05 00:00:00-04:00,103.17083740234376,103.89063279622769,102.74633582287237,103.17083740234375,732500,0.0,0.0
2015-08-06 00:00:00-04:00,103.23544298187704,103.23544298187704,101.63896797938911,101.79584503173828,573000,0.0,0.0
2015-08-07 00:00:00-04:00,101.79584256301675,101.8235259197566,100.8453430987981,101.33443450927734,509100,0.0,0.0
2015-08-10 00:00:00-04:00,102.11885628661095,103.1154925510237,102.0081157947741,103.05089569091797,630000,0.0,0.0
2015-08-11 00:00:00-04:00,102.27571230736056,102.83863070401216,101.70356377815762,102.00809478759766,510200,0.0,0.0
2015-08-12 00:00:00-04:00,101.1498947514955,101.5559361746395,99.67339008623945,100.9837875366211,881400,0.0,0.0
2015-08-13 00:00:00-04:00,101.19601155394307,102.07268398637109,100.80842346163838,101.67587280273438,711500,0.0,0.0
2015-08-14 00:00:00-04:00,101.56516617344035,102.8940239827795,101.56516617344035,102.25727844238281,804200,0.0,0.0
2015-08-17 00:00:00-04:00,101.61129335826362,102.75558348632363,101.07605826720064,102.69098663330078,475500,0.0,0.0
2015-08-18 00:00:00-04:00,102.71874603545317,103.38521104150043,102.52436158570693,102.7280044555664,397200,0.34,0.0
2015-08-19 00:00:00-04:00,102.52435004803195,103.19081497907794,101.67275204608175,102.3762435913086,619300,0.0,0.0
2015-08-20 00:00:00-04:00,101.3858102856432,101.61722134064088,99.54378026525113,99.57154846191406,788900,0.0,0.0
2015-08-21 00:00:00-04:00,99.04394643271134,99.56230501398056,95.87824441920675,95.92452239990234,1258600,0.0,0.0
2015-08-24 00:00:00-04:00,91.01860337041143,95.34136044520626,88.8618505120369,92.07383728027344,1831400,0.0,0.0
2015-08-25 00:00:00-04:00,94.60084737376562,97.10009129337976,91.47217209155133,91.583251953125,1809600,0.0,0.0
2015-08-26 00:00:00-04:00,93.34195126083516,95.12844472534775,91.49066298930313,94.89703369140625,1256800,0.0,0.0
2015-08-27 00:00:00-04:00,95.85046269340222,97.06305437295704,95.11920290537827,96.79461669921875,1264100,0.0,0.0
2015-08-28 00:00:00-04:00,96.79462223460061,96.94272870945218,95.75789809695591,96.62800598144531,871400,0.0,0.0
2015-08-31 00:00:00-04:00,96.10965054438874,96.61875067837852,94.65638925802304,94.70266723632812,841000,0.0,0.0
2015-09-01 00:00:00-04:00,92.48111462552173,93.54559979678747,91.09264833732668,91.6295166015625,1264200,0.0,0.0
2015-09-02 00:00:00-04:00,92.51815815037854,93.6567039090263,91.1204401428233,93.08280181884766,1084400,0.0,0.0
2015-09-03 00:00:00-04:00,93.34195446969045,94.73042072107135,93.12906026592393,93.43452453613281,1020900,0.0,0.0
2015-09-04 00:00:00-04:00,92.18490663409139,93.54560479922387,91.222242837449,91.82390594482422,923300,0.0,0.0
2015-09-08 00:00:00-04:00,93.58262862131657,94.03619230877915,92.57367981788485,93.86958312988281,1139400,0.0,0.0
2015-09-09 00:00:00-04:00,94.90630758049055,95.31359332649116,92.4996338476165,92.72178649902344,679900,0.0,0.0
2015-09-10 00:00:00-04:00,92.43481548101734,93.94361274151562,92.43481548101734,93.32343292236328,1076800,0.0,0.0
2015-09-11 00:00:00-04:00,92.869891975405,94.25835839044287,92.56442766919137,94.00843048095703,693200,0.0,0.0
2015-09-14 00:00:00-04:00,94.01769347594215,94.39721103766345,93.21238037367634,93.41602325439453,828500,0.0,0.0
2015-09-15 00:00:00-04:00,93.7029883635946,95.09145500277667,93.48082861660876,94.81375885009766,795800,0.0,0.0
2015-09-16 00:00:00-04:00,94.81375581815115,95.5635255194593,94.56383493841719,95.24880981445312,801700,0.0,0.0
2015-09-17 00:00:00-04:00,95.40615889035843,96.18370378420366,94.41571975967742,94.70266723632812,873100,0.0,0.0
2015-09-18 00:00:00-04:00,92.41631213438329,94.62860823591487,92.41631213438329,93.25865173339844,1829100,0.0,0.0
2015-09-21 00:00:00-04:00,93.9714200078948,95.0081443182698,93.47157822725487,94.21208953857422,599900,0.0,0.0
2015-09-22 00:00:00-04:00,92.94394719476563,93.53635897951506,92.46260820584077,93.1475830078125,632600,0.0,0.0
2015-09-23 00:00:00-04:00,93.02724852669017,94.00842918660048,92.14788930078248,93.60115051269531,492600,0.0,0.0
2015-09-24 00:00:00-04:00,92.65702585980043,92.91620522572948,91.37038039171823,92.50892639160156,1112700,0.0,0.0
2015-09-25 00:00:00-04:00,93.4900920435336,93.74927136678647,92.26824161812218,92.95321655273438,661500,0.0,0.0
2015-09-28 00:00:00-04:00,92.20343806984071,92.60146543923487,89.65791600239369,89.68568420410156,2040900,0.0,0.0
2015-09-29 00:00:00-04:00,90.04670317497197,90.4817572553955,89.64867572502146,90.27811431884766,993300,0.0,0.0
2015-09-30 00:00:00-04:00,91.17599638574904,91.64807712615182,89.74124437920112,90.89830017089844,1375200,0.0,0.0
2015-10-01 00:00:00-04:00,90.75016552546033,91.41663053308146,89.07475164837776,90.24105834960938,1458000,0.0,0.0
2015-10-02 00:00:00-04:00,88.76003437542367,91.81466349397017,88.52862329256729,91.68507385253906,1401100,0.0,0.0
2015-10-05 00:00:00-04:00,92.90691847289271,94.37868948110496,92.39781129653323,93.56412506103516,1368100,0.0,0.0
2015-10-06 00:00:00-04:00,93.12907096133895,93.56412490000551,91.6665513136828,91.7313461303711,875700,0.0,0.0
2015-10-07 00:00:00-04:00,92.23119230894402,92.68475601309028,90.88901097413962,92.04606628417969,1112600,0.0,0.0
2015-10-08 00:00:00-04:00,91.84244061611072,92.19418295386473,90.77794811913894,91.06489562988281,1922800,0.0,0.0
2015-10-09 00:00:00-04:00,91.10190681732495,91.99052446379368,91.08339703936124,91.52770233154297,896200,0.0,0.0
2015-10-12 00:00:00-04:00,91.55548055166051,92.06458067633247,91.33332083628187,91.67581176757812,292500,0.0,0.0
2015-10-13 00:00:00-04:00,91.41665017712032,91.89798219599682,90.69464861775214,90.79646301269531,666500,0.0,0.0
2015-10-14 00:00:00-04:00,90.57430176939506,91.76838387494227,89.90783668145185,90.37065887451172,782000,0.0,0.0
2015-10-15 00:00:00-04:00,91.25926722970702,92.61071410877304,90.38916639868643,92.60145568847656,699900,0.0,0.0
2015-10-16 00:00:00-04:00,93.06429173476394,93.49008732463126,92.57370131735391,93.101318359375,768100,0.0,0.0
2015-10-19 00:00:00-04:00,92.60145609388874,93.110556218736,91.9072228728289,92.48112487792969,807400,0.0,0.0
2015-10-20 00:00:00-04:00,92.24044025762537,92.96244155919152,92.23118183880662,92.70326232910156,510600,0.0,0.0
2015-10-21 00:00:00-04:00,92.98097304283627,92.99023146381656,90.4261996965442,90.46322631835938,656600,0.0,0.0
2015-10-22 00:00:00-04:00,90.79645330566873,92.16641008726711,90.77794352550526,91.65730285644531,799600,0.0,0.0
2015-10-23 00:00:00-04:00,92.32377569491753,93.18462531803992,92.00905997094708,93.02726745605469,896900,0.0,0.0
2015-10-26 00:00:00-04:00,93.02723403660478,93.60113593321796,92.55515355813434,93.46228790283203,379700,0.0,0.0
2015-10-27 00:00:00-04:00,92.79584073683633,93.47156418070031,91.91648147988307,92.01830291748047,588100,0.0,0.0
2015-10-28 00:00:00-04:00,92.27746696318881,92.9254150390625,91.43512740244867,92.9254150390625,1146900,0.0,0.0
2015-10-29 00:00:00-04:00,92.69400701858827,94.23057973722516,92.20341673630925,93.98065185546875,960800,0.0,0.0
2015-10-30 00:00:00-04:00,91.26851575260534,93.23088397843013,88.96366369611114,89.00994873046875,1724500,0.0,0.0
2015-11-02 00:00:00-05:00,87.93623012501132,89.3432066996843,87.19571167806305,89.27841186523438,3106900,0.0,0.0
2015-11-03 00:00:00-05:00,88.97292704780463,91.86093256194202,88.74151598739721,91.82390594482422,1761100,0.0,0.0
2015-11-04 00:00:00-05:00,91.82391175534234,92.66625145833817,91.79614355627312,92.22193908691406,1510100,0.0,0.0
2015-11-05 00:00:00-05:00,92.66624043734123,94.34165416157515,91.99977549052196,94.04544830322266,1239300,0.0,0.0
2015-11-06 00:00:00-05:00,94.4619978247803,94.97109792117686,93.6751945685313,94.92481994628906,2239300,0.0,0.0
2015-11-09 00:00:00-05:00,94.73969631290497,94.89705415501281,92.44410231596163,92.91617584228516,1865300,0.0,0.0
2015-11-10 00:00:00-05:00,92.40706159678092,92.99021489673696,91.94423949970651,92.656982421875,1582300,0.0,0.0
2015-11-11 00:00:00-05:00,93.15685404019612,93.56413984564126,92.49038892659733,93.24016571044922,971200,0.0,0.0
2015-11-12 00:00:00-05:00,92.44412542642026,93.59192271183414,91.66658031803127,92.00907135009766,2992900,0.0,0.0
2015-11-13 00:00:00-05:00,92.19415204643089,92.19415204643089,89.22283529746858,89.69491577148438,2056100,0.0,0.0
2015-11-16 00:00:00-05:00,89.42651314674208,90.8427480612115,88.92666428361636,90.79646301269531,1309400,0.0,0.0
2015-11-17 00:00:00-05:00,91.91647538925199,94.91556073420585,91.47216304898602,93.6751937866211,2234800,0.0,0.0
2015-11-18 00:00:00-05:00,94.22316507589835,95.93209561079297,92.07772113468911,95.84850311279297,1271400,0.34,0.0
2015-11-19 00:00:00-05:00,95.9042074054465,96.29428672629814,95.38409455840144,96.06209564208984,995300,0.0,0.0
2015-11-20 00:00:00-05:00,96.41505871209492,97.17664546269427,96.0342688797513,96.90730285644531,1224400,0.0,0.0
2015-11-23 00:00:00-05:00,97.10233232651194,97.36238525549027,96.63795007164754,96.74939727783203,1385500,0.0,0.0
2015-11-24 00:00:00-05:00,95.96926021619637,96.35933969796916,95.60704254227701,96.11785888671875,970500,0.0,0.0
2015-11-25 00:00:00-05:00,96.34076332454549,96.38719730697426,95.15193858259202,95.55130767822266,823500,0.0,0.0
2015-11-27 00:00:00-05:00,95.82063257043903,96.61008098489783,95.42126354864305,96.39646911621094,486300,0.0,0.0
2015-11-30 00:00:00-05:00,96.35933489171653,96.67511147952145,95.63489958001149,95.77421569824219,1188200,0.0,0.0
2015-12-01 00:00:00-05:00,96.117875642937,96.41508012170586,95.28198583205155,96.07144165039062,1165200,0.0,0.0
2015-12-02 00:00:00-05:00,96.22001768373683,96.31289273286805,95.3191148267487,95.56988525390625,1055000,0.0,0.0
2015-12-03 00:00:00-05:00,95.78352103628947,95.98785044686286,93.88883980085497,94.13961029052734,1980500,0.0,0.0
2015-12-04 00:00:00-05:00,94.44606107778841,96.63794579051927,94.25102138969505,96.61007690429688,928100,0.0,0.0
2015-12-07 00:00:00-05:00,95.70919771365897,96.805140257722,95.66275664791178,96.6379623413086,2068800,0.0,0.0
2015-12-08 00:00:00-05:00,95.64419474588458,96.20145216514457,94.14888296789083,94.26033020019531,1200800,0.0,0.0
2015-12-09 00:00:00-05:00,93.7773798782859,95.03121089950216,92.17061370979539,92.26348876953125,1249700,0.0,0.0
2015-12-10 00:00:00-05:00,92.59782204845425,93.11793501064892,92.30061767830492,92.43993377685547,670700,0.0,0.0
2015-12-11 00:00:00-05:00,91.25112837011736,91.90126080149383,88.43697256786884,88.91064453125,2050000,0.0,0.0
2015-12-14 00:00:00-05:00,89.1706805721172,90.09015543216367,88.57627186603558,89.88582611083984,1439300,0.0,0.0
2015-12-15 00:00:00-05:00,90.89821010494141,92.77431181251124,90.26664978128085,91.6319351196289,2099400,0.0,0.0
2015-12-16 00:00:00-05:00,92.30064244324902,93.17368361489218,91.07467320170753,92.24491882324219,1517800,0.0,0.0
2015-12-17 00:00:00-05:00,92.48638243594499,93.23867950964238,90.85175472288617,90.90747833251953,923000,0.0,0.0
2015-12-18 00:00:00-05:00,90.26663930925945,91.1675421605742,89.81153952533197,90.51740264892578,1829400,0.0,0.0
2015-12-21 00:00:00-05:00,91.17683737298583,92.48639912294345,91.08396231153584,92.14275360107422,1266300,0.0,0.0
2015-12-22 00:00:00-05:00,92.43994537882799,92.43994537882799,91.01893658426849,91.9755630493164,639700,0.0,0.0
2015-12-23 00:00:00-05:00,92.22633577595153,93.16438300310787,91.8826902926124,92.73715209960938,576500,0.0,0.0
2015-12-24 00:00:00-05:00,92.31919286140801,93.48943811729126,92.17058713993868,92.9786148071289,240200,0.0,0.0
2015-12-28 00:00:00-05:00,92.83929391959168,93.56372905956071,92.37491169285147,93.48943328857422,465600,0.0,0.0
2015-12-29 00:00:00-05:00,94.10242350525066,94.44606893815474,93.04363248981895,94.32532501220703,545300,0.0,0.0
2015-12-30 00:00:00-05:00,94.22317098921367,94.85473123519361,93.87024297283828,93.90739440917969,516700,0.0,0.0
2015-12-31 00:00:00-05:00,93.61949114026842,94.60397952361221,93.1736809352958,93.19225311279297,596000,0.0,0.0
2016-01-04 00:00:00-05:00,91.4275885631468,91.66906225483858,89.31000643039432,90.29449462890625,1688300,0.0,0.0
2016-01-05 00:00:00-05:00,90.56385149001024,92.03129438919424,90.27592960311623,91.54833984375,1525200,0.0,0.0
2016-01-06 00:00:00-05:00,89.99729642202121,90.63813921509063,89.16140681593939,89.91370391845703,1294200,0.0,0.0
2016-01-07 00:00:00-05:00,87.36888201027944,87.87041572376097,85.53921469051662,86.11505126953125,2793000,0.0,0.0
2016-01-08 00:00:00-05:00,86.56088113870611,86.94167812823812,83.57026427549476,83.66313934326172,2660000,0.0,0.0
2016-01-11 00:00:00-05:00,84.44328159577663,84.81478887875929,83.30090502655162,84.38755798339844,2065900,0.0,0.0
2016-01-12 00:00:00-05:00,85.26986186702301,85.3163029238763,83.64452407990396,84.67545318603516,1938000,0.0,0.0
2016-01-13 00:00:00-05:00,85.18628337211955,85.34417164076086,80.47744751350893,80.90467834472656,2799800,0.0,0.0
2016-01-14 00:00:00-05:00,81.36907855301422,82.47431084908183,80.21741227199936,81.8427505493164,3387300,0.0,0.0
2016-01-15 00:00:00-05:00,79.89230271348318,80.53315235395237,78.52702513191083,79.86444091796875,2836100,0.0,0.0
2016-01-19 00:00:00-05:00,80.93253901872116,81.71270489357039,79.48366864731516,80.27311706542969,1906500,0.0,0.0
2016-01-20 00:00:00-05:00,78.81498621647137,80.84898351781497,76.24230359823738,79.99451446533203,2578600,0.0,0.0
2016-01-21 00:00:00-05:00,80.40316454224607,81.3690807375794,79.4929719647105,79.68801879882812,1295200,0.0,0.0
2016-01-22 00:00:00-05:00,81.07185937586023,82.15851221155604,80.72821393737972,82.1213607788086,1111900,0.0,0.0
2016-01-25 00:00:00-05:00,82.12137069157929,82.59504265889662,80.44030890082779,80.5703353881836,1241600,0.0,0.0
2016-01-26 00:00:00-05:00,80.66322100648243,82.22354614509175,80.4681812498954,82.03779602050781,915800,0.0,0.0
2016-01-27 00:00:00-05:00,81.87058125548667,83.1429839170838,81.3504683859114,81.74055480957031,2063700,0.0,0.0
2016-01-28 00:00:00-05:00,82.4464292763307,82.75292329068229,80.60747936204413,80.92325592041016,1357900,0.0,0.0
2016-01-29 00:00:00-05:00,81.81489414799177,82.89226480041782,80.9047085418243,82.79010009765625,2451700,0.0,0.0
2016-02-01 00:00:00-05:00,82.53929274071925,82.8457795998593,81.32260658834502,81.74055480957031,1302500,0.0,0.0
2016-02-02 00:00:00-05:00,80.85823917616847,80.85823917616847,79.04715114428969,79.53010559082031,1428500,0.0,0.0
2016-02-03 00:00:00-05:00,80.04093286308293,80.3567094232875,77.28250088968113,79.49295806884766,1323500,0.0,0.0
2016-02-04 00:00:00-05:00,79.35364328849737,81.26689594262653,79.35364328849737,80.90467834472656,2635100,0.0,0.0
2016-02-05 00:00:00-05:00,82.19566754287729,82.19566754287729,76.40946093589962,77.73759460449219,2488800,0.0,0.0
2016-02-08 00:00:00-05:00,75.86149566211654,75.9265089031231,72.91731347010052,73.72533416748047,2781100,0.0,0.0
2016-02-09 00:00:00-05:00,72.8615830682528,74.83985628357514,72.4529314456639,74.32903289794922,1702600,0.0,0.0
2016-02-10 00:00:00-05:00,75.15562890404911,76.93885521580013,74.29187755212104,74.36618041992188,1199200,0.0,0.0
2016-02-11 00:00:00-05:00,72.65727285157912,74.18044654475204,72.2207522652589,72.8615951538086,2259200,0.0,0.0
2016-02-12 00:00:00-05:00,74.11541552798673,76.4837609301835,73.61388180982578,76.44660949707031,1816200,0.0,0.0
2016-02-16 00:00:00-05:00,77.86762703570813,78.85212241070236,76.45590784596942,77.75617980957031,1548700,0.0,0.0
2016-02-17 00:00:00-05:00,78.52113135213783,80.16301518159459,78.06401851549398,79.96710968017578,1361000,0.37,0.0
2016-02-18 00:00:00-05:00,79.90182297360656,80.41490687426109,78.95960452113323,79.97645568847656,1155300,0.0,0.0
2016-02-19 00:00:00-05:00,79.715250650942,80.20035623782566,78.99693025779322,79.91116333007812,1011100,0.0,0.0
2016-02-22 00:00:00-05:00,80.66680375677291,82.29935729651488,80.45223644562178,82.20606994628906,1104700,0.0,0.0
2016-02-23 00:00:00-05:00,81.65564711146187,82.68182200553971,80.85336323925966,81.11457061767578,1309600,0.0,0.0
2016-02-24 00:00:00-05:00,80.13504349168122,81.2545057260131,78.09201744078986,80.83470916748047,1300700,0.0,0.0
2016-02-25 00:00:00-05:00,80.90001203545471,82.71913996858753,80.90001203545471,82.69115447998047,1238900,0.0,0.0
2016-02-26 00:00:00-05:00,82.42060960578966,83.38148259672394,82.22470408391278,82.6538314819336,915000,0.0,0.0
2016-02-29 00:00:00-05:00,82.2620155445142,83.81060500895543,82.04744829958472,82.84040832519531,1460000,0.0,0.0
2016-03-01 00:00:00-05:00,83.5587479403709,86.9731202135094,83.5587479403709,85.39653778076172,3205900,0.0,0.0
2016-03-02 00:00:00-05:00,84.78081644950409,86.32941317085253,84.72484547507314,86.10552215576172,1449900,0.0,0.0
2016-03-03 00:00:00-05:00,85.81631615513925,88.64296404330315,84.808803099289,88.49370574951172,2190000,0.0,0.0
2016-03-04 00:00:00-05:00,88.60567879488961,89.32399920779056,87.7660784232487,88.99748992919922,1462300,0.0,0.0
2016-03-07 00:00:00-05:00,88.13921379864317,88.44706126328133,87.31826824663003,88.12055206298828,1284300,0.0,0.0
2016-03-08 00:00:00-05:00,87.01041949060718,87.33693583012965,86.40404827119056,86.55330657958984,1084300,0.0,0.0
2016-03-09 00:00:00-05:00,87.29962734969004,87.33694370949829,86.05888507619557,86.81452178955078,812000,0.0,0.0
2016-03-10 00:00:00-05:00,86.88914501622382,88.42841088264616,86.04954480568736,86.87981414794922,1555300,0.0,0.0
2016-03-11 00:00:00-05:00,87.51421065714763,88.53106215797555,87.32763592615137,88.15790557861328,1700200,0.0,0.0
2016-03-14 00:00:00-04:00,87.62612807705267,88.1485428288119,86.83317508102749,87.39290618896484,1019300,0.0,0.0
2016-03-15 00:00:00-04:00,86.84249320851269,87.53283507705356,86.34806397656229,87.31826782226562,761600,0.0,0.0
2016-03-16 00:00:00-04:00,86.75855310532141,88.56835745840955,86.73989848360738,88.36312103271484,634200,0.0,0.0
2016-03-17 00:00:00-04:00,88.38177855758009,91.74017284849945,88.38177855758009,90.95655059814453,1984800,0.0,0.0
2016-03-18 00:00:00-04:00,91.08714278902835,91.94539765490508,90.3128443890588,90.54606628417969,2122600,0.0,0.0
2016-03-21 00:00:00-04:00,90.39681488295304,90.49010222465951,89.00681427463314,89.5012435913086,1109100,0.0,0.0
2016-03-22 00:00:00-04:00,88.39109833208126,89.98633524209066,88.3071418660969,89.47325134277344,1482900,0.0,0.0
2016-03-23 00:00:00-04:00,89.10007683069738,89.7810806413458,87.83134940779061,87.93396759033203,1514400,0.0,0.0
2016-03-24 00:00:00-04:00,87.24365212247884,87.24365212247884,85.76036413746768,86.71190643310547,1804700,0.0,0.0
2016-03-28 00:00:00-04:00,86.89847259067304,87.41155644845433,86.18947609338659,86.73988342285156,1077900,0.0,0.0
2016-03-29 00:00:00-04:00,86.65592894081735,89.11875164526738,86.65592894081735,89.10942077636719,1010200,0.0,0.0
2016-03-30 00:00:00-04:00,89.42659759521484,89.8650558652489,89.09075752103416,89.42659759521484,938600,0.0,0.0
2016-03-31 00:00:00-04:00,89.29599066558552,90.28484911617713,88.98813608922022,90.0796127319336,1015300,0.0,0.0
2016-04-01 00:00:00-04:00,89.22135476020742,91.22706419244933,89.16538379100832,91.01249694824219,1297300,0.0,0.0
2016-04-04 00:00:00-04:00,91.1337962767714,91.52560737932755,89.74378856183938,89.79043579101562,788200,0.0,0.0
2016-04-05 00:00:00-04:00,88.57765215925721,88.96947026042574,87.30892477777279,87.47684478759766,1227100,0.0,0.0
2016-04-06 00:00:00-04:00,87.48618902411744,88.34444381999998,86.99175978556264,88.10189819335938,1394200,0.0,0.0
2016-04-07 00:00:00-04:00,86.84249746483175,88.08323959809336,86.39471543247846,86.62793731689453,1166100,0.0,0.0
2016-04-08 00:00:00-04:00,87.42089357409478,88.23250832450748,86.6465951806701,87.04773712158203,733100,0.0,0.0
2016-04-11 00:00:00-04:00,87.50486295874856,88.80157620125043,87.1223756122858,87.6634521484375,1139800,0.0,0.0
2016-04-12 00:00:00-04:00,87.9713092799147,89.12808798670044,87.71009475624359,88.9228515625,841300,0.0,0.0
2016-04-13 00:00:00-04:00,89.59452345967031,91.82412419210674,89.59452345967031,91.38566589355469,1162000,0.0,0.0
2016-04-14 00:00:00-04:00,91.29236245293649,91.7121589402185,90.87256596565447,91.41363525390625,957300,0.0,0.0
2016-04-15 00:00:00-04:00,91.41366362105269,91.65621641562637,90.52742315405757,91.22708892822266,825100,0.0,0.0
2016-04-18 00:00:00-04:00,90.99385982568444,92.33722028367173,90.54607063389943,92.02003479003906,637500,0.0,0.0
2016-04-19 00:00:00-04:00,92.55178576187816,93.36340060470613,92.29990922023813,92.90628051757812,867900,0.0,0.0
2016-04-20 00:00:00-04:00,92.8689631876464,94.19366186806477,92.49580672513443,94.007080078125,1016200,0.0,0.0
2016-04-21 00:00:00-04:00,93.70855579781274,94.2123159517293,92.9342645054177,92.94358825683594,837800,0.0,0.0
2016-04-22 00:00:00-04:00,92.24389918955869,93.1488010635643,91.88940455656673,92.1506118774414,1374200,0.0,0.0
2016-04-25 00:00:00-04:00,92.07598409604815,92.68236233322902,91.81477676122958,92.24390411376953,913700,0.0,0.0
2016-04-26 00:00:00-04:00,91.74016119766175,93.20480153088333,91.42298283680917,92.99956512451172,787100,0.0,0.0
2016-04-27 00:00:00-04:00,92.44916250040802,93.41003561835569,92.24392608349342,93.10218811035156,667600,0.0,0.0
2016-04-28 00:00:00-04:00,92.8596535172319,94.05374877596971,92.1879731548496,92.44918060302734,1010900,0.0,0.0
2016-04-29 00:00:00-04:00,89.37061506041766,89.45457150941824,85.93758917086316,89.29598236083984,4467300,0.0,0.0
2016-05-02 00:00:00-04:00,89.36131477310805,89.93037684673183,88.25117611843733,89.5665512084961,1202600,0.0,0.0
2016-05-03 00:00:00-04:00,88.85753886558155,89.33331350748841,87.52350938846921,88.22317504882812,1172500,0.0,0.0
2016-05-04 00:00:00-04:00,87.45820051600023,87.8313569283418,86.66524758812848,87.3835678100586,1368800,0.0,0.0
2016-05-05 00:00:00-04:00,87.50484256873568,88.08322821220887,86.88913345712935,87.02906799316406,851200,0.0,0.0
2016-05-06 00:00:00-04:00,86.75853717221811,88.47504674939691,86.75853717221811,88.12055206298828,992200,0.0,0.0
2016-05-09 00:00:00-04:00,88.1672096007214,88.53103519752675,87.72875128729765,88.30714416503906,902900,0.0,0.0
2016-05-10 00:00:00-04:00,88.6056706363085,89.93970023803494,88.21385242070804,89.82775115966797,860900,0.0,0.0
2016-05-11 00:00:00-04:00,89.42659992962967,90.04230200345545,88.5123670110798,88.5310287475586,1055500,0.0,0.0
2016-05-12 00:00:00-04:00,89.1373879681448,89.52919894182848,87.59812243739825,88.38174438476562,1368300,0.0,0.0
2016-05-13 00:00:00-04:00,88.19517862458815,88.85752784684287,87.15034213909783,87.52349853515625,930200,0.0,0.0
2016-05-16 00:00:00-04:00,87.69143159471096,88.85754105740659,87.48619519049777,88.40975189208984,795800,0.0,0.0
2016-05-17 00:00:00-04:00,87.9619520559212,88.6336321093813,87.2622865197946,87.41154479980469,890200,0.0,0.0
2016-05-18 00:00:00-04:00,87.44903058628817,88.9007344859522,87.06502692629465,88.18893432617188,2156100,0.37,0.0
2016-05-19 00:00:00-04:00,88.00161358373522,88.12336718285935,86.54054181191115,87.16805267333984,1071300,0.0,0.0
2016-05-20 00:00:00-04:00,87.67381748699712,88.31069626339243,87.57079245364022,87.87986755371094,832800,0.0,0.0
2016-05-23 00:00:00-04:00,87.85174485719935,88.20764486431652,87.33661984438835,87.76744842529297,1084300,0.0,0.0
2016-05-24 00:00:00-04:00,88.56357021707603,91.82289265378056,88.44181660901386,91.59811401367188,1274400,0.0,0.0
2016-05-25 00:00:00-04:00,91.80413233912,92.35672164893697,91.72921090954362,91.89779663085938,885700,0.0,0.0
2016-05-26 00:00:00-04:00,91.7853909759807,91.99144095615856,91.14851246705881,91.373291015625,496900,0.0,0.0
2016-05-27 00:00:00-04:00,91.66367456594945,92.47849981431825,91.66367456594945,92.4691390991211,486100,0.0,0.0
2016-05-31 00:00:00-04:00,92.90934313465534,93.0404646238856,92.02895701347876,92.38485717773438,809200,0.0,0.0
2016-06-01 00:00:00-04:00,92.38482369683523,92.67516301125475,91.48570217699633,92.59087371826172,712800,0.0,0.0
2016-06-02 00:00:00-04:00,92.45974166266498,93.27456665039062,92.1132023804483,93.27456665039062,971300,0.0,0.0
2016-06-03 00:00:00-04:00,92.40356574212407,92.66580864350367,91.58873345948048,92.49722290039062,904900,0.0,0.0
2016-06-06 00:00:00-04:00,92.544051271914,94.93234819526401,92.544051271914,94.59517669677734,1383800,0.0,0.0
2016-06-07 00:00:00-04:00,94.87615110530774,95.0353689876235,93.81780450331725,93.83654022216797,593900,0.0,0.0
2016-06-08 00:00:00-04:00,93.77098234232338,94.8293218308403,93.293321535301,94.66073608398438,718800,0.0,0.0
2016-06-09 00:00:00-04:00,94.09878597632567,94.79185753758529,93.78034305644967,94.66073608398438,519800,0.0,0.0
2016-06-10 00:00:00-04:00,93.6304989091023,93.7897168062477,92.61898436444255,93.13410949707031,1210600,0.0,0.0
2016-06-13 00:00:00-04:00,92.7219998232327,93.18092489230162,92.07575329545391,92.08512115478516,1589300,0.0,0.0
2016-06-14 00:00:00-04:00,91.69174950563378,92.32862812334709,91.29838519205327,92.01018524169922,1138000,0.0,0.0
2016-06-15 00:00:00-04:00,92.38482332664282,93.19028769140104,91.91653042367096,92.11321258544922,1384500,0.0,0.0
2016-06-16 00:00:00-04:00,91.29840824578284,91.29840824578284,90.14640429873928,90.82074737548828,2692500,0.0,0.0
2016-06-17 00:00:00-04:00,90.83010534117079,92.41293068131945,90.45546954539246,90.5584945678711,1582100,0.0,0.0
2016-06-20 00:00:00-04:00,92.02891244822283,93.43379099158929,91.9914481629299,92.39418029785156,851800,0.0,0.0
2016-06-21 00:00:00-04:00,92.62834102278372,92.93741606498256,91.88843735157265,92.2256088256836,878900,0.0,0.0
2016-06-22 00:00:00-04:00,92.53470323989758,92.79694618675455,91.97274590167909,92.02894592285156,635100,0.0,0.0
2016-06-23 00:00:00-04:00,93.30267758524911,95.25077056884766,93.07789185417118,95.25077056884766,718600,0.0,0.0
2016-06-24 00:00:00-04:00,90.69896272610809,91.30774490699442,87.63633039587603,87.72062683105469,3749700,0.0,0.0
2016-06-27 00:00:00-04:00,87.72063960576486,87.72063960576486,81.76395265702415,82.30716705322266,3520000,0.0,0.0
2016-06-28 00:00:00-04:00,83.60901646502904,83.86189864841343,82.59750916824062,83.44979858398438,1714700,0.0,0.0
2016-06-29 00:00:00-04:00,84.292759806371,85.86622494191336,83.6465130279347,85.77256774902344,1399700,0.0,0.0
2016-06-30 00:00:00-04:00,86.109694817343,87.77681628341192,85.52900908886352,87.76744842529297,1656300,0.0,0.0
2016-07-01 00:00:00-04:00,87.57078448793611,88.9756633834645,87.43966302933347,88.11400604248047,994300,0.0,0.0
2016-07-05 00:00:00-04:00,87.50523366469574,87.6738194370673,86.0441617345318,86.70913696289062,947000,0.0,0.0
2016-07-06 00:00:00-04:00,86.40003607898528,87.24296468936012,85.21057531171019,87.07437896728516,1300800,0.0,0.0
2016-07-07 00:00:00-04:00,87.4115574061579,88.91946116716336,87.4115574061579,88.25448608398438,966900,0.0,0.0
2016-07-08 00:00:00-04:00,89.41586222096014,90.89566974403593,88.91947280835993,90.59596252441406,1007400,0.0,0.0
2016-07-11 00:00:00-04:00,90.96121670733504,92.028923962231,90.88628812737467,91.6449203491211,778900,0.0,0.0
2016-07-12 00:00:00-04:00,91.97273464961344,94.17371728200123,91.76669174913653,93.81781005859375,965900,0.0,0.0
2016-07-13 00:00:00-04:00,93.65861715050667,95.39130013867397,93.4525670494819,95.26954650878906,1353600,0.0,0.0
2016-07-14 00:00:00-04:00,96.24358328780936,97.20826576387803,95.76592240755572,96.47772979736328,1350000,0.0,0.0
2016-07-15 00:00:00-04:00,96.82423797131938,97.3206344503758,96.34658435547624,96.78677368164062,793600,0.0,0.0
2016-07-18 00:00:00-04:00,96.84297637929542,97.51731932108122,96.44961204511465,97.36746215820312,547000,0.0,0.0
2016-07-19 00:00:00-04:00,96.88043764597003,97.39555554972316,96.45896974771829,97.02091979980469,702600,0.0,0.0
2016-07-20 00:00:00-04:00,97.40492056770657,97.81702059515631,96.58072765838948,97.6203384399414,772300,0.0,0.0
2016-07-21 00:00:00-04:00,97.33000641839993,97.79829937516158,97.13332423403006,97.69527435302734,1000900,0.0,0.0
2016-07-22 00:00:00-04:00,97.37682804632499,98.80980319582429,95.26014210980296,98.61312103271484,1343000,0.0,0.0
2016-07-25 00:00:00-04:00,98.66934290488452,99.19383597296655,98.45393210625232,98.99714660644531,911200,0.0,0.0
2016-07-26 00:00:00-04:00,98.99713006580397,99.78386596368522,98.14484058414817,99.45606231689453,1359600,0.0,0.0
2016-07-27 00:00:00-04:00,99.52161045301726,99.8119497683525,98.350878187204,98.45390319824219,1114300,0.0,0.0
2016-07-28 00:00:00-04:00,97.82639663232597,99.82132921808812,97.82639663232597,99.44669342041016,698800,0.0,0.0
2016-07-29 00:00:00-04:00,99.35302104578555,99.8213139347884,98.65058171228127,99.28746032714844,775900,0.0,0.0
2016-08-01 00:00:00-04:00,99.40923083658652,99.73703448560133,98.22913055454956,98.59439849853516,927200,0.0,0.0
2016-08-02 00:00:00-04:00,98.34151033450124,98.62248893654717,96.91790304323912,97.58287811279297,1113700,0.0,0.0
2016-08-03 00:00:00-04:00,97.64844399795922,98.0418083451603,97.21761535879855,97.95751190185547,684000,0.0,0.0
2016-08-04 00:00:00-04:00,98.06990496786,98.36961215853468,97.11459053057918,97.32064056396484,831700,0.0,0.0
2016-08-05 00:00:00-04:00,97.88259419805358,98.4632728816243,97.78893703737282,98.38835144042969,989400,0.0,0.0
2016-08-08 00:00:00-04:00,98.11673667539037,98.4820045890731,97.71400446984492,97.87322235107422,461500,0.0,0.0
2016-08-09 00:00:00-04:00,97.85449308601265,98.36961101792086,97.4611215970271,97.62970733642578,438400,0.0,0.0
2016-08-10 00:00:00-04:00,97.87321970677554,98.06053401544531,96.88980172230207,97.13331604003906,547600,0.0,0.0
2016-08-11 00:00:00-04:00,97.60161262840258,98.34151632296917,97.54541976280461,97.8825912475586,605700,0.0,0.0
2016-08-12 00:00:00-04:00,97.31126997709589,97.77019503685733,96.3465877074496,96.899169921875,1233700,0.0,0.0
2016-08-15 00:00:00-04:00,97.33002146659784,98.78173271524145,97.31129288948847,98.40709686279297,633400,0.0,0.0
2016-08-16 00:00:00-04:00,97.87321772552149,97.94814630570575,97.47048553900943,97.50794982910156,467800,0.0,0.0
2016-08-17 00:00:00-04:00,97.51732135341503,97.74209995683391,97.030292709494,97.54541778564453,520800,0.0,0.0
2016-08-18 00:00:00-04:00,97.72400128644496,97.99658039108405,97.50781538584896,97.9683837890625,388300,0.37,0.0
2016-08-19 00:00:00-04:00,97.46080786847129,98.51351908806568,97.38561216105532,98.2973403930664,490500,0.0,0.0
2016-08-22 00:00:00-04:00,98.01539092319994,98.50415600417071,97.55482961967951,98.22217559814453,414800,0.0,0.0
2016-08-23 00:00:00-04:00,98.74850671004909,99.8952162239312,98.74850671004909,99.28426361083984,579200,0.0,0.0
2016-08-24 00:00:00-04:00,99.14328679586593,99.7730347907695,98.98349410449929,99.21847534179688,592700,0.0,0.0
2016-08-25 00:00:00-04:00,98.88949831409813,99.65083519179042,98.58872263158507,99.35005950927734,687900,0.0,0.0
2016-08-26 00:00:00-04:00,99.64146089076135,100.44039578378687,99.05870475284213,99.8388442993164,518300,0.0,0.0
2016-08-29 00:00:00-04:00,99.97040832052429,100.97612763023254,99.97040832052429,100.72235107421875,512100,0.0,0.0
2016-08-30 00:00:00-04:00,100.94793146397842,102.16982948013992,100.70354899232308,101.73746490478516,757200,0.0,0.0
2016-08-31 00:00:00-04:00,101.67168876503706,102.43303291558964,100.98554750899083,102.16045379638672,927300,0.0,0.0
2016-09-01 00:00:00-04:00,102.16986029306497,102.43304535709754,100.90096278276901,102.02887725830078,668000,0.0,0.0
2016-09-02 00:00:00-04:00,102.58342367119657,102.99699300522224,102.27324667067732,102.85600280761719,546800,0.0,0.0
2016-09-06 00:00:00-04:00,102.8089801884197,103.71130720738812,102.64919468081291,103.47632598876953,898500,0.0,0.0
2016-09-07 00:00:00-04:00,103.0909794418684,104.17189468013089,103.00638245868765,103.53274536132812,1418100,0.0,0.0
2016-09-08 00:00:00-04:00,103.4857419383331,104.01210481909104,102.9405837126825,103.33535766601562,665600,0.0,0.0
2016-09-09 00:00:00-04:00,102.6398066414427,102.95938486886712,100.21480560302733,100.21480560302734,918600,0.0,0.0
2016-09-12 00:00:00-04:00,99.32187659006865,102.26384653502865,99.07750124446896,102.08525848388672,1061600,0.0,0.0
2016-09-13 00:00:00-04:00,100.7505616618715,101.4273087999521,100.10201112603451,100.87274932861328,903000,0.0,0.0
2016-09-14 00:00:00-04:00,100.87274932861328,101.61529092894845,100.54377701734037,100.87274932861328,563100,0.0,0.0
2016-09-15 00:00:00-04:00,100.5531730810478,102.40481918629696,100.36518379070344,102.16983795166016,924600,0.0,0.0
2016-09-16 00:00:00-04:00,101.59648115552493,102.16044184434267,100.62835963534346,101.96305847167969,1120700,0.0,0.0
2016-09-19 00:00:00-04:00,101.86906024283803,103.25075102253705,101.56828455529565,101.96305847167969,570100,0.0,0.0
2016-09-20 00:00:00-04:00,102.72440033846296,103.10976584536175,101.21112057034625,101.46489715576172,1074500,0.0,0.0
2016-09-21 00:00:00-04:00,102.40485242643908,103.01580526901888,101.47432844312983,102.88421630859375,954600,0.0,0.0
2016-09-22 00:00:00-04:00,103.85232223762027,103.88992010212803,103.2695732653984,103.54215240478516,634600,0.0,0.0
2016-09-23 00:00:00-04:00,103.18496065992376,103.39174529788887,102.62100711978331,102.70559692382812,770900,0.0,0.0
2016-09-26 00:00:00-04:00,102.26385532283278,103.23197704336805,99.82944554740278,102.44243621826172,877100,0.0,0.0
2016-09-27 00:00:00-04:00,102.11344227546248,103.41993733469678,101.87846104652023,103.38233947753906,1054600,0.0,0.0
2016-09-28 00:00:00-04:00,103.48576143456845,103.54216182198944,101.73750001677891,102.98760223388672,1040200,0.0,0.0
2016-09-29 00:00:00-04:00,102.94999733029188,103.81472672034366,101.00435261714559,101.27693176269531,1475300,0.0,0.0
2016-09-30 00:00:00-04:00,101.85965952727504,102.48000620511812,101.59647454312905,101.77506256103516,1672300,0.0,0.0
2016-10-03 00:00:00-04:00,101.43673551751225,102.89362258460022,100.85398642752575,102.71503448486328,1455600,0.0,0.0
2016-10-04 00:00:00-04:00,103.07218202006595,103.39175308750087,101.43670730806491,101.86907196044922,722300,0.0,0.0
2016-10-05 00:00:00-04:00,101.94427653860947,102.92179951323492,101.94427653860947,101.97247314453125,718600,0.0,0.0
2016-10-06 00:00:00-04:00,101.73748012371966,102.37662941138888,101.229919762536,102.32023620605469,580100,0.0,0.0
2016-10-07 00:00:00-04:00,102.38603467549538,102.40483002098931,101.37091391340805,101.75628662109375,514800,0.0,0.0
2016-10-10 00:00:00-04:00,102.76200600735487,103.3729587155637,102.49882814438712,102.59281921386719,429400,0.0,0.0
2016-10-11 00:00:00-04:00,102.45184134490664,102.45184134490664,100.5249919190785,101.11714935302734,632500,0.0,0.0
2016-10-12 00:00:00-04:00,101.2299237234972,102.00066196780966,101.05134284259847,101.75628662109375,553300,0.0,0.0
2016-10-13 00:00:00-04:00,100.45921338202254,100.80698832425692,99.4722961206454,100.20543670654297,938500,0.0,0.0
2016-10-14 00:00:00-04:00,101.36149349238346,101.80325932409254,100.53436219690232,100.64715576171875,692500,0.0,0.0
2016-10-17 00:00:00-04:00,100.53438343873624,100.92915024241739,100.10201877217226,100.29000091552734,657700,0.0,0.0
2016-10-18 00:00:00-04:00,101.38973093763396,101.77509652940199,100.53439558856302,101.32393646240234,1252500,0.0,0.0
2016-10-19 00:00:00-04:00,101.70929036098892,102.21685075630594,101.07954228887782,101.88787841796875,744100,0.0,0.0
2016-10-20 00:00:00-04:00,101.72808504890288,102.44242287972725,101.3803102202494,101.59648895263672,1401100,0.0,0.0
2016-10-21 00:00:00-04:00,98.32554795477031,99.4534550075525,95.81595010114214,96.0979232788086,3985100,0.0,0.0
2016-10-24 00:00:00-04:00,96.79348422614692,97.29164335230212,96.48330724044534,96.6618881225586,1619000,0.0,0.0
2016-10-25 00:00:00-04:00,96.73707477237015,97.35742868557861,96.37990587059028,96.59608459472656,1017100,0.0,0.0
2016-10-26 00:00:00-04:00,96.295320718986,96.97206791792145,95.52458244710044,95.99454498291016,1271800,0.0,0.0
2016-10-27 00:00:00-04:00,96.5209023369783,96.99086484570475,95.8347539189718,96.02274322509766,1350400,0.0,0.0
2016-10-28 00:00:00-04:00,96.39869628150495,96.69007787933992,94.73503234940743,95.09220123291016,816600,0.0,0.0
2016-10-31 00:00:00-04:00,95.26138632932305,95.56216200779232,94.37786180753953,94.48124694824219,1216100,0.0,0.0
2016-11-01 00:00:00-04:00,94.95121927724927,95.04521751303942,92.69540503945707,93.09017181396484,1467700,0.0,0.0
2016-11-02 00:00:00-04:00,93.09017105537332,93.39094676269849,91.97165803232414,92.0750503540039,755200,0.0,0.0
2016-11-03 00:00:00-04:00,92.21605888027972,92.88340488956888,91.85888989773424,92.16905975341797,1556100,0.0,0.0
2016-11-04 00:00:00-04:00,92.4228256287516,92.74239668200215,91.71788188898984,91.74607849121094,1253600,0.0,0.0
2016-11-07 00:00:00-05:00,93.69173888316561,93.9925146431814,93.09018736313404,93.59774780273438,888300,0.0,0.0
2016-11-08 00:00:00-05:00,93.56955425191381,94.34968669892775,92.93040484462165,93.69174194335938,744500,0.0,0.0
2016-11-09 00:00:00-05:00,93.68232081082884,95.35538612384627,92.79879620806794,94.62224578857422,1792700,0.0,0.0
2016-11-10 00:00:00-05:00,95.29901086918997,96.4927198315507,93.24057248548844,94.24629211425781,1142800,0.0,0.0
2016-11-11 00:00:00-05:00,93.70110801760447,94.60343498829388,93.70110801760447,94.40605163574219,818400,0.0,0.0
2016-11-14 00:00:00-05:00,94.85722519907388,95.10160769645925,93.57892668036966,94.04888916015625,1220500,0.0,0.0
2016-11-15 00:00:00-05:00,93.7387264738043,93.96430647329225,92.61081213424683,93.32515716552734,1013200,0.0,0.0
2016-11-16 00:00:00-05:00,92.72361918824907,93.16538516424914,92.2066574778107,92.75181579589844,1137500,0.0,0.0
2016-11-17 00:00:00-05:00,92.8838793345358,95.47840118408203,92.7612318020362,95.47840118408203,1307700,0.37,0.0
2016-11-18 00:00:00-05:00,95.26141109812406,95.73314235466776,94.11038568046978,94.87458801269531,1029300,0.0,0.0
2016-11-21 00:00:00-05:00,95.19535357431215,95.52556396073996,94.94061470617743,95.41234588623047,545100,0.0,0.0
2016-11-22 00:00:00-05:00,95.48785204787698,96.06336482880043,94.82743108520185,95.91241455078125,673400,0.0,0.0
2016-11-23 00:00:00-05:00,95.50671464622542,96.19543825909747,94.68589965754795,95.15763092041016,556200,0.0,0.0
2016-11-25 00:00:00-05:00,95.16706487478513,95.82748574493102,95.16706487478513,95.30857849121094,307300,0.0,0.0
2016-11-28 00:00:00-05:00,94.80853431669331,95.80860935279293,94.6764501568768,95.18592071533203,862700,0.0,0.0
2016-11-29 00:00:00-05:00,95.32744972516022,95.76144160165819,94.63871894847045,95.37461853027344,714500,0.0,0.0
2016-11-30 00:00:00-05:00,95.90297661500227,96.28979254562167,94.78025379555476,94.8179931640625,861800,0.0,0.0
2016-12-01 00:00:00-05:00,94.98781656613933,95.41237186456392,91.52531048932993,91.75173950195312,1266200,0.0,0.0
2016-12-02 00:00:00-05:00,91.62909114440023,92.4404695636921,90.77997335699614,92.10082244873047,1053700,0.0,0.0
2016-12-05 00:00:00-05:00,92.82730659777226,93.1669537899645,91.23285212320594,91.35550689697266,1270200,0.0,0.0
2016-12-06 00:00:00-05:00,91.78945947751,91.94040972135049,90.64787081591197,91.43094635009766,1286900,0.0,0.0
2016-12-07 00:00:00-05:00,91.68566571567564,92.8744302176378,90.97806899751536,92.36495971679688,2022200,0.0,0.0
2016-12-08 00:00:00-05:00,92.27061320199846,93.04425197813266,91.78000878900845,92.52534484863281,1149500,0.0,0.0
2016-12-09 00:00:00-05:00,92.44991746334603,94.52553993559326,92.21405176409407,94.12928009033203,956000,0.0,0.0
2016-12-12 00:00:00-05:00,93.69526750911936,94.0726539847274,92.5536786389901,92.71406555175781,819100,0.0,0.0
2016-12-13 00:00:00-05:00,92.8272829349106,94.09152653869874,91.54417324660993,93.87452697753906,675000,0.0,0.0
2016-12-14 00:00:00-05:00,93.58205206769792,94.60098614497325,91.75173242847433,91.94042205810547,810800,0.0,0.0
2016-12-15 00:00:00-05:00,92.26121701493199,92.94051130118206,91.1762334853964,91.2894515991211,1284200,0.0,0.0
2016-12-16 00:00:00-05:00,91.42151250416899,91.76115956074797,90.86486591775729,91.01582336425781,1628900,0.0,0.0
2016-12-19 00:00:00-05:00,91.01582495848508,91.54416163439681,89.73271543294454,90.49691772460938,1211700,0.0,0.0
2016-12-20 00:00:00-05:00,91.20452005019078,91.4781250446645,90.82713360270817,91.27999877929688,635700,0.0,0.0
2016-12-21 00:00:00-05:00,91.11019248851431,91.58192383767263,90.69506659787928,91.03471374511719,750500,0.0,0.0
2016-12-22 00:00:00-05:00,90.99697001565735,91.20453295103488,90.05350736252228,90.4403305053711,854200,0.0,0.0
2016-12-23 00:00:00-05:00,90.42144479306268,90.90261269547916,89.97802345339802,90.02519226074219,644100,0.0,0.0
2016-12-27 00:00:00-05:00,90.39313386099253,90.51578858465501,90.0063180044844,90.28935241699219,369100,0.0,0.0
2016-12-28 00:00:00-05:00,90.33654727646172,90.60071566250144,89.29873981785623,89.33647918701172,609300,0.0,0.0
2016-12-29 00:00:00-05:00,89.44025146688304,89.73272255023952,88.93078083268124,88.9590835571289,536600,0.0,0.0
2016-12-30 00:00:00-05:00,89.28929215813487,89.33646816327007,88.54395590489489,88.9402084350586,519500,0.0,0.0
2017-01-03 00:00:00-05:00,89.6383957046732,91.1668007156096,89.39309338020773,90.0723876953125,1180900,0.0,0.0
2017-01-04 00:00:00-05:00,90.14783564467596,91.7422822138829,89.94970220541566,91.60076141357422,859900,0.0,0.0
2017-01-05 00:00:00-05:00,91.32715695915147,92.42156952538969,91.2328049671607,92.32722473144531,1274500,0.0,0.0
2017-01-06 00:00:00-05:00,92.47819504778242,93.17636251031006,92.42158959873076,92.74237060546875,1065100,0.0,0.0
2017-01-09 00:00:00-05:00,92.43101770273181,92.77066476176815,91.34603444181275,91.38377380371094,682000,0.0,0.0
2017-01-10 00:00:00-05:00,89.1760756157275,90.10067206690594,88.22318363824267,89.31759643554688,1423000,0.0,0.0
2017-01-11 00:00:00-05:00,89.09118000015518,89.98746665526392,88.96853244464997,89.64781951904297,1121400,0.0,0.0
2017-01-12 00:00:00-05:00,89.1760770317892,91.69512751004103,88.56283213291377,91.04413604736328,1472600,0.0,0.0
2017-01-13 00:00:00-05:00,91.39323359742173,92.47820993516333,91.2328394692081,91.47814178466797,847500,0.0,0.0
2017-01-17 00:00:00-05:00,91.61017309461899,95.05381137305322,91.49696224365294,93.54427337646484,1928900,0.0,0.0
2017-01-18 00:00:00-05:00,93.99718395949257,94.05379661481075,92.35556091624535,93.71414947509766,1242400,0.0,0.0
2017-01-19 00:00:00-05:00,93.4594072657445,94.61043284378326,93.4594072657445,94.30852508544922,1755300,0.0,0.0
2017-01-20 00:00:00-05:00,94.74250243136481,95.45009930568439,94.46889744286219,95.30857849121094,1491500,0.0,0.0
2017-01-23 00:00:00-05:00,95.07271182762226,96.10108968338155,94.96893757605977,96.01617431640625,1322600,0.0,0.0
2017-01-24 00:00:00-05:00,96.16714618260413,96.65774358315855,95.53502794791234,96.1860122680664,1039200,0.0,0.0
2017-01-25 00:00:00-05:00,96.97852218006398,98.1012449851069,96.47848815033683,97.8653793334961,1333900,0.0,0.0
2017-01-26 00:00:00-05:00,97.76158672250835,98.71447866375621,97.76158672250835,98.18614196777344,1355500,0.0,0.0
2017-01-27 00:00:00-05:00,98.23331097122319,98.3559584960364,97.70496711484583,98.10122680664062,790200,0.0,0.0
2017-01-30 00:00:00-05:00,98.1106691146344,98.1106691146344,97.29929074119583,97.8936767578125,1075200,0.0,0.0
2017-01-31 00:00:00-05:00,97.657803712863,97.92197205663743,97.13889646755786,97.80875396728516,1046700,0.0,0.0
2017-02-01 00:00:00-05:00,98.0823725697033,98.24275948668578,97.20495205002754,97.695556640625,1351600,0.0,0.0
2017-02-02 00:00:00-05:00,92.69519523490894,98.66731488444528,92.69519523490894,98.516357421875,798800,0.0,0.0
2017-02-03 00:00:00-05:00,99.05412576731393,100.6014036900294,98.98808368029734,100.16741180419922,1061800,0.0,0.0
2017-02-06 00:00:00-05:00,99.58246373694547,100.94104476018079,99.58246373694547,100.72405242919922,1033400,0.0,0.0
2017-02-07 00:00:00-05:00,101.76187592039948,103.3751960916716,100.87501877904994,101.0071029663086,1847700,0.0,0.0
2017-02-08 00:00:00-05:00,101.09202219067727,101.38449330244713,100.45990395644306,100.78067779541016,995400,0.0,0.0
2017-02-09 00:00:00-05:00,101.318443363142,101.56374564327686,100.63914917079809,101.4977035522461,782400,0.0,0.0
2017-02-10 00:00:00-05:00,101.42222015946,102.18642249170485,101.2052206143034,101.89395141601562,693200,0.0,0.0
2017-02-13 00:00:00-05:00,102.51663090576858,102.99779156156838,102.10150513397541,102.86570739746094,580000,0.0,0.0
2017-02-14 00:00:00-05:00,102.12038208538029,103.0827178955078,102.00717118869318,103.08271789550781,741300,0.0,0.0
2017-02-15 00:00:00-05:00,103.22472905924452,104.18095393339765,103.19632755599132,104.00106811523438,661400,0.38,0.0
2017-02-16 00:00:00-05:00,104.07681946687929,104.48392457020181,103.45195744742924,104.35137939453125,1031300,0.0,0.0
2017-02-17 00:00:00-05:00,103.8022476593948,106.96441403047768,103.71704315185953,106.888671875,2024100,0.0,0.0
2017-02-21 00:00:00-05:00,106.16912554860085,107.11588073075221,105.64840730915006,106.86026000976562,1870700,0.0,0.0
2017-02-22 00:00:00-05:00,106.44370360759255,107.95851071325531,106.44370360759255,107.51353454589844,1477000,0.0,0.0
2017-02-23 00:00:00-05:00,107.68392787360065,107.94901815776448,106.66143780942134,107.20108795166016,1117500,0.0,0.0
2017-02-24 00:00:00-05:00,106.76561005669296,107.25792694091797,105.23187083416883,107.25792694091797,923800,0.0,0.0
2017-02-27 00:00:00-05:00,107.25789776857211,107.25789776857211,104.87207061306243,106.08392333984375,1958400,0.0,0.0
2017-02-28 00:00:00-05:00,105.95140382919791,106.33010022334324,105.10878484966365,105.44015502929688,1387400,0.0,0.0
2017-03-01 00:00:00-05:00,106.65199547658723,107.46620568486678,106.33009488990514,107.1727066040039,1208100,0.0,0.0
2017-03-02 00:00:00-05:00,106.604650606952,106.77506685830585,105.97032625814548,106.48157501220703,870400,0.0,0.0
2017-03-03 00:00:00-05:00,106.48155857848381,106.87919402921744,106.18806677768075,106.62357330322266,814900,0.0,0.0
2017-03-06 00:00:00-05:00,105.82829017722038,106.70877276118759,105.67681310831486,106.29219818115234,733200,0.0,0.0
2017-03-07 00:00:00-05:00,105.92299321480107,106.98336187979173,105.92299321480107,106.66146850585938,737700,0.0,0.0
2017-03-08 00:00:00-05:00,106.75612392840331,107.12535789775896,106.34901888229719,106.68038177490234,938200,0.0,0.0
2017-03-09 00:00:00-05:00,106.97387544623852,106.98334502138273,106.15966533990365,106.49103546142578,865000,0.0,0.0
2017-03-10 00:00:00-05:00,106.81291791936998,106.92653114003508,105.87563232418114,105.97030639648438,1010900,0.0,0.0
2017-03-13 00:00:00-04:00,106.10286959537376,106.50997467639701,105.51587869014932,106.1786117553711,961800,0.0,0.0
2017-03-14 00:00:00-04:00,106.03660339983402,106.35849676446173,105.49695311788669,106.1407470703125,605900,0.0,0.0
2017-03-15 00:00:00-04:00,106.70878755576037,107.26737693126823,105.99872109034554,106.87920379638672,846800,0.0,0.0
2017-03-16 00:00:00-04:00,106.99281163805098,107.74074914403398,106.93600141192607,107.49459075927734,765200,0.0,0.0
2017-03-17 00:00:00-04:00,107.56086933850295,107.6934145015744,105.96085058306528,105.97978973388672,967000,0.0,0.0
2017-03-20 00:00:00-04:00,105.94192050169355,107.04015290387751,105.71470125006407,106.28275299072266,647200,0.0,0.0
2017-03-21 00:00:00-04:00,106.84133593431528,107.08749433888991,104.67326539453717,104.97622680664062,838500,0.0,0.0
2017-03-22 00:00:00-04:00,104.93836882935334,105.30761009390196,104.24724140756219,105.21292877197266,1059000,0.0,0.0
2017-03-23 00:00:00-04:00,105.2507774216844,106.93600057915837,105.12770184184917,106.1975326538086,972400,0.0,0.0
2017-03-24 00:00:00-04:00,106.44370393155394,107.43779993497974,106.09340185289045,106.48157501220703,907200,0.0,0.0
2017-03-27 00:00:00-04:00,105.14663434397333,106.15019980727452,104.90994553464643,105.4780044555664,654600,0.0,0.0
2017-03-28 00:00:00-04:00,105.37388487887122,105.79045236671453,104.97624209873455,105.33601379394531,915900,0.0,0.0
2017-03-29 00:00:00-04:00,105.00465044212348,105.75258089134354,104.40818988570608,105.5158920288086,1067900,0.0,0.0
2017-03-30 00:00:00-04:00,105.45906958543885,105.96084872586732,104.93835129452088,105.67682647705078,857600,0.0,0.0
2017-03-31 00:00:00-04:00,105.24131327153994,106.69930994770608,105.02355639367826,106.07445526123047,888700,0.0,0.0
2017-04-03 00:00:00-04:00,106.16914431021009,107.14430116444318,105.02357120414801,105.94192504882812,1030900,0.0,0.0
2017-04-04 00:00:00-04:00,105.58213774175391,105.79989461804358,104.91941198464451,105.44959259033203,659600,0.0,0.0
2017-04-05 00:00:00-04:00,105.98927570616718,107.99639997352378,105.56323861894666,107.04964447021484,1514900,0.0,0.0
2017-04-06 00:00:00-04:00,106.90760134404593,107.62713735819983,106.02711867057988,107.30523681640625,936500,0.0,0.0
2017-04-07 00:00:00-04:00,106.8886867789818,107.91118435099354,106.8886867789818,107.24845123291016,873000,0.0,0.0
2017-04-10 00:00:00-04:00,107.25791474757649,107.4472629288015,106.58571931410653,106.92655181884766,589500,0.0,0.0
2017-04-11 00:00:00-04:00,106.55732289917603,107.35259396611305,106.48158073379999,107.34312438964844,672600,0.0,0.0
2017-04-12 00:00:00-04:00,106.64252355370178,107.30524941880239,105.97979768860117,106.96442413330078,748700,0.0,0.0
2017-04-13 00:00:00-04:00,106.69933110795297,107.50407897963612,106.42477839726942,106.44371032714844,515000,0.0,0.0
2017-04-17 00:00:00-04:00,107.11587638024601,108.3277218084737,106.84131652179309,108.18570709228516,709500,0.0,0.0
2017-04-18 00:00:00-04:00,107.80702421611228,108.64016624580447,107.25790443093884,108.0626449584961,677700,0.0,0.0
2017-04-19 00:00:00-04:00,108.33719660576608,108.78217270046562,108.07210630845627,108.28985595703125,556500,0.0,0.0
2017-04-20 00:00:00-04:00,108.60228955204676,109.73840014087446,108.37507032354884,109.21768188476562,563600,0.0,0.0
2017-04-21 00:00:00-04:00,109.24608450323052,109.65318953767132,108.19518562881746,108.89578247070312,682100,0.0,0.0
2017-04-24 00:00:00-04:00,110.40113045296873,111.83073290519135,110.2496461456106,111.43309020996094,1097000,0.0,0.0
2017-04-25 00:00:00-04:00,110.54315431875959,112.55027099490391,110.36326849470139,111.78340148925781,823500,0.0,0.0
2017-04-26 00:00:00-04:00,111.68871712507386,112.74907837395605,111.68871712507386,112.42718505859375,567500,0.0,0.0
2017-04-27 00:00:00-04:00,112.66387122363976,113.29819548772488,112.49345499504699,113.07097625732422,416900,0.0,0.0
2017-04-28 00:00:00-04:00,112.9100481902548,112.97632077766325,111.92542173220757,112.02009582519531,669000,0.0,0.0
2017-05-01 00:00:00-04:00,112.010602388953,112.82481241691484,111.28160408274795,111.6224365234375,802200,0.0,0.0
2017-05-02 00:00:00-04:00,111.7455192116953,112.92896325523722,111.52776955265834,112.52185821533203,872300,0.0,0.0
2017-05-03 00:00:00-04:00,112.41773167763101,112.50294341778779,111.75500580161294,112.33252716064453,614500,0.0,0.0
2017-05-04 00:00:00-04:00,112.46505077317961,113.4875481199981,112.19049089913564,113.04257202148438,1205100,0.0,0.0
2017-05-05 00:00:00-04:00,113.50649317114743,113.60116725720744,110.33486433753336,111.93488311767578,1168400,0.0,0.0
2017-05-08 00:00:00-04:00,111.73604812758745,111.80232070420386,110.11709756467035,110.46739959716797,762000,0.0,0.0
2017-05-09 00:00:00-04:00,110.53369017362608,111.15855218905268,110.31593325890067,110.49581909179688,730100,0.0,0.0
2017-05-10 00:00:00-04:00,110.25913880236772,111.26269726760853,109.37865594524315,110.40115356445312,594200,0.0,0.0
2017-05-11 00:00:00-04:00,110.0318885908131,110.38218338590787,108.51708174172659,109.41649627685547,786800,0.0,0.0
2017-05-12 00:00:00-04:00,109.33130601783589,109.81414602366748,108.15732423661022,108.65910339355469,773600,0.0,0.0
2017-05-15 00:00:00-04:00,108.4034806689371,110.64729330583171,107.89223194572682,109.9277572631836,1168800,0.0,0.0
2017-05-16 00:00:00-04:00,109.92776184024788,110.1455115209669,108.69697702314328,109.09461975097656,981600,0.0,0.0
2017-05-17 00:00:00-04:00,109.09460493392103,109.09460493392103,106.55730070760517,106.93599700927734,1178200,0.0,0.0
2017-05-18 00:00:00-04:00,107.30648651504706,108.27544079616625,107.15449809201124,107.7149658203125,909600,0.38,0.0
2017-05-19 00:00:00-04:00,107.93345475755632,109.3868788909167,107.6769638825208,109.00689697265625,739300,0.0,0.0
2017-05-22 00:00:00-04:00,109.22539051822223,109.79535978011877,108.95939809828828,109.21588897705078,541900,0.0,0.0
2017-05-23 00:00:00-04:00,109.25388933102448,109.42488083659747,108.75041635560196,109.139892578125,386700,0.0,0.0
2017-05-24 00:00:00-04:00,109.31088884123818,109.97585180987848,109.13989732822313,109.2918930053711,762600,0.0,0.0
2017-05-25 00:00:00-04:00,109.86186512190726,111.05880574376182,109.52938362904571,110.70732116699219,590500,0.0,0.0
2017-05-26 00:00:00-04:00,110.70733021029508,111.36279895516013,110.43184345154823,111.2488021850586,448600,0.0,0.0
2017-05-30 00:00:00-04:00,111.0493057704099,111.5812761665026,110.6883196465872,110.91631317138672,565500,0.0,0.0
2017-05-31 00:00:00-04:00,111.14428695850782,112.57871525540662,110.47932403811886,112.52171325683594,1040000,0.0,0.0
2017-06-01 00:00:00-04:00,112.63571776114277,113.04419708251953,111.55277393192118,113.04419708251953,698000,0.0,0.0
2017-06-02 00:00:00-04:00,113.09170671259496,113.4621871448637,112.29374384094069,112.87321472167969,595300,0.0,0.0
2017-06-05 00:00:00-04:00,112.96818859722698,113.47166154524075,112.68320760182121,112.91119384765625,509600,0.0,0.0
2017-06-06 00:00:00-04:00,112.41722723162307,112.44573185701307,111.52427798666324,111.8757553100586,712900,0.0,0.0
2017-06-07 00:00:00-04:00,112.07525153424521,112.1987425874833,111.22029396072388,111.78076171875,676500,0.0,0.0
2017-06-08 00:00:00-04:00,111.78074333942328,112.13222785284349,111.35326824672579,111.50525665283203,750100,0.0,0.0
2017-06-09 00:00:00-04:00,111.72376710583238,112.17973964725797,110.26084131094889,110.97330474853516,545800,0.0,0.0
2017-06-12 00:00:00-04:00,110.71683031312348,111.35329596425075,109.80487065927866,111.32479858398438,588600,0.0,0.0
2017-06-13 00:00:00-04:00,111.33426833917508,113.23417057873473,111.18227992873729,112.96818542480469,701600,0.0,0.0
2017-06-14 00:00:00-04:00,112.79720475410119,114.77310501220595,112.78771046022995,114.00364685058594,736900,0.0,0.0
2017-06-15 00:00:00-04:00,113.50966208262653,115.05808711190824,113.2531784583415,115.02008819580078,517700,0.0,0.0
2017-06-16 00:00:00-04:00,115.24806831061795,116.40700982377582,115.07707682101186,116.13152313232422,1160000,0.0,0.0
2017-06-19 00:00:00-04:00,116.19802554151177,116.83449107897177,115.19107963164656,116.06503295898438,863400,0.0,0.0
2017-06-20 00:00:00-04:00,116.00805060473948,116.36902947480758,115.12459564208984,115.12459564208984,547800,0.0,0.0
2017-06-21 00:00:00-04:00,115.18159060300312,115.18159060300312,112.6642183073238,112.9872055053711,892900,0.0,0.0
2017-06-22 00:00:00-04:00,112.82570671492014,113.46217956022943,112.4077330934734,112.77821350097656,722100,0.0,0.0
2017-06-23 00:00:00-04:00,112.79722716212409,114.63063365330196,112.68323763260369,114.05116271972656,1298400,0.0,0.0
2017-06-26 00:00:00-04:00,114.83962119464658,115.43808795204143,114.41214597472938,114.58313751220703,609500,0.0,0.0
2017-06-27 00:00:00-04:00,114.5545944935126,115.19106720989004,113.78513645650057,114.39310455322266,548300,0.0,0.0
2017-06-28 00:00:00-04:00,115.18158873306608,116.35952625038222,114.41213054198374,116.10304260253906,579400,0.0,0.0
2017-06-29 00:00:00-04:00,116.41653609895604,116.55902299760851,114.84911498579876,115.29559326171875,786700,0.0,0.0
2017-06-30 00:00:00-04:00,115.55206608384864,116.0840364490419,115.21958460560286,115.5900650024414,628600,0.0,0.0
2017-07-03 00:00:00-04:00,115.96054825182493,116.7015090637291,115.57107200988551,115.91304779052734,399200,0.0,0.0
2017-07-05 00:00:00-04:00,116.13154446866758,118.17394117877237,115.44757838458104,117.77496337890625,819900,0.0,0.0
2017-07-06 00:00:00-04:00,117.30947734708946,117.46147302528502,115.94155248109368,116.0555419921875,714800,0.0,0.0
2017-07-07 00:00:00-04:00,116.37852909252453,117.48997031012723,116.15053557541154,117.24298095703125,598500,0.0,0.0
2017-07-10 00:00:00-04:00,116.92949994575133,117.26198869284414,116.39752954648785,116.87250518798828,515700,0.0,0.0
2017-07-11 00:00:00-04:00,117.01500560079701,117.28099081468294,115.95105749769981,116.4735336303711,586800,0.0,0.0
2017-07-12 00:00:00-04:00,117.01499919227116,118.47792503607761,116.95800443457516,118.05994415283203,480800,0.0,0.0
2017-07-13 00:00:00-04:00,118.27842093092535,118.60140084641841,116.9294847759277,118.43991088867188,820500,0.0,0.0
2017-07-14 00:00:00-04:00,118.28790906291529,119.30435646101085,117.73694292709331,118.83888244628906,403000,0.0,0.0
2017-07-17 00:00:00-04:00,118.55391839950775,119.29487921177734,118.16443490982343,119.09539031982422,492900,0.0,0.0
2017-07-18 00:00:00-04:00,118.6489254563148,119.68436895240832,118.38294023704505,119.55137634277344,663100,0.0,0.0
2017-07-19 00:00:00-04:00,119.75084992815509,120.29232184022825,118.81040023824966,120.26382446289062,845600,0.0,0.0
2017-07-20 00:00:00-04:00,120.27331987881898,121.2612699790045,119.76034537021002,120.80529022216797,1248500,0.0,0.0
2017-07-21 00:00:00-04:00,123.96862228231969,126.93246516511891,123.63613358926808,125.93502807617188,2559400,0.0,0.0
2017-07-24 00:00:00-04:00,126.4860250452261,128.4334283440127,126.3720355139184,126.88501739501953,1630700,0.0,0.0
2017-07-25 00:00:00-04:00,127.96795970928662,128.13894400395202,125.70707073465707,126.10604858398438,1016500,0.0,0.0
2017-07-26 00:00:00-04:00,126.14402335698605,127.14147509418466,126.09653738934821,126.60950469970703,661400,0.0,0.0
2017-07-27 00:00:00-04:00,126.9039766321085,126.9039766321085,124.09212921281238,125.2890625,799300,0.0,0.0
2017-07-28 00:00:00-04:00,125.2890796024102,125.82105002488724,124.63361086931995,125.59307098388672,677400,0.0,0.0
2017-07-31 00:00:00-04:00,126.0775193987467,126.22951506351406,124.86158307081665,125.04207611083984,894200,0.0,0.0
2017-08-01 00:00:00-04:00,125.16554878169005,125.87801208997743,124.89006934699763,125.00405883789062,1082600,0.0,0.0
2017-08-02 00:00:00-04:00,124.73809510420962,124.89958507572516,122.0782287310769,122.89518737792969,1200800,0.0,0.0
2017-08-03 00:00:00-04:00,122.98070970464734,123.23718613591474,121.66027789124716,122.27774047851562,1273300,0.0,0.0
2017-08-04 00:00:00-04:00,122.64819147376815,123.10416395939667,121.87873337455004,122.81917572021484,878000,0.0,0.0
2017-08-07 00:00:00-04:00,123.24667215957125,123.27516953555899,122.15421959799063,122.6102066040039,772800,0.0,0.0
2017-08-08 00:00:00-04:00,122.22072109837745,122.42971151553519,120.9762801364525,121.30876159667969,817400,0.0,0.0
2017-08-09 00:00:00-04:00,120.69130858385553,121.65075412312778,119.95984206652997,121.61276245117188,1401100,0.0,0.0
2017-08-10 00:00:00-04:00,121.09977569819108,122.41070567506848,120.51080337652333,120.55830383300781,719700,0.0,0.0
2017-08-11 00:00:00-04:00,121.09979086650783,122.54371360533732,121.0522904040737,121.36577606201172,1159500,0.0,0.0
2017-08-14 00:00:00-04:00,122.21120338005078,124.20610649075438,121.75523091007125,123.99711608886719,1214500,0.0,0.0
2017-08-15 00:00:00-04:00,124.37709226857264,125.74502419052168,124.10161282364574,125.58353424072266,827100,0.0,0.0
2017-08-16 00:00:00-04:00,125.89703818182268,126.4955121086071,125.09908260951397,125.47905731201172,732000,0.0,0.0
2017-08-17 00:00:00-04:00,124.65261090817246,126.13453261888806,123.6646534376244,123.7026596069336,971900,0.0,0.0
2017-08-18 00:00:00-04:00,123.94082102989849,124.67442825883145,122.93092809884972,124.3219223022461,1479100,0.38,0.0
2017-08-21 00:00:00-04:00,124.30285249951385,125.10314329365835,123.86458970984856,124.62677764892578,655000,0.0,0.0
2017-08-22 00:00:00-04:00,124.92215406264305,126.57039008317518,124.92215406264305,126.31314849853516,555200,0.0,0.0
2017-08-23 00:00:00-04:00,125.69386804982581,126.12260888293116,125.10317913314547,125.77962493896484,422700,0.0,0.0
2017-08-24 00:00:00-04:00,126.26549105761218,126.68469519888157,125.25559810138726,125.95108795166016,430600,0.0,0.0
2017-08-25 00:00:00-04:00,126.55133770572031,126.81810138551802,125.98922956168445,126.13213348388672,597500,0.0,0.0
2017-08-28 00:00:00-04:00,126.23687871148098,126.46553942341035,125.76051313143766,126.40836334228516,410800,0.0,0.0
2017-08-29 00:00:00-04:00,125.75104029683867,126.94195471330325,125.44615922820958,126.74187469482422,455100,0.0,0.0
2017-08-30 00:00:00-04:00,126.6846586460962,128.09469663827284,126.15113154297656,128.08517456054688,467400,0.0,0.0
2017-08-31 00:00:00-04:00,128.36151978422856,128.65686424360914,127.2658842986175,127.69461059570312,1020000,0.0,0.0
2017-09-01 00:00:00-04:00,128.27574802035642,128.3138508777371,127.12293669359924,127.43733978271484,672600,0.0,0.0
2017-09-05 00:00:00-04:00,126.80856417707106,127.27539329226703,126.02731739547445,126.77044677734375,879200,0.0,0.0
2017-09-06 00:00:00-04:00,127.47547964518506,128.37104959550527,127.02769467002496,127.89468383789062,750200,0.0,0.0
2017-09-07 00:00:00-04:00,127.84701431703394,128.17093946709883,127.40875152648522,127.87559509277344,492600,0.0,0.0
2017-09-08 00:00:00-04:00,127.90416877764422,129.34278771437167,127.52308209722734,128.95217895507812,427300,0.0,0.0
2017-09-11 00:00:00-04:00,130.0287733668119,130.32411776564322,128.9521968037358,129.30470275878906,1097800,0.0,0.0
2017-09-12 00:00:00-04:00,129.5238427207549,129.75250351109338,128.44726602620878,129.7239227294922,388900,0.0,0.0
2017-09-13 00:00:00-04:00,129.7525299151411,130.05739649343593,128.81885693860286,128.97128295898438,488900,0.0,0.0
2017-09-14 00:00:00-04:00,128.78069288085547,129.41902113116615,128.06614437919816,128.58062744140625,523300,0.0,0.0
2017-09-15 00:00:00-04:00,128.62825192134923,130.3527078440802,128.5615682876118,129.8858642578125,936900,0.0,0.0
2017-09-18 00:00:00-04:00,129.97162228231085,130.5146861852275,129.6095796803664,130.29554748535156,523800,0.0,0.0
2017-09-19 00:00:00-04:00,130.68617206463543,130.74333362598637,130.06690243329595,130.27650451660156,480700,0.0,0.0
2017-09-20 00:00:00-04:00,130.33364974682078,130.82907411233145,129.29517607899342,130.30506896972656,633700,0.0,0.0
2017-09-21 00:00:00-04:00,130.15263200529523,130.45749848176408,129.39998062547446,130.19073486328125,421200,0.0,0.0
2017-09-22 00:00:00-04:00,130.3431750009583,131.74369126278827,130.3431750009583,131.50550842285156,704300,0.0,0.0
2017-09-25 00:00:00-04:00,131.6674763004976,132.45824510536735,130.35271685673231,132.22006225585938,1075600,0.0,0.0
2017-09-26 00:00:00-04:00,132.18195894958455,132.36296570307564,131.2578083336157,131.81039428710938,556200,0.0,0.0
2017-09-27 00:00:00-04:00,132.54399018039803,133.32523692093702,131.810397455778,132.15338134765625,581600,0.0,0.0
2017-09-28 00:00:00-04:00,131.9532739354983,132.0866557247624,131.1720273572907,132.05807495117188,459800,0.0,0.0
2017-09-29 00:00:00-04:00,131.8675726218626,132.71550308962262,131.52458869459286,132.6297607421875,623700,0.0,0.0
2017-10-02 00:00:00-04:00,132.92511714127522,133.63966584255874,132.7440958109452,133.58250427246094,868200,0.0,0.0
2017-10-03 00:00:00-04:00,133.39191945495102,134.6018924159262,132.90603166945436,134.3351287841797,554800,0.0,0.0
2017-10-04 00:00:00-04:00,134.3351356886488,135.04968428273733,134.01121048166877,135.01158142089844,634200,0.0,0.0
2017-10-05 00:00:00-04:00,135.17351563586598,135.93568901280292,134.66856923175888,135.38311767578125,607600,0.0,0.0
2017-10-06 00:00:00-04:00,135.69756936973806,137.17430641569155,135.44034227716068,135.75474548339844,819800,0.0,0.0
2017-10-09 00:00:00-04:00,135.7070780464705,136.07864275232532,134.77340524105858,135.240234375,547600,0.0,0.0
2017-10-10 00:00:00-04:00,135.54507858619291,135.88806241662658,134.94485324855276,135.4212188720703,562200,0.0,0.0
2017-10-11 00:00:00-04:00,135.49747125904113,136.05005725790895,135.12590656605587,135.81187438964844,536400,0.0,0.0
2017-10-12 00:00:00-04:00,135.61176297061968,137.12660217285156,135.31641860839494,137.12660217285156,739700,0.0,0.0
2017-10-13 00:00:00-04:00,137.2504826007055,137.96503114780415,136.98371897279085,137.42198181152344,703900,0.0,0.0
2017-10-16 00:00:00-04:00,137.4791868516551,137.99365557177194,136.9742402150014,137.9079132080078,492400,0.0,0.0
2017-10-17 00:00:00-04:00,137.98409353586163,137.9936156165677,136.57405510239087,137.3171844482422,503200,0.0,0.0
2017-10-18 00:00:00-04:00,137.61255336965036,138.93684970002028,137.3743704718318,138.3366241455078,619000,0.0,0.0
2017-10-19 00:00:00-04:00,137.9173932144303,138.24133294126224,136.45019324447497,137.3743438720703,515200,0.0,0.0
2017-10-20 00:00:00-04:00,138.13654347465788,138.80345260776735,137.39341407811747,138.77487182617188,476400,0.0,0.0
2017-10-23 00:00:00-04:00,138.73674068562985,139.30838533598333,138.41281550127562,139.15594482421875,597300,0.0,0.0
2017-10-24 00:00:00-04:00,139.16548046135173,140.7089006538902,138.33659427042824,140.051513671875,714600,0.0,0.0
2017-10-25 00:00:00-04:00,140.0324570606153,140.30875730755,137.6220477823211,138.69863891601562,938300,0.0,0.0
2017-10-26 00:00:00-04:00,139.56564375862817,141.00426310135447,139.53706297640724,140.41357421875,912900,0.0,0.0
2017-10-27 00:00:00-04:00,140.98519104084284,140.98519104084284,139.06068404519942,139.47987365722656,863600,0.0,0.0
2017-10-30 00:00:00-04:00,138.95586044969403,138.9844412245668,134.68761392670467,136.2215118408203,808800,0.0,0.0
2017-10-31 00:00:00-04:00,136.23106801173017,136.6312134549103,134.89723533026896,135.67848205566406,985900,0.0,0.0
2017-11-01 00:00:00-04:00,136.99320517490239,137.45052659229336,135.76418839228262,136.7073974609375,543300,0.0,0.0
2017-11-02 00:00:00-04:00,136.4406779278196,137.2219101606076,135.43077037502647,136.74554443359375,823700,0.0,0.0
2017-11-03 00:00:00-04:00,137.56487730802337,140.69935701343383,133.52529120151996,139.37506103515625,1953500,0.0,0.0
2017-11-06 00:00:00-05:00,139.52751578796978,139.69901500583316,137.47914901714776,137.67921447753906,851700,0.0,0.0
2017-11-07 00:00:00-05:00,137.8411412020512,138.78435031099718,136.41204442108565,136.9741668701172,549200,0.0,0.0
2017-11-08 00:00:00-05:00,136.85035892076726,138.12701570559082,136.40257393037652,138.07937622070312,552400,0.0,0.0
2017-11-09 00:00:00-05:00,137.6410829630806,137.92690524166628,135.19255670614425,136.32630920410156,572600,0.0,0.0
2017-11-10 00:00:00-05:00,135.9071509636505,136.60265546816535,134.98300018918437,135.46890258789062,546400,0.0,0.0
2017-11-13 00:00:00-05:00,134.84961929673392,135.87857113130892,134.4208930000435,135.4307861328125,492300,0.0,0.0
2017-11-14 00:00:00-05:00,135.05918851100523,137.08851090197967,134.63046231872897,136.37396240234375,424900,0.0,0.0
2017-11-15 00:00:00-05:00,135.86905611130183,136.35494400113552,134.80200135518197,135.24978637695312,619300,0.0,0.0
2017-11-16 00:00:00-05:00,136.00239625156277,138.12698302967877,136.00239625156277,137.279052734375,789100,0.0,0.0
2017-11-17 00:00:00-05:00,137.83168452380167,140.36595417354525,136.8217913120697,139.85147094726562,941900,0.0,0.0
2017-11-20 00:00:00-05:00,140.28130796011192,141.89560560379272,140.1380331412544,141.66635131835938,831700,0.38,0.0
2017-11-21 00:00:00-05:00,142.32543118124116,142.92721451407724,142.10573828800733,142.76483154296875,804900,0.0,0.0
2017-11-22 00:00:00-05:00,142.70750427246094,143.17555958615588,141.84782630676622,142.70750427246094,685000,0.0,0.0
2017-11-24 00:00:00-05:00,142.65975066409996,143.97792252641494,142.65975066409996,143.5003204345703,291000,0.0,0.0
2017-11-27 00:00:00-05:00,143.50986853192217,144.62745557444643,143.0131583212699,143.15643310546875,609100,0.0,0.0
2017-11-28 00:00:00-05:00,143.70092363601262,144.3122537471962,142.6215382149933,144.1212158203125,1098300,0.0,0.0
2017-11-29 00:00:00-05:00,144.7898374604231,146.54740948491673,142.71704633774456,143.12777709960938,626500,0.0,0.0
2017-11-30 00:00:00-05:00,143.95882679279262,145.26745184087326,141.6663280409275,145.01910400390625,1178200,0.0,0.0
2017-12-01 00:00:00-05:00,145.01909486143342,145.02864165543295,141.18871705520286,144.5223846435547,769700,0.0,0.0
2017-12-04 00:00:00-05:00,146.44237165298478,146.9677369429099,144.62748927898286,144.95225524902344,740100,0.0,0.0
2017-12-05 00:00:00-05:00,145.5158344686091,146.7767112698815,144.71346627248798,145.26748657226562,724600,0.0,0.0
2017-12-06 00:00:00-05:00,145.26748344565002,145.60179623254047,144.12124110796742,145.448974609375,605800,0.0,0.0
2017-12-07 00:00:00-05:00,145.2388083407972,146.09848633103627,144.80896934567764,144.93313598632812,801900,0.0,0.0
2017-12-08 00:00:00-05:00,145.42982486486724,145.99339178828495,144.5319306748754,145.5635528564453,519100,0.0,0.0
2017-12-11 00:00:00-05:00,145.37251495065635,146.40413713222625,144.8758047353987,145.5635528564453,869900,0.0,0.0
2017-12-12 00:00:00-05:00,145.72600381187772,146.67166156344655,145.17198342386146,145.73556518554688,438400,0.0,0.0
2017-12-13 00:00:00-05:00,145.8883442842898,146.06983542789052,143.4048219239007,143.44302368164062,825300,0.0,0.0
2017-12-14 00:00:00-05:00,143.50034992589482,144.03526204665127,142.77439984419138,142.8030548095703,573500,0.0,0.0
2017-12-15 00:00:00-05:00,143.9301469598516,144.44596533659802,143.06092230503316,143.82508850097656,1559200,0.0,0.0
2017-12-18 00:00:00-05:00,144.6084005997256,145.03823968567852,143.11828399494843,143.7296142578125,1034900,0.0,0.0
2017-12-19 00:00:00-05:00,144.20717885698934,144.8662720852802,143.15644840967644,143.4239044189453,707700,0.0,0.0
2017-12-20 00:00:00-05:00,143.4620896022008,143.7582005070847,141.49437171467636,141.8191375732422,626000,0.0,0.0
2017-12-21 00:00:00-05:00,142.1725674724327,142.4686783962425,140.76841635124802,140.8734893798828,504900,0.0,0.0
2017-12-22 00:00:00-05:00,141.370207441252,141.370207441252,139.87053000132573,140.40545654296875,479400,0.0,0.0
2017-12-26 00:00:00-05:00,140.0520508131807,140.3577231875131,138.79118870721217,139.3356475830078,485300,0.0,0.0
2017-12-27 00:00:00-05:00,139.66996250237554,140.7302397717719,138.6192320281054,140.0615997314453,536700,0.0,0.0
2017-12-28 00:00:00-05:00,140.3577036268604,141.4084194728599,139.76548170320143,141.1982879638672,479700,0.0,0.0
2017-12-29 00:00:00-05:00,141.30330781943707,142.31583621018387,140.99765014648438,140.99765014648438,410900,0.0,0.0
2018-01-02 00:00:00-05:00,141.33199423448417,141.69496185353478,139.13502205754344,139.58396911621094,571600,0.0,0.0
2018-01-03 00:00:00-05:00,139.02998755273384,142.28723768504236,138.98222442310328,142.19171142578125,1007600,0.0,0.0
2018-01-04 00:00:00-05:00,142.56422430096933,145.916985735929,142.56422430096933,144.8089599609375,778200,0.0,0.0
2018-01-05 00:00:00-05:00,145.1623812837348,147.36890062091697,144.9044720724932,147.216064453125,1275200,0.0,0.0
2018-01-08 00:00:00-05:00,147.47397347281827,148.47694078166907,146.89129833721995,148.12351989746094,566200,0.0,0.0
2018-01-09 00:00:00-05:00,148.24769395773671,149.31753260923253,148.0280010653511,149.12648010253906,626200,0.0,0.0
2018-01-10 00:00:00-05:00,149.13604445481874,149.42259407006836,147.4357820531235,147.8751678466797,627000,0.0,0.0
2018-01-11 00:00:00-05:00,148.6011252237141,148.8112567396542,147.6745759784958,148.74440002441406,521800,0.0,0.0
2018-01-12 00:00:00-05:00,149.54677830314316,150.5019825739351,148.74441021374045,150.20587158203125,564900,0.0,0.0
2018-01-16 00:00:00-05:00,150.74082290228455,151.40946315093507,148.01849876665082,148.56295776367188,588700,0.0,0.0
2018-01-17 00:00:00-05:00,149.8810862807471,150.96045705623516,148.83035588840445,150.3586883544922,680800,0.0,0.0
2018-01-18 00:00:00-05:00,149.84285583497248,150.84582301039242,149.35570701274324,150.52105712890625,780700,0.0,0.0
2018-01-19 00:00:00-05:00,151.19927674585176,152.95686367125546,150.7789991123256,152.04940795898438,786800,0.0,0.0
2018-01-22 00:00:00-05:00,152.4410622171395,153.29119352514053,150.15812435125383,153.28164672851562,491100,0.0,0.0
2018-01-23 00:00:00-05:00,153.04280314233935,153.89293421429673,151.9347628804993,153.63502502441406,518400,0.0,0.0
2018-01-24 00:00:00-05:00,154.28457552727698,156.09945754850963,153.92159329292713,154.924560546875,509000,0.0,0.0
2018-01-25 00:00:00-05:00,155.53591225560638,156.36693530226876,154.8386172230651,155.49769592285156,470200,0.0,0.0
2018-01-26 00:00:00-05:00,156.38605337146484,159.7388153076172,155.76517638985706,159.7388153076172,838700,0.0,0.0
2018-01-29 00:00:00-05:00,158.69758678310865,159.1751887674776,154.47558699031774,154.50424194335938,964200,0.0,0.0
2018-01-30 00:00:00-05:00,153.83564349623595,155.4117246388669,152.95685735743916,154.38966369628906,778900,0.0,0.0
2018-01-31 00:00:00-05:00,154.3800822616934,155.47857572386732,153.43443952912017,154.54246520996094,668000,0.0,0.0
2018-02-01 00:00:00-05:00,154.42785541874676,156.74900911600903,153.6159406246393,156.2427520751953,576600,0.0,0.0
2018-02-02 00:00:00-05:00,154.81948810669624,155.54543800293874,151.1515077226418,151.5049285888672,786700,0.0,0.0
2018-02-05 00:00:00-05:00,150.7980098145751,151.60039203360557,144.3121828311569,144.53187561035156,1363100,0.0,0.0
2018-02-06 00:00:00-05:00,144.1116733321902,150.89362993961,140.7398031962502,150.86497497558594,1982000,0.0,0.0
2018-02-07 00:00:00-05:00,149.98616461400783,154.02667421943582,149.42258306989947,150.9031524658203,1034000,0.0,0.0
2018-02-08 00:00:00-05:00,150.87450219981176,152.9472935884777,145.0477652583536,145.32476806640625,1665200,0.0,0.0
2018-02-09 00:00:00-05:00,147.74140825129774,151.44760461901532,142.60240581258714,147.71275329589844,2309600,0.0,0.0
2018-02-12 00:00:00-05:00,149.776025578684,154.1508626835789,148.744403265388,152.14492797851562,1214600,0.0,0.0
2018-02-13 00:00:00-05:00,150.6070177535138,154.52336010902042,149.69957683950815,154.36097717285156,754000,0.0,0.0
2018-02-14 00:00:00-05:00,153.73054953898318,156.86361780777534,152.64161745257684,156.2236328125,1356900,0.0,0.0
2018-02-15 00:00:00-05:00,157.6564384706331,159.50953674316406,155.93706818811685,159.50953674316406,934100,0.0,0.0
2018-02-16 00:00:00-05:00,159.23181489633828,161.9134555939046,158.91576297636908,161.09939575195312,765600,0.44,0.0
2018-02-20 00:00:00-05:00,160.36190125646434,162.34438966041824,159.31798174763674,161.02273559570312,661000,0.0,0.0
2018-02-21 00:00:00-05:00,160.9556843068264,163.4074644142467,159.81598622241725,159.93092346191406,804100,0.0,0.0
2018-02-22 00:00:00-05:00,160.78331027032908,161.61652858574473,159.30840161834294,160.1033172607422,593900,0.0,0.0
2018-02-23 00:00:00-05:00,160.15123507876254,162.143310546875,159.33716064802,162.143310546875,669000,0.0,0.0
2018-02-26 00:00:00-05:00,163.1967916376366,163.57989147979953,161.49203752786457,163.0052490234375,739500,0.0,0.0
2018-02-27 00:00:00-05:00,162.71791607719805,164.39393940483038,161.25259399414062,161.25259399414062,742300,0.0,0.0
2018-02-28 00:00:00-05:00,162.2390706430121,163.8384888026287,159.80644865346534,159.8256072998047,1068000,0.0,0.0
2018-03-01 00:00:00-05:00,159.67233176397104,161.69313739623732,157.8334966969522,159.4807891845703,836700,0.0,0.0
2018-03-02 00:00:00-05:00,157.63239081182775,160.1416471986444,156.05214603076703,159.883056640625,780900,0.0,0.0
2018-03-05 00:00:00-05:00,154.91246834370628,161.19516023941227,153.9930432452723,160.41940307617188,880300,0.0,0.0
2018-03-06 00:00:00-05:00,160.89824668186114,161.37711051127144,157.29719594565086,159.04025268554688,1095100,0.0,0.0
2018-03-07 00:00:00-05:00,157.0673397028745,160.2757332801159,156.88536910526028,159.71066284179688,773300,0.0,0.0
2018-03-08 00:00:00-05:00,160.08416513377585,161.65483783912072,159.66277725838978,161.25259399414062,757100,0.0,0.0
2018-03-09 00:00:00-05:00,162.59345542259962,164.4227044447917,161.06108507141352,162.8616180419922,826000,0.0,0.0
2018-03-12 00:00:00-04:00,162.82329504550455,163.5799081774055,161.7506446054858,162.6796417236328,636600,0.0,0.0
2018-03-13 00:00:00-04:00,163.51281597924776,163.81929580134354,161.55905826155495,161.9325714111328,551900,0.0,0.0
2018-03-14 00:00:00-04:00,162.30608176395666,162.30608176395666,159.13600605430955,159.6436004638672,689800,0.0,0.0
2018-03-15 00:00:00-04:00,160.08415005371558,160.40020189080553,158.4368575406322,159.44247436523438,574700,0.0,0.0
2018-03-16 00:00:00-04:00,159.5765970116565,161.19515928775863,158.5422492621871,160.2278594970703,907600,0.0,0.0
2018-03-19 00:00:00-04:00,159.94050151679136,160.57260520972963,157.33548140083002,158.3985595703125,494300,0.0,0.0
2018-03-20 00:00:00-04:00,159.0019580204455,161.26219599369313,158.3123929022503,160.38108825683594,463500,0.0,0.0
2018-03-21 00:00:00-04:00,160.63008318109664,162.26778928453695,160.08417140410702,160.1416473388672,535100,0.0,0.0
2018-03-22 00:00:00-04:00,158.59011421134514,159.27967927172847,153.9068267009371,154.1079559326172,770100,0.0,0.0
2018-03-23 00:00:00-04:00,154.34743103552012,155.2189669271051,151.69452067503045,151.72325134277344,990300,0.0,0.0
2018-03-26 00:00:00-04:00,154.7113168769541,156.72255077089804,153.1502307576687,156.3969268798828,552400,0.0,0.0
2018-03-27 00:00:00-04:00,157.19186478350744,157.19186478350744,151.73280476122977,152.79588317871094,789100,0.0,0.0
2018-03-28 00:00:00-04:00,153.17893413658078,153.9451190365664,149.7119653660035,152.22120666503906,784100,0.0,0.0
2018-03-29 00:00:00-04:00,153.04491456131186,155.61161820497222,151.79029340610717,154.48150634765625,856900,0.0,0.0
2018-04-02 00:00:00-04:00,154.15585583948774,154.43359044030058,149.63537996106427,151.9530792236328,969700,0.0,0.0
2018-04-03 00:00:00-04:00,153.12151526526696,154.2707856268936,151.4263330789525,154.0696563720703,862300,0.0,0.0
2018-04-04 00:00:00-04:00,152.28826413031373,155.86059868737513,151.10069123014998,155.40087890625,722900,0.0,0.0
2018-04-05 00:00:00-04:00,156.32028685261676,156.32028685261676,154.5197544401204,155.37213134765625,437700,0.0,0.0
2018-04-06 00:00:00-04:00,153.50459684258237,154.91245775137148,150.5835243919055,152.26913452148438,684300,0.0,0.0
2018-04-09 00:00:00-04:00,153.6291072108947,155.79356659908896,152.55644222616803,152.71926879882812,501800,0.0,0.0
2018-04-10 00:00:00-04:00,154.97948725131283,156.9236731102708,153.64823185805952,155.7648162841797,681600,0.0,0.0
2018-04-11 00:00:00-04:00,154.58684723700313,156.25328425114435,153.38010085984828,155.5349884033203,671400,0.0,0.0
2018-04-12 00:00:00-04:00,157.09607492642075,158.29323456258123,156.09045790929295,157.0194549560547,599100,0.0,0.0
2018-04-13 00:00:00-04:00,157.09605077916504,158.40813286231176,154.98905306614253,156.00424194335938,420600,0.0,0.0
2018-04-16 00:00:00-04:00,157.58449973026896,158.32195410620852,156.1574948969902,157.4312744140625,466300,0.0,0.0
2018-04-17 00:00:00-04:00,158.33156744231746,159.4616792355047,157.64200225490046,158.92535400390625,674600,0.0,0.0
2018-04-18 00:00:00-04:00,159.17436227514523,159.83519681543308,158.05382246873987,159.43295288085938,516100,0.0,0.0
2018-04-19 00:00:00-04:00,158.98280798915275,159.17435061819373,157.55578836733054,158.7146453857422,596200,0.0,0.0
2018-04-20 00:00:00-04:00,158.60928561699248,159.58617196676042,156.4543982833593,157.0865020751953,671100,0.0,0.0
2018-04-23 00:00:00-04:00,157.06733767274724,157.37381754134978,155.0178010462022,155.61158752441406,671200,0.0,0.0
2018-04-24 00:00:00-04:00,156.2724515012122,156.70342611087702,152.3936507866943,153.67701721191406,817100,0.0,0.0
2018-04-25 00:00:00-04:00,154.19417302739026,156.4639831961709,152.92996533951444,155.6690673828125,1049500,0.0,0.0
2018-04-26 00:00:00-04:00,156.19581381084814,158.77210377297502,154.40486761114212,157.71859741210938,1904000,0.0,0.0
2018-04-27 00:00:00-04:00,157.92929762815908,157.92929762815908,155.59245423073395,156.1383514404297,1318400,0.0,0.0
2018-04-30 00:00:00-04:00,157.0864546989543,157.83348091354773,155.32422514890968,155.3433837890625,742800,0.0,0.0
2018-05-01 00:00:00-04:00,154.6538932663929,157.44088489180774,153.97391465839883,157.22061157226562,804500,0.0,0.0
2018-05-02 00:00:00-04:00,156.6746690908252,157.41212350299574,155.52539878711107,155.83187866210938,787200,0.0,0.0
2018-05-03 00:00:00-04:00,155.3817426675896,156.64593559466948,153.69613261313043,156.2245330810547,781500,0.0,0.0
2018-05-04 00:00:00-04:00,155.46794139780485,160.32361330333407,154.47189639262209,159.27969360351562,621100,0.0,0.0
2018-05-07 00:00:00-04:00,159.57657151895478,161.0131629503138,159.0402463894496,160.31402587890625,450000,0.0,0.0
2018-05-08 00:00:00-04:00,159.83521032237974,161.05152885998834,159.12648640799205,160.79293823242188,579200,0.0,0.0
2018-05-09 00:00:00-04:00,161.08023130413437,163.82890524793405,160.11291693167047,163.34046936035156,585000,0.0,0.0
2018-05-10 00:00:00-04:00,163.50325484730516,166.76910942678896,163.15847233138072,166.43389892578125,752600,0.0,0.0
2018-05-11 00:00:00-04:00,166.3093898205428,167.36289601291048,165.55279145603384,166.69248962402344,871900,0.0,0.0
2018-05-14 00:00:00-04:00,167.21925424013915,167.41079684819346,163.8097315162101,164.72915649414062,617800,0.0,0.0
2018-05-15 00:00:00-04:00,163.9725718085081,164.3556570566961,162.67006150539726,163.6660919189453,540500,0.0,0.0
2018-05-16 00:00:00-04:00,163.93423929746834,165.75393059185362,163.5128367953209,164.95901489257812,742000,0.0,0.0
2018-05-17 00:00:00-04:00,164.87281922324257,165.36126970753676,163.3596223034626,164.28860473632812,463700,0.0,0.0
2018-05-18 00:00:00-04:00,164.48066581195692,165.9881575553362,164.2598260587428,165.652099609375,694000,0.44,0.0
2018-05-21 00:00:00-04:00,166.45865573148777,168.59028019860511,166.44905909923838,168.11978149414062,1059200,0.0,0.0
2018-05-22 00:00:00-04:00,168.23500639539716,168.609480154301,166.717903444843,167.41883850097656,773400,0.0,0.0
2018-05-23 00:00:00-04:00,166.2282003809236,167.14039321808153,165.13358362768065,167.12118530273438,824400,0.0,0.0
2018-05-24 00:00:00-04:00,166.92912096830045,167.4668252934,164.61505839296316,167.02513122558594,705600,0.0,0.0
2018-05-25 00:00:00-04:00,166.55467344585497,167.37082669211264,165.68089645455592,167.1019744873047,531300,0.0,0.0
2018-05-29 00:00:00-04:00,165.61367897861737,166.41063897516733,162.3106208030092,164.01016235351562,898100,0.0,0.0
2018-05-30 00:00:00-04:00,165.2008093267482,166.7275089907237,164.07738798997303,166.51626586914062,740000,0.0,0.0
2018-05-31 00:00:00-04:00,166.51625864799755,166.80431876960492,163.7029071119087,163.77972412109375,1027700,0.0,0.0
2018-06-01 00:00:00-04:00,165.57528170946543,166.7947279644398,165.17200338566576,166.0745849609375,588700,0.0,0.0
2018-06-04 00:00:00-04:00,166.91953180769178,168.26380744993526,166.03615820633826,168.2541961669922,532000,0.0,0.0
2018-06-05 00:00:00-04:00,168.29261007095144,169.63687104647178,168.04295113882208,169.2047882080078,671500,0.0,0.0
2018-06-06 00:00:00-04:00,169.68486375486236,171.22117439206593,169.0991469727047,171.21156311035156,528400,0.0,0.0
2018-06-07 00:00:00-04:00,171.50922082928585,171.60524573893207,169.39680467916628,170.68345642089844,616300,0.0,0.0
2018-06-08 00:00:00-04:00,170.68347182886097,172.1525622407324,170.32820600351883,172.0757598876953,477700,0.0,0.0
2018-06-11 00:00:00-04:00,171.97017769224286,172.68070950552735,170.34745290025722,170.7411346435547,592000,0.0,0.0
2018-06-12 00:00:00-04:00,170.28981406943265,171.0867593990468,169.18558605426497,170.96194458007812,535400,0.0,0.0
2018-06-13 00:00:00-04:00,171.22120664421897,171.87412926464486,169.78092064479455,169.82891845703125,560200,0.0,0.0
2018-06-14 00:00:00-04:00,170.83713062669182,171.39404300076637,168.45586175068314,168.9263458251953,740500,0.0,0.0
2018-06-15 00:00:00-04:00,168.59025461648721,169.94412677690516,167.72607435072598,169.76168823242188,947800,0.0,0.0
2018-06-18 00:00:00-04:00,168.83029179797734,168.83029179797734,167.76447979211926,168.1869659423828,839600,0.0,0.0
2018-06-19 00:00:00-04:00,166.44903409594872,167.1691769928426,165.64246291640552,166.33380126953125,822400,0.0,0.0
2018-06-20 00:00:00-04:00,167.0731545767131,167.88932239926376,166.35301166905484,166.5642547607422,683500,0.0,0.0
2018-06-21 00:00:00-04:00,166.78512010815794,166.97715531610203,165.335237439131,165.565673828125,515100,0.0,0.0
2018-06-22 00:00:00-04:00,166.52581616666166,166.6986580595679,165.32557815132907,165.5464324951172,752100,0.0,0.0
2018-06-25 00:00:00-04:00,164.83592995642059,165.31602528966047,161.74411483824798,162.8483428955078,793600,0.0,0.0
2018-06-26 00:00:00-04:00,163.10759643672316,165.03758920242177,162.4738816828761,162.72352600097656,596900,0.0,0.0
2018-06-27 00:00:00-04:00,163.0115717054149,163.76051924468354,161.73451637529098,161.76332092285156,665900,0.0,0.0
2018-06-28 00:00:00-04:00,161.76330398339053,164.33660763831082,161.68648698082416,163.789306640625,711100,0.0,0.0
2018-06-29 00:00:00-04:00,164.69188518831282,165.24879745854184,163.74129128116147,163.7700958251953,888900,0.0,0.0
2018-07-02 00:00:00-04:00,162.9539378155094,164.38461229781862,162.56985282089877,164.1637725830078,1040100,0.0,0.0
2018-07-03 00:00:00-04:00,164.99913591167584,165.24879482444933,162.86751177908084,163.00193786621094,437100,0.0,0.0
2018-07-05 00:00:00-04:00,163.71252440103945,165.23922419144697,162.76193027519318,164.25022888183594,681700,0.0,0.0
2018-07-06 00:00:00-04:00,164.45185485462355,168.08137429817236,164.31742875120864,165.9305419921875,682500,0.0,0.0
2018-07-09 00:00:00-04:00,166.49701500978162,168.59983439959052,166.46821046893572,168.4654083251953,639200,0.0,0.0
2018-07-10 00:00:00-04:00,168.36943024520397,169.88651852411962,167.91813948392723,169.6560821533203,768700,0.0,0.0
2018-07-11 00:00:00-04:00,168.96475852710472,171.38444319170617,167.5532770270328,170.9427490234375,770600,0.0,0.0
2018-07-12 00:00:00-04:00,171.8548987927583,174.5626431489276,170.7602821629195,174.2841796875,1181000,0.0,0.0
2018-07-13 00:00:00-04:00,174.40902530097222,175.0523512643715,173.4296267568161,174.71629333496094,604300,0.0,0.0
2018-07-16 00:00:00-04:00,174.77392105144995,175.7917208826327,174.485860901728,175.06198120117188,509500,0.0,0.0
2018-07-17 00:00:00-04:00,174.56266721553266,175.6380760804542,173.52565953092392,175.417236328125,534500,0.0,0.0
2018-07-18 00:00:00-04:00,175.7916663026799,177.59682900587757,175.772458391636,177.14553833007812,787400,0.0,0.0
2018-07-19 00:00:00-04:00,176.27178959614972,177.02073708137746,174.78349125707308,175.09075927734375,541900,0.0,0.0
2018-07-20 00:00:00-04:00,174.9755332671319,178.25938344226194,174.9755332671319,178.03854370117188,679000,0.0,0.0
2018-07-23 00:00:00-04:00,178.23062843163456,180.08380446926637,177.82735001572897,178.71072387695312,642700,0.0,0.0
2018-07-24 00:00:00-04:00,179.0755344151732,179.47881268089586,177.86569961800524,178.24017333984375,554600,0.0,0.0
2018-07-25 00:00:00-04:00,178.1537517689179,179.66125799525966,177.65446322188538,179.57484436035156,657300,0.0,0.0
2018-07-26 00:00:00-04:00,180.15098622744586,180.49665548810654,177.3088297743233,178.32662963867188,787900,0.0,0.0
2018-07-27 00:00:00-04:00,174.75467946262108,176.5022332898929,169.1087543607829,169.5696563720703,2120000,0.0,0.0
2018-07-30 00:00:00-04:00,169.35843129920198,169.35843129920198,163.10758079955914,164.01016235351562,1692100,0.0,0.0
2018-07-31 00:00:00-04:00,164.66309604698316,164.80711878062436,161.60008559987972,164.3078155517578,1527700,0.0,0.0
2018-08-01 00:00:00-04:00,164.36541343148184,166.94832838843513,163.89492943278827,164.33660888671875,888200,0.0,0.0
2018-08-02 00:00:00-04:00,162.9731496635897,165.46965113357558,162.80032238481257,165.0471649169922,884200,0.0,0.0
2018-08-03 00:00:00-04:00,166.11299315810996,166.6122964306735,164.53828097665345,165.80572509765625,854200,0.0,0.0
2018-08-06 00:00:00-04:00,165.23920252063238,165.68089665841543,164.6534856484344,164.7399139404297,741400,0.0,0.0
2018-08-07 00:00:00-04:00,165.2391723787189,167.20756574762345,164.81668623304063,166.35299682617188,740300,0.0,0.0
2018-08-08 00:00:00-04:00,166.247408858871,166.7179075527159,165.41204768027475,165.72891235351562,371800,0.0,0.0
2018-08-09 00:00:00-04:00,166.51622964718445,166.69866818080678,164.9799336850871,165.191162109375,651300,0.0,0.0
2018-08-10 00:00:00-04:00,164.16379074253518,165.03756771916758,162.83872300440456,164.18299865722656,751300,0.0,0.0
2018-08-13 00:00:00-04:00,164.30780541896573,165.0087550830489,162.5698628339244,162.62747192382812,675400,0.0,0.0
2018-08-14 00:00:00-04:00,163.213202138657,164.48066082584015,163.07877603407817,164.11578369140625,494700,0.0,0.0
2018-08-15 00:00:00-04:00,163.23242592144737,163.75092247484002,161.92656592802186,162.72352600097656,571700,0.0,0.0
2018-08-16 00:00:00-04:00,163.74130747733167,165.604079649612,163.59728474291674,164.7399139404297,804700,0.0,0.0
2018-08-17 00:00:00-04:00,165.28864408716825,165.97213884030603,164.4607562751376,165.0961151123047,593000,0.44,0.0
2018-08-20 00:00:00-04:00,165.33673106959282,166.03946822991932,164.39332908965991,164.82652282714844,596300,0.0,0.0
2018-08-21 00:00:00-04:00,164.80727384726922,166.0009767008142,164.77839524258002,165.4907684326172,1253100,0.0,0.0
2018-08-22 00:00:00-04:00,165.19238852360698,166.3668343772283,164.84583048993153,165.4041748046875,772600,0.0,0.0
2018-08-23 00:00:00-04:00,165.51002161060657,166.07800181346224,164.73990585103596,164.91317749023438,541600,0.0,0.0
2018-08-24 00:00:00-04:00,165.79885453491855,167.18508667354286,165.26938883071907,166.73263549804688,451100,0.0,0.0
2018-08-27 00:00:00-04:00,166.73260908518978,168.95635000153547,166.66523056388505,168.84083557128906,727000,0.0,0.0
2018-08-28 00:00:00-04:00,169.29327915130412,171.1223260976645,169.29327915130412,169.68797302246094,827900,0.0,0.0
2018-08-29 00:00:00-04:00,169.50508619314482,170.05379446878857,168.66757713025888,169.7361297607422,723400,0.0,0.0
2018-08-30 00:00:00-04:00,169.6398618198599,170.6121426471871,169.39919693981687,170.1500701904297,718800,0.0,0.0
2018-08-31 00:00:00-04:00,169.45695243282947,171.58443641388413,169.45695243282947,171.37265014648438,592500,0.0,0.0
2018-09-04 00:00:00-04:00,171.2667598716431,171.95023990955445,170.62177975162058,171.47854614257812,861900,0.0,0.0
2018-09-05 00:00:00-04:00,171.32450626874936,171.90210782371915,168.7349499560305,169.5243377685547,713500,0.0,0.0
2018-09-06 00:00:00-04:00,169.82272788658048,170.54472234988137,169.5243058586585,170.0537567138672,501700,0.0,0.0
2018-09-07 00:00:00-04:00,169.66871555606764,171.9694708844162,169.66871555606764,170.19818115234375,785600,0.0,0.0
2018-09-10 00:00:00-04:00,171.40150502757518,172.28714989181032,170.21743810668667,170.54473876953125,477300,0.0,0.0
2018-09-11 00:00:00-04:00,169.99602195162763,171.5170255844815,169.45693503142968,171.08383178710938,783900,0.0,0.0
2018-09-12 00:00:00-04:00,171.26673369554763,172.7299653759826,170.40033144077324,172.21975708007812,548100,0.0,0.0
2018-09-13 00:00:00-04:00,172.1234996095298,173.08615898688845,171.61329131465104,172.56631469726562,418300,0.0,0.0
2018-09-14 00:00:00-04:00,173.12467410404108,174.9055999841766,170.881675795115,174.7708282470703,535300,0.0,0.0
2018-09-17 00:00:00-04:00,175.07887520988837,175.17514703365103,169.9960343224004,170.30409240722656,988200,0.0,0.0
2018-09-18 00:00:00-04:00,170.46773250585068,171.64217817784728,170.08265992297314,171.208984375,887800,0.0,0.0
2018-09-19 00:00:00-04:00,171.26675128445495,171.69032380508736,170.1596840711625,171.16085815429688,691600,0.0,0.0
2018-09-20 00:00:00-04:00,172.19087758361252,172.56631415203552,170.29443744108653,172.0753631591797,719900,0.0,0.0
2018-09-21 00:00:00-04:00,171.77695397291484,171.8250898830403,167.08880716923986,168.07070922851562,2384500,0.0,0.0
2018-09-24 00:00:00-04:00,167.31023407955323,169.29331041833206,166.32831721769472,168.99488830566406,804600,0.0,0.0
2018-09-25 00:00:00-04:00,168.9852142540517,169.3414081987484,165.79881418562044,166.45343017578125,831000,0.0,0.0
2018-09-26 00:00:00-04:00,166.6364030548032,167.99374209347297,165.88552964991467,166.3572235107422,677500,0.0,0.0
2018-09-27 00:00:00-04:00,166.88660783825608,168.35947531272862,166.54967122581516,166.98287963867188,526600,0.0,0.0
2018-09-28 00:00:00-04:00,165.82770402544622,166.9058925489313,160.8507566580298,160.95664978027344,1366900,0.0,0.0
2018-10-01 00:00:00-04:00,161.84229895194093,163.5750888667511,161.68828460652676,163.22853088378906,745900,0.0,0.0
2018-10-02 00:00:00-04:00,161.0336608783372,162.23698511056355,160.3405449454535,160.35980224609375,779100,0.0,0.0
2018-10-03 00:00:00-04:00,161.5149748081661,162.1792120697714,159.96509276075872,160.03248596191406,747200,0.0,0.0
2018-10-04 00:00:00-04:00,159.80147438616925,159.97474604260634,155.47912801382216,156.95199584960938,1340900,0.0,0.0
2018-10-05 00:00:00-04:00,156.6632529873855,157.2408400239145,153.87153089925135,155.33477783203125,1124700,0.0,0.0
2018-10-08 00:00:00-04:00,154.48759697502223,155.75831460299503,153.1687581218536,155.61390686035156,1185400,0.0,0.0
2018-10-09 00:00:00-04:00,155.2095916211835,156.56694508133117,153.13025820389325,155.61390686035156,780700,0.0,0.0
2018-10-10 00:00:00-04:00,155.17106828290193,156.3840138173335,150.05934930984645,150.21336364746094,1314900,0.0,0.0
2018-10-11 00:00:00-04:00,149.4047530350305,152.42750330929127,146.9018471220925,147.5853271484375,1582000,0.0,0.0
2018-10-12 00:00:00-04:00,150.78134095771043,152.7932955040927,148.30729934029,150.1074676513672,1643700,0.0,0.0
2018-10-15 00:00:00-04:00,149.7320314959704,151.6477289245504,149.01967296528485,150.61769104003906,1680700,0.0,0.0
2018-10-16 00:00:00-04:00,152.18683549551236,153.9966400401328,151.29156921908933,153.7270965576172,888400,0.0,0.0
2018-10-17 00:00:00-04:00,153.13022079069006,156.32624200521343,152.36971172335944,155.7871551513672,928900,0.0,0.0
2018-10-18 00:00:00-04:00,155.63314350779248,156.287759538386,151.44558392925245,152.360107421875,1285900,0.0,0.0
2018-10-19 00:00:00-04:00,152.89919024477487,155.1999455627245,152.6777827015206,153.80409240722656,1098500,0.0,0.0
2018-10-22 00:00:00-04:00,154.86301559224904,155.56576754220646,153.1687403076886,153.48641967773438,782000,0.0,0.0
2018-10-23 00:00:00-04:00,150.74286146351122,152.100215008892,148.5191201639408,151.3589630126953,978600,0.0,0.0
2018-10-24 00:00:00-04:00,151.75362101290816,153.06283833084584,147.9992553822863,148.268798828125,1007700,0.0,0.0
2018-10-25 00:00:00-04:00,147.89338526452676,150.83912101573512,145.65038684289632,149.2796173095703,1885500,0.0,0.0
2018-10-26 00:00:00-04:00,142.473565223537,142.473565223537,135.5809216508728,136.3414306640625,4445000,0.0,0.0
2018-10-29 00:00:00-04:00,137.47738500060314,141.83823085789783,134.15621304616909,135.98526000976562,2307500,0.0,0.0
2018-10-30 00:00:00-04:00,136.67835067089678,137.22707347191766,133.9155234356891,135.86972045898438,1867300,0.0,0.0
2018-10-31 00:00:00-04:00,137.55441441228666,141.60721734231277,137.55441441228666,140.04769897460938,1851800,0.0,0.0
2018-11-01 00:00:00-04:00,140.04768852292364,144.76472850155008,140.04768852292364,144.34115600585938,1490300,0.0,0.0
2018-11-02 00:00:00-04:00,145.73701506254932,145.91030140363932,143.08008024098274,143.87908935546875,1149300,0.0,0.0
2018-11-05 00:00:00-05:00,144.3988907439819,145.7658651470098,143.68651759493292,145.3519287109375,1045100,0.0,0.0
2018-11-06 00:00:00-05:00,144.67807100139612,146.57451114521254,144.24487722046192,145.00538635253906,944000,0.0,0.0
2018-11-07 00:00:00-05:00,146.16058913210364,148.60573772339362,145.70813800596048,147.7200927734375,1016400,0.0,0.0
2018-11-08 00:00:00-05:00,148.3362261843447,149.61656531813446,147.17141620039212,149.53955078125,1156600,0.0,0.0
2018-11-09 00:00:00-05:00,149.0389364622776,150.1363675988428,146.83443819410516,147.76821899414062,1718700,0.0,0.0
2018-11-12 00:00:00-05:00,147.33501403796922,147.8548436152733,144.01384227276304,144.46629333496094,1327100,0.0,0.0
2018-11-13 00:00:00-05:00,144.16784408216645,145.0920034259111,141.89596766318428,142.5313262939453,1102400,0.0,0.0
2018-11-14 00:00:00-05:00,143.9657068026159,144.57217219646452,139.29680314202568,140.8948211669922,1534900,0.0,0.0
2018-11-15 00:00:00-05:00,139.81666076155443,143.09931825092167,138.47856474275204,141.95376586914062,1253900,0.0,0.0
2018-11-16 00:00:00-05:00,141.25101515242326,143.5421493141746,140.83707864502372,141.75160217285156,1565000,0.0,0.0
2018-11-19 00:00:00-05:00,141.74198583950042,143.1089605260377,140.75044775920213,142.65650939941406,1279100,0.0,0.0
2018-11-20 00:00:00-05:00,140.62890443167018,141.71995390184935,139.09372109890023,140.822021484375,1270800,0.44,0.0
2018-11-21 00:00:00-05:00,141.96132017527384,146.62481362612235,141.96132017527384,145.56272888183594,1761700,0.0,0.0
2018-11-23 00:00:00-05:00,144.22065153839915,146.0358456065376,144.22065153839915,145.01239013671875,522700,0.0,0.0
2018-11-26 00:00:00-05:00,146.88548436458933,148.86480100330016,145.7558206412259,148.61376953125,1148200,0.0,0.0
2018-11-27 00:00:00-05:00,147.48414069220402,148.72001316390072,146.54757901295173,147.44552612304688,829100,0.0,0.0
2018-11-28 00:00:00-05:00,147.99586276771078,153.27729254619098,147.1365449925103,153.23867797851562,1121600,0.0,0.0
2018-11-29 00:00:00-05:00,152.28279079777357,153.5669423894017,150.76690761837634,151.24002075195312,1222000,0.0,0.0
2018-11-30 00:00:00-05:00,151.22070698564133,154.04004168919752,150.88278165919465,153.5862579345703,2937900,0.0,0.0
2018-12-03 00:00:00-05:00,155.98074951320373,156.89799639171105,152.05105108569904,152.74623107910156,1291300,0.0,0.0
2018-12-04 00:00:00-05:00,152.42760795108276,153.81796795853282,147.09791423287058,147.1944580078125,1318400,0.0,0.0
2018-12-06 00:00:00-05:00,144.20135528883262,145.00272913349977,141.73926033719755,144.67445373535156,1523700,0.0,0.0
2018-12-07 00:00:00-05:00,145.1379227701081,145.59170658410295,139.78889873364463,140.75442504882812,1165800,0.0,0.0
2018-12-10 00:00:00-05:00,140.5226968536425,141.45925858081358,137.98337260111015,140.7254638671875,973600,0.0,0.0
2018-12-11 00:00:00-05:00,142.72407723214062,143.7957970751486,139.6536965288238,140.39715576171875,1141900,0.0,0.0
2018-12-12 00:00:00-05:00,143.94065019710763,144.67444481822767,142.15442080256796,143.31304931640625,1567600,0.0,0.0
2018-12-13 00:00:00-05:00,143.54477835439926,144.7903154024704,142.55993750544357,143.81512451171875,1103700,0.0,0.0
2018-12-14 00:00:00-05:00,142.58888203456826,143.34200591849287,140.20404621104805,140.50335693359375,1482300,0.0,0.0
2018-12-17 00:00:00-05:00,140.57093839947555,141.11163064683467,135.79158725179062,136.51573181152344,1509200,0.0,0.0
2018-12-18 00:00:00-05:00,137.50057274557807,139.15161409391732,136.25503585061173,137.2978057861328,1245400,0.0,0.0
2018-12-19 00:00:00-05:00,137.79024824398107,138.97784132549813,132.70192112754296,134.69090270996094,1554300,0.0,0.0
2018-12-20 00:00:00-05:00,134.27575285049423,135.01919751183203,130.74192297142068,131.95848083496094,1881900,0.0,0.0
2018-12-21 00:00:00-05:00,131.29227481027422,134.536444080443,127.98052635362458,128.00949096679688,2324400,0.0,0.0
2018-12-24 00:00:00-05:00,127.27566654865335,127.51704809067454,124.80390718283795,124.89081573486328,724500,0.0,0.0
2018-12-26 00:00:00-05:00,125.2963377813621,132.13226497339613,125.2963377813621,131.93914794921875,1250200,0.0,0.0
2018-12-27 00:00:00-05:00,130.96396612897485,135.14469611785984,129.59292076670872,135.12538146972656,1126800,0.0,0.0
2018-12-28 00:00:00-05:00,135.7626546450384,136.3709409330598,133.47436201145265,134.5460968017578,769800,0.0,0.0
2018-12-31 00:00:00-05:00,135.32815343375043,135.96540425081017,133.99572258585468,135.2122802734375,679300,0.0,0.0
2019-01-02 00:00:00-05:00,132.68260702013418,137.27850637236713,132.68260702013418,135.99436950683594,1196400,0.0,0.0
2019-01-03 00:00:00-05:00,135.54054195206993,135.8784672058274,131.23428959360857,131.48532104492188,1064500,0.0,0.0
2019-01-04 00:00:00-05:00,133.7736566736349,138.86198382400974,133.6964128104444,138.34059143066406,1139200,0.0,0.0
2019-01-07 00:00:00-05:00,137.85783459644412,140.41647322500882,137.66473229607794,138.85232543945312,941300,0.0,0.0
2019-01-08 00:00:00-05:00,137.46199317250256,140.9185795610384,136.61233993208617,140.87030029296875,1437500,0.0,0.0
2019-01-09 00:00:00-05:00,140.85097071705917,143.03305468640627,140.76406215972594,141.3433837890625,1017100,0.0,0.0
2019-01-10 00:00:00-05:00,140.65786949731907,144.08549093522328,140.020633312728,143.90203857421875,929800,0.0,0.0
2019-01-11 00:00:00-05:00,143.08130250807758,144.4233830795046,142.2992287932345,143.83441162109375,933700,0.0,0.0
2019-01-14 00:00:00-05:00,142.5019783161801,144.51027415723416,142.43439915744543,144.07579040527344,756700,0.0,0.0
2019-01-15 00:00:00-05:00,144.20132440965395,148.27584560260235,144.0275220560652,147.9475555419922,976600,0.0,0.0
2019-01-16 00:00:00-05:00,148.77788799005077,150.6799752632008,148.28547506632538,150.042724609375,1068300,0.0,0.0
2019-01-17 00:00:00-05:00,149.21238477165002,152.929665844824,149.2027348152349,152.41793823242188,966300,0.0,0.0
2019-01-18 00:00:00-05:00,153.67314460461705,154.5034976777119,152.65933920693297,153.9048614501953,1003100,0.0,0.0
2019-01-22 00:00:00-05:00,153.1614267643764,153.81797751269744,149.096554954911,150.12001037597656,1496100,0.0,0.0
2019-01-23 00:00:00-05:00,150.38071103139205,150.89243875708345,148.26620622048253,149.47311401367188,901100,0.0,0.0
2019-01-24 00:00:00-05:00,149.09653026721057,149.80136015567413,148.391700378747,148.80686950683594,941700,0.0,0.0
2019-01-25 00:00:00-05:00,150.15861307105538,151.6262020365003,148.80686778255642,151.1337890625,859700,0.0,0.0
2019-01-28 00:00:00-05:00,149.42484139569493,151.28831477222613,149.39587678599213,150.50624084472656,906100,0.0,0.0
2019-01-29 00:00:00-05:00,150.26486123278696,150.99865590942002,149.54071651525996,149.791748046875,604600,0.0,0.0
2019-01-30 00:00:00-05:00,149.85930914395934,151.52966513478762,149.27033764669497,151.07586669921875,836300,0.0,0.0
2019-01-31 00:00:00-05:00,150.36137092752003,153.70209761594626,149.74343483132517,153.0455322265625,1067700,0.0,0.0
2019-02-01 00:00:00-05:00,153.2869166850271,155.71039659895087,153.2869166850271,154.67727661132812,778800,0.0,0.0
2019-02-04 00:00:00-05:00,154.5227868551545,155.4496983713353,153.4124377598913,155.13107299804688,615300,0.0,0.0
2019-02-05 00:00:00-05:00,155.23731925922195,157.40975346114476,155.23731925922195,157.15872192382812,1023700,0.0,0.0
2019-02-06 00:00:00-05:00,156.40559067558772,156.87868907322883,154.8510929417092,156.12557983398438,1369500,0.0,0.0
2019-02-07 00:00:00-05:00,153.97246474133183,155.55592712463596,153.2483200892215,155.21798706054688,958600,0.0,0.0
2019-02-08 00:00:00-05:00,154.1752172030062,155.6331712002023,153.54763106342904,155.4786834716797,940800,0.0,0.0
2019-02-11 00:00:00-05:00,156.10629478729027,156.93664804606365,155.3049208734541,156.22216796875,583800,0.0,0.0
2019-02-12 00:00:00-05:00,157.3807507118742,157.71869073227316,156.22212236484162,157.52557373046875,652200,0.0,0.0
2019-02-13 00:00:00-05:00,158.53935726700684,160.0842046725437,158.16280273766125,158.9352264404297,564800,0.0,0.0
2019-02-14 00:00:00-05:00,157.8055904571564,158.88697499054362,156.96558745231164,158.08558654785156,1378800,0.0,0.0
2019-02-15 00:00:00-05:00,164.12978667561129,166.05117418134702,161.06907071338964,163.42494201660156,2228800,0.0,0.0
2019-02-19 00:00:00-05:00,163.0291329406887,163.79189228810762,160.28702686185125,162.16981506347656,978500,0.0,0.0
2019-02-20 00:00:00-05:00,162.63321651666953,163.80149483206256,162.18906803405773,163.61805725097656,837400,0.0,0.0
2019-02-21 00:00:00-05:00,163.88841218967508,164.88290293454,162.92288605036862,164.71876525878906,1209800,0.0,0.0
2019-02-22 00:00:00-05:00,165.47412608846486,167.46895454125217,165.2513916206171,167.23654174804688,862300,0.5,0.0
2019-02-25 00:00:00-05:00,168.01121100826538,169.5412284205465,166.63613543481281,167.0428466796875,946200,0.0,0.0
2019-02-26 00:00:00-05:00,166.65548065212826,168.19517614619411,166.0938276567449,167.03314208984375,715600,0.0,0.0
2019-02-27 00:00:00-05:00,166.50057432263108,168.311410989906,166.23911180200776,168.10806274414062,618500,0.0,0.0
2019-02-28 00:00:00-05:00,168.39852662097476,169.33784106674864,167.30428513471108,167.64320373535156,822700,0.0,0.0
2019-03-01 00:00:00-05:00,169.3281761368677,170.43211080901986,169.10545649299533,170.112548828125,780900,0.0,0.0
2019-03-04 00:00:00-05:00,169.9963602117888,171.40048552784876,165.14484548677532,166.79107666015625,1295400,0.0,0.0
2019-03-05 00:00:00-05:00,166.79106926000858,168.16614476739437,165.36757258330692,165.6483917236328,910600,0.0,0.0
2019-03-06 00:00:00-05:00,165.63871814091502,166.14227171929272,163.68261809788635,164.76718139648438,926000,0.0,0.0
2019-03-07 00:00:00-05:00,164.17648049211576,164.98022465172886,162.87887584814294,164.00218200683594,904400,0.0,0.0
2019-03-08 00:00:00-05:00,162.86920513241,164.71878461830195,162.4721721959702,164.5638427734375,681900,0.0,0.0
2019-03-11 00:00:00-04:00,164.69940135745628,166.60708020405906,164.69940135745628,166.1132049560547,802000,0.0,0.0
2019-03-12 00:00:00-04:00,166.55867753734123,168.05964531919952,166.27785836156804,166.97506713867188,987000,0.0,0.0
2019-03-13 00:00:00-04:00,167.691643934243,169.03766971920797,166.95569238616952,168.06930541992188,957200,0.0,0.0
2019-03-14 00:00:00-04:00,168.27269948760667,169.54125458967778,167.6626251380946,169.4444122314453,949500,0.0,0.0
2019-03-15 00:00:00-04:00,169.58961978007488,171.516654998509,169.10543770090018,171.1002655029297,1188400,0.0,0.0
2019-03-18 00:00:00-04:00,171.40046823227652,172.50440286035706,170.96470728520418,172.33978271484375,821900,0.0,0.0
2019-03-19 00:00:00-04:00,173.33721769148184,173.75360726716698,172.37853167089892,172.9789276123047,647700,0.0,0.0
2019-03-20 00:00:00-04:00,172.63031388253856,172.66904195441177,170.7807344591668,171.642578125,1269800,0.0,0.0
2019-03-21 00:00:00-04:00,170.7516896647901,176.75554575187402,170.7516896647901,176.23263549804688,1706100,0.0,0.0
2019-03-22 00:00:00-04:00,174.7994389035186,175.2448929942769,172.06865919186768,172.2623291015625,990200,0.0,0.0
2019-03-25 00:00:00-04:00,172.1848862692913,172.9983088883353,170.91633116138638,171.79754638671875,826700,0.0,0.0
2019-03-26 00:00:00-04:00,173.63738120683732,173.68580237173495,170.35462718126223,172.28167724609375,1108800,0.0,0.0
2019-03-27 00:00:00-04:00,172.36883953406124,172.85302166758387,170.7807227271496,172.21389770507812,973900,0.0,0.0
2019-03-28 00:00:00-04:00,172.5625183659652,174.13127860751956,172.30105586302832,173.71487426757812,656000,0.0,0.0
2019-03-29 00:00:00-04:00,175.26425642197862,175.86463754746143,174.27652071871154,175.361083984375,1052300,0.0,0.0
2019-04-01 00:00:00-04:00,177.0072914297857,178.74067167930963,176.89109245031034,178.64382934570312,739600,0.0,0.0
2019-04-02 00:00:00-04:00,179.0408589607324,179.62188339964067,177.60768406110805,179.19580078125,1245500,0.0,0.0
2019-04-03 00:00:00-04:00,180.55150075492932,181.37461622906474,179.63155772717298,180.3287811279297,767400,0.0,0.0
2019-04-04 00:00:00-04:00,180.87105820648028,181.7135303047166,179.834916229761,180.9194793701172,546600,0.0,0.0
2019-04-05 00:00:00-04:00,181.7522586886748,182.54630956011192,180.68705227765292,181.31649780273438,652100,0.0,0.0
2019-04-08 00:00:00-04:00,180.79361636485783,181.87819445563895,179.75747422156488,181.24874877929688,954600,0.0,0.0
2019-04-09 00:00:00-04:00,180.35784990537852,181.1034945496685,179.54442744400754,180.7548828125,771700,0.0,0.0
2019-04-10 00:00:00-04:00,180.90985336811835,181.8878961417555,178.9440599436057,179.41856384277344,1051300,0.0,0.0
2019-04-11 00:00:00-04:00,179.7381076066756,179.74778593079202,178.73101518407725,179.38949584960938,862300,0.0,0.0
2019-04-12 00:00:00-04:00,180.98728030770894,181.34558514355993,179.9608165221138,181.19064331054688,679800,0.0,0.0
2019-04-15 00:00:00-04:00,181.21967639457367,183.49533818250424,181.21967639457367,183.2241973876953,609300,0.0,0.0
2019-04-16 00:00:00-04:00,183.28230353454657,184.74452821510928,182.92399871862315,184.51211547851562,718000,0.0,0.0
2019-04-17 00:00:00-04:00,184.6476809830012,185.24807684259267,182.0234222412109,182.02342224121094,708100,0.0,0.0
2019-04-18 00:00:00-04:00,181.8588152974479,183.5437596931376,181.36494005644948,183.07894897460938,627300,0.0,0.0
2019-04-22 00:00:00-04:00,182.44950155488178,183.2532456099859,181.72322840851763,182.13961791992188,673100,0.0,0.0
2019-04-23 00:00:00-04:00,182.36237231806805,183.8149187700558,180.80330520189187,182.6722412109375,1211700,0.0,0.0
2019-04-24 00:00:00-04:00,182.66256095042922,188.79230868594823,179.77682472431144,188.22096252441406,1607300,0.0,0.0
2019-04-25 00:00:00-04:00,187.64965354980149,188.1532071785888,184.37657712678643,187.11705017089844,950900,0.0,0.0
2019-04-26 00:00:00-04:00,187.33005716001588,189.6541401754435,186.18739446221474,189.37330627441406,732100,0.0,0.0
2019-04-29 00:00:00-04:00,189.16024929039426,190.15766318162616,188.1241073346766,188.54049682617188,733100,0.0,0.0
2019-04-30 00:00:00-04:00,188.34685272528714,190.68061418963018,187.4753307824861,190.3997802734375,868000,0.0,0.0
2019-05-01 00:00:00-04:00,190.71935279964808,191.164806895163,187.39787022351763,187.76583862304688,832500,0.0,0.0
2019-05-02 00:00:00-04:00,187.52375092414812,188.63737879500292,186.0324763229829,186.67160034179688,784900,0.0,0.0
2019-05-03 00:00:00-04:00,187.9013658729468,190.33196925180744,186.9814229213584,190.22544860839844,526100,0.0,0.0
2019-05-06 00:00:00-04:00,186.33266000743583,191.47467216387005,186.32298168365492,191.00018310546875,664000,0.0,0.0
2019-05-07 00:00:00-04:00,188.4049577751735,189.62510626236391,184.95758319600503,186.5457000732422,806300,0.0,0.0
2019-05-08 00:00:00-04:00,186.50696555346525,188.0466612067547,185.81942041572114,185.9453125,603800,0.0,0.0
2019-05-09 00:00:00-04:00,185.39333631451703,185.39333631451703,181.29715959461544,182.90464782714844,997800,0.0,0.0
2019-05-10 00:00:00-04:00,181.89755681896972,183.3307467025239,178.4405037566567,183.0111846923828,921100,0.0,0.0
2019-05-13 00:00:00-04:00,178.82783495192052,179.91239824833715,177.05572649548262,177.70452880859375,742100,0.0,0.0
2019-05-14 00:00:00-04:00,178.48891189079373,182.63350984356438,177.44307669111333,180.8323516845703,744000,0.0,0.0
2019-05-15 00:00:00-04:00,179.00214953532654,181.89754938044766,178.73100870921618,180.7451934814453,766700,0.0,0.0
2019-05-16 00:00:00-04:00,181.32623315674243,184.76392971786493,180.1157776617041,183.28233337402344,761800,0.0,0.0
2019-05-17 00:00:00-04:00,181.09774666149602,182.57354860778008,180.18507070130084,180.52488708496094,696800,0.5,0.0
2019-05-20 00:00:00-04:00,179.65102634311845,180.92294120806454,178.1558019133476,179.39859008789062,753300,0.0,0.0
2019-05-21 00:00:00-04:00,180.65110109498102,182.4084807371914,180.65110109498102,182.25314331054688,701400,0.0,0.0
2019-05-22 00:00:00-04:00,182.02977615796405,184.86488723748016,182.02977615796405,184.3502960205078,788600,0.0,0.0
2019-05-23 00:00:00-04:00,181.93273323874453,182.87453582562034,178.74808638535998,179.23355102539062,1093700,0.0,0.0
2019-05-24 00:00:00-04:00,181.0394583959656,181.10741573352405,178.24317766343177,179.718994140625,1028900,0.0,0.0
2019-05-28 00:00:00-04:00,180.2530366222352,185.83588065483863,180.2530366222352,181.9424591064453,3301900,0.0,0.0
2019-05-29 00:00:00-04:00,181.02004850813512,182.87452689817061,180.1267953919096,180.81614685058594,933300,0.0,0.0
2019-05-30 00:00:00-04:00,181.1365789618849,182.77745195009032,181.0200721795955,181.85507202148438,706300,0.0,0.0
2019-05-31 00:00:00-04:00,180.17533952727945,180.79673362533373,177.30138256427594,177.56353759765625,905600,0.0,0.0
2019-06-03 00:00:00-04:00,177.6606106272857,179.51508884804147,174.53421759827646,175.7478790283203,1117600,0.0,0.0
2019-06-04 00:00:00-04:00,176.73827573794927,179.57338777991043,176.3693178287548,179.4860076904297,736500,0.0,0.0
2019-06-05 00:00:00-04:00,180.26272734918473,181.6414451005362,178.21406604773048,181.40841674804688,744800,0.0,0.0
2019-06-06 00:00:00-04:00,181.51521560895105,184.27265105166768,181.3404554597893,183.41824340820312,567800,0.0,0.0
2019-06-07 00:00:00-04:00,184.4765402249183,185.96206065309215,184.2435118932663,184.38916015625,476800,0.0,0.0
2019-06-10 00:00:00-04:00,185.36011311049722,187.47673183770678,185.12708474893074,186.369873046875,763800,0.0,0.0
2019-06-11 00:00:00-04:00,187.59325801724682,187.59325801724682,182.39878029613706,184.3600616455078,772100,0.0,0.0
2019-06-12 00:00:00-04:00,183.9716790779503,185.67080534798336,183.0104685554916,185.27273559570312,688900,0.0,0.0
2019-06-13 00:00:00-04:00,186.15626939861377,186.87476240967953,183.8745944467358,186.76795959472656,792100,0.0,0.0
2019-06-14 00:00:00-04:00,184.94257292707547,187.93303636697465,184.94257292707547,186.7096710205078,653900,0.0,0.0
2019-06-17 00:00:00-04:00,187.24367758578066,188.24373334538947,185.49600229197824,186.24362182617188,788200,0.0,0.0
2019-06-18 00:00:00-04:00,186.3795890440576,189.00109510799354,186.3795890440576,188.39910888671875,609700,0.0,0.0
2019-06-19 00:00:00-04:00,188.92341097082868,191.56433965632752,187.87480562671553,190.36038208007812,1208000,0.0,0.0
2019-06-20 00:00:00-04:00,192.68089775779876,195.52572803218632,191.31188402318088,191.61288452148438,1879400,0.0,0.0
2019-06-21 00:00:00-04:00,191.81679493079423,191.81679493079423,188.60302123791948,188.9040069580078,2023600,0.0,0.0
2019-06-24 00:00:00-04:00,189.24380541302762,190.7293258369735,189.1855520340812,189.43798828125,1391000,0.0,0.0
2019-06-25 00:00:00-04:00,190.29244369576713,191.6420348645936,188.1272606345748,188.15638732910156,1833700,0.0,0.0
2019-06-26 00:00:00-04:00,188.8651538876678,188.8651538876678,187.0106755427824,188.2534637451172,626200,0.0,0.0
2019-06-27 00:00:00-04:00,189.47683636000394,189.9623009828225,187.92335845610728,189.651611328125,409600,0.0,0.0
2019-06-28 00:00:00-04:00,190.5739587655207,191.894422907818,189.6321563720703,189.6321563720703,3133100,0.0,0.0
2019-07-01 00:00:00-04:00,192.69064816565216,193.57418262764492,191.70029606576733,192.56442260742188,1091300,0.0,0.0
2019-07-02 00:00:00-04:00,192.36049028212233,194.76840538909045,192.36049028212233,194.4382781982422,655600,0.0,0.0
2019-07-03 00:00:00-04:00,195.5840004593375,196.8364927369869,194.44801495676091,196.71998596191406,277100,0.0,0.0
2019-07-05 00:00:00-04:00,196.13742055121472,196.5160823817293,193.2440554150983,195.57427978515625,605600,0.0,0.0
2019-07-08 00:00:00-04:00,194.37032275402927,194.71013909161272,191.15654940904307,191.83619689941406,479400,0.0,0.0
2019-07-09 00:00:00-04:00,190.25359924368558,192.4381902361078,189.7487118438459,192.2925567626953,521200,0.0,0.0
2019-07-10 00:00:00-04:00,194.7878053193337,195.0887909915622,193.370257027831,193.9625244140625,607500,0.0,0.0
2019-07-11 00:00:00-04:00,194.3606062351103,197.04038039281315,194.04991658528067,195.79759216308594,579700,0.0,0.0
2019-07-12 00:00:00-04:00,196.89473064976164,199.3706031319087,195.88497077634543,199.3414764404297,564500,0.0,0.0
2019-07-15 00:00:00-04:00,199.24439848795217,199.41915864215983,198.15694765046513,199.04049682617188,398700,0.0,0.0
2019-07-16 00:00:00-04:00,200.09881978310747,200.09881978310747,197.45789085039516,199.02108764648438,645700,0.0,0.0
2019-07-17 00:00:00-04:00,198.9142320566937,199.09871094878133,196.80731777140127,196.8752899169922,709000,0.0,0.0
2019-07-18 00:00:00-04:00,197.05006200651695,198.59383575218192,196.85587914549288,198.33169555664062,343100,0.0,0.0
2019-07-19 00:00:00-04:00,198.93370501902436,199.03080387575795,194.96260771103184,195.04998779296875,522500,0.0,0.0
2019-07-22 00:00:00-04:00,195.14708897739075,197.16662373685307,194.63249762401685,196.38987731933594,401900,0.0,0.0
2019-07-23 00:00:00-04:00,197.36077521822446,197.36077521822446,195.3023953172107,196.7587890625,367500,0.0,0.0
2019-07-24 00:00:00-04:00,195.9238042532351,197.25398738252002,194.00136851186247,197.1277618408203,530100,0.0,0.0
2019-07-25 00:00:00-04:00,196.6326049498187,196.9238867013274,194.60335146393803,195.02085876464844,517400,0.0,0.0
2019-07-26 00:00:00-04:00,195.16647924397125,198.22491520845801,195.16647924397125,197.48699951171875,656900,0.0,0.0
2019-07-29 00:00:00-04:00,197.58409855752302,197.78800021477352,195.55486001987856,195.6131134033203,731000,0.0,0.0
2019-07-30 00:00:00-04:00,195.26357826021209,196.4384091485395,194.14701557052263,196.36073303222656,621500,0.0,0.0
2019-07-31 00:00:00-04:00,202.584358591688,210.43918657277945,200.98233144106499,208.10894775390625,2159000,0.0,0.0
2019-08-01 00:00:00-04:00,206.70113180021497,214.2646642985763,205.96323088812275,209.76927185058594,1582900,0.0,0.0
2019-08-02 00:00:00-04:00,209.61390325850937,210.2935507317824,205.73989043804744,208.07012939453125,866500,0.0,0.0
2019-08-05 00:00:00-04:00,206.0505918431547,206.0505918431547,194.81693411498608,196.79763793945312,1222100,0.0,0.0
2019-08-06 00:00:00-04:00,198.08900148015144,200.55515540270702,197.11807217257427,200.30271911621094,856900,0.0,0.0
2019-08-07 00:00:00-04:00,195.97233962576436,202.65233703947985,195.24414275009028,202.1959991455078,599600,0.0,0.0
2019-08-08 00:00:00-04:00,204.3418066890435,208.86632640351388,203.89517264931115,208.4099884033203,546000,0.0,0.0
2019-08-09 00:00:00-04:00,207.65262399861754,209.1478632684277,205.6330894776401,207.9050750732422,524700,0.0,0.0
2019-08-12 00:00:00-04:00,206.52636891010565,207.35164988997207,204.25438318768553,206.73995971679688,494500,0.0,0.0
2019-08-13 00:00:00-04:00,206.22535270906383,208.92453465475953,205.40977575033642,207.2933807373047,638800,0.0,0.0
2019-08-14 00:00:00-04:00,204.06018083776607,205.09908215565204,199.05990156391263,200.50657653808594,843700,0.0,0.0
2019-08-15 00:00:00-04:00,201.3124773301643,204.63305375543354,200.23474521549932,203.8466033935547,454000,0.0,0.0
2019-08-16 00:00:00-04:00,206.33215677341738,208.61384629533526,204.75925622694004,208.06040954589844,594400,0.0,0.0
2019-08-19 00:00:00-04:00,210.1527957255489,212.45927481280373,210.1527957255489,211.70018005371094,526500,0.5,0.0
2019-08-20 00:00:00-04:00,211.09681356562777,212.36197652362185,209.62727207563285,210.83404541015625,515300,0.0,0.0
2019-08-21 00:00:00-04:00,212.60528057319928,213.85097539715943,212.3522390668659,213.1697235107422,512400,0.0,0.0
2019-08-22 00:00:00-04:00,213.9190927990377,214.0845350195108,210.48369793603743,210.9605712890625,893000,0.0,0.0
2019-08-23 00:00:00-04:00,210.2112022432161,210.44477559165588,203.53504957797907,204.7612762451172,946600,0.0,0.0
2019-08-26 00:00:00-04:00,206.31838449777152,207.3791688541021,204.73206386501042,206.5714111328125,422000,0.0,0.0
2019-08-27 00:00:00-04:00,207.75871547462273,208.8487094866524,207.01908887883843,207.55435180664062,735600,0.0,0.0
2019-08-28 00:00:00-04:00,206.85365328075198,210.54207457404735,206.51302735676583,208.61514282226562,595200,0.0,0.0
2019-08-29 00:00:00-04:00,211.18440136511012,211.86563839954297,209.500769512186,210.56155395507812,612000,0.0,0.0
2019-08-30 00:00:00-04:00,212.3522080998925,212.54684510340513,208.62485082571246,209.80242919921875,654700,0.0,0.0
2019-09-03 00:00:00-04:00,208.2161154701338,209.94841010277375,205.23812615446852,207.42782592773438,812700,0.0,0.0
2019-09-04 00:00:00-04:00,208.35237147908236,209.88030251199356,206.2113345821992,207.9728240966797,806900,0.0,0.0
2019-09-05 00:00:00-04:00,210.71726192885396,214.59059365639374,209.3353197516886,213.69525146484375,853700,0.0,0.0
2019-09-06 00:00:00-04:00,213.76336921518757,216.87762102448696,213.21837960351613,214.6295166015625,510800,0.0,0.0
2019-09-09 00:00:00-04:00,215.63193125235864,215.63193125235864,210.19173196333074,211.5444793701172,736100,0.0,0.0
2019-09-10 00:00:00-04:00,211.07734603501214,211.07734603501214,203.80754089424283,205.79287719726562,1142200,0.0,0.0
2019-09-11 00:00:00-04:00,206.31841167095092,207.6808858080815,202.69810627817043,207.3791961669922,772400,0.0,0.0
2019-09-12 00:00:00-04:00,208.8389624141223,209.7537726936328,206.17240419921512,207.27210998535156,861800,0.0,0.0
2019-09-13 00:00:00-04:00,208.7222224171418,208.7222224171418,204.6347850497115,206.59091186523438,690400,0.0,0.0
2019-09-16 00:00:00-04:00,205.53011499832752,207.62248910544338,204.76127866511848,207.61276245117188,547800,0.0,0.0
2019-09-17 00:00:00-04:00,208.08962441601966,212.7025827633229,208.02149329028754,212.3133087158203,638700,0.0,0.0
2019-09-18 00:00:00-04:00,213.03346827227517,213.03346827227517,207.57381582661117,210.95082092285156,1302000,0.0,0.0
2019-09-19 00:00:00-04:00,210.4544990492585,212.2159886653243,209.80245683418656,210.76593017578125,1140800,0.0,0.0
2019-09-20 00:00:00-04:00,211.7877727271779,211.7877727271779,207.92416765814863,208.3426513671875,1520800,0.0,0.0
2019-09-23 00:00:00-04:00,209.70511442673308,209.71485592983035,206.36704583187822,209.60780334472656,1068600,0.0,0.0
2019-09-24 00:00:00-04:00,210.3766626248742,211.18442048521035,204.83915171175065,204.9364776611328,1608000,0.0,0.0
2019-09-25 00:00:00-04:00,205.21869191198107,208.5373076807359,204.69317041348697,208.00204467773438,722100,0.0,0.0
2019-09-26 00:00:00-04:00,208.09935525966657,208.68326634267703,206.03617603662693,207.46676635742188,702100,0.0,0.0
2019-09-27 00:00:00-04:00,209.66618472606098,209.9581476603138,197.76395434010217,200.36239624023438,1727400,0.0,0.0
2019-09-30 00:00:00-04:00,199.5060031337022,202.37694020882617,198.99993496779422,199.34056091308594,933600,0.0,0.0
2019-10-01 00:00:00-04:00,199.97313111378853,200.37214667630028,195.98302003823164,196.09007263183594,891200,0.0,0.0
2019-10-02 00:00:00-04:00,194.49401280062014,195.45747123162607,191.06834487408705,191.5354766845703,1327000,0.0,0.0
2019-10-03 00:00:00-04:00,191.88582948177512,194.70811820436046,190.32871849503903,194.21177673339844,665200,0.0,0.0
2019-10-04 00:00:00-04:00,194.7178220029212,198.21160579697965,194.47452204762715,198.10455322265625,522200,0.0,0.0
2019-10-07 00:00:00-04:00,199.3405686920379,204.4887904398683,199.3405686920379,202.62998962402344,1016700,0.0,0.0
2019-10-08 00:00:00-04:00,201.2480001747118,203.25280443648728,198.2797523686251,200.24560546875,1085700,0.0,0.0
2019-10-09 00:00:00-04:00,202.5229239649059,205.0240402185908,201.68597137907386,204.0313720703125,570200,0.0,0.0
2019-10-10 00:00:00-04:00,203.5836921723545,207.02881333037027,203.16520848784975,205.3938446044922,474400,0.0,0.0
2019-10-11 00:00:00-04:00,209.23801094670202,210.47397916932314,208.0409790420359,208.3621368408203,873000,0.0,0.0
2019-10-14 00:00:00-04:00,208.20641891195905,210.13335083299984,207.48624553648634,208.7222137451172,835100,0.0,0.0
2019-10-15 00:00:00-04:00,210.14309030225203,213.24760099482347,209.68569991747304,212.82913208007812,664200,0.0,0.0
2019-10-16 00:00:00-04:00,212.0408147136553,212.0408147136553,208.76112070915093,211.3303680419922,511500,0.0,0.0
2019-10-17 00:00:00-04:00,211.67098384069368,213.2767577781649,211.0967994484927,212.90695190429688,430000,0.0,0.0
2019-10-18 00:00:00-04:00,212.2938638940573,212.89724318896634,209.987384466875,211.47637939453125,608900,0.0,0.0
2019-10-21 00:00:00-04:00,212.42037157825504,213.52007749806162,211.14548193370393,213.41302490234375,476500,0.0,0.0
2019-10-22 00:00:00-04:00,213.3351623743404,213.78282602451307,207.3207791079908,207.48622131347656,462600,0.0,0.0
2019-10-23 00:00:00-04:00,207.21373683511365,207.7976627598861,204.12869469723788,206.28919982910156,975500,0.0,0.0
2019-10-24 00:00:00-04:00,207.4862087628196,210.3863402097566,206.83416663363397,209.80242919921875,348800,0.0,0.0
2019-10-25 00:00:00-04:00,209.56887456075472,211.5444692796727,209.56887456075472,210.22091674804688,391700,0.0,0.0
2019-10-28 00:00:00-04:00,211.18440200240133,212.07974422890834,210.16253902274156,210.49342346191406,494600,0.0,0.0
2019-10-29 00:00:00-04:00,211.54447610581244,215.48593901723754,211.233059832362,214.49327087402344,1072400,0.0,0.0
2019-10-30 00:00:00-04:00,216.2352958290373,216.2352958290373,206.44490686364915,212.3911590576172,1124800,0.0,0.0
2019-10-31 00:00:00-04:00,212.19652375755018,216.47861271370408,212.19652375755018,214.7755126953125,669700,0.0,0.0
2019-11-01 00:00:00-04:00,216.48834377864077,217.82163791810405,214.18186445869378,214.59060668945312,569100,0.0,0.0
2019-11-04 00:00:00-05:00,216.41045631195735,216.44939262374868,211.875356078495,212.15757751464844,558800,0.0,0.0
2019-11-05 00:00:00-05:00,212.644201251871,212.77072200456897,205.8318012117653,207.34999084472656,965000,0.0,0.0
2019-11-06 00:00:00-05:00,207.29160797017875,210.74647107298588,206.58117610082226,210.01657104492188,882200,0.0,0.0
2019-11-07 00:00:00-05:00,211.24275551849135,213.15996039694338,209.6369817176879,212.4203338623047,609100,0.0,0.0
2019-11-08 00:00:00-05:00,212.01162384302714,213.3740978896101,210.80485050901555,212.28411865234375,467000,0.0,0.0
2019-11-11 00:00:00-05:00,210.46423195078725,213.27677942757623,209.65647414847606,212.20626831054688,440000,0.0,0.0
2019-11-12 00:00:00-05:00,212.08947041959715,213.87042821457447,211.2914541356982,211.632080078125,469100,0.0,0.0
2019-11-13 00:00:00-05:00,210.85351928193333,214.01641933770458,210.62967258609171,212.87777709960938,520200,0.0,0.0
2019-11-14 00:00:00-05:00,212.78043218084727,213.27675879938616,210.12360052891154,212.99453735351562,417500,0.0,0.0
2019-11-15 00:00:00-05:00,214.10399542548214,214.74631097572333,212.74152139453398,214.24996948242188,524600,0.0,0.0
2019-11-18 00:00:00-05:00,214.39594851447035,215.57351211915596,214.02612778745214,215.44700622558594,577800,0.0,0.0
2019-11-19 00:00:00-05:00,215.86551047529505,219.35929524880817,215.437300057956,217.87030029296875,689600,0.0,0.0
2019-11-20 00:00:00-05:00,218.43601176520693,221.15732611058928,216.69983922850267,218.39700317382812,745100,0.5,0.0
2019-11-21 00:00:00-05:00,218.15317560080035,219.65525205735503,216.6413358333168,218.62135314941406,698500,0.0,0.0
2019-11-22 00:00:00-05:00,219.430885652902,220.4355242408744,215.97803769087972,217.4606170654297,619200,0.0,0.0
2019-11-25 00:00:00-05:00,218.22141038679544,220.71837676810895,217.77274464679664,220.1819305419922,793400,0.0,0.0
2019-11-26 00:00:00-05:00,220.19165538785074,222.2106956509059,220.08436317749866,221.14752197265625,753700,0.0,0.0
2019-11-27 00:00:00-05:00,221.44993708694068,221.7913255290461,218.49454130253736,220.95249938964844,844700,0.0,0.0
2019-11-29 00:00:00-05:00,220.3282258152997,222.59111084343186,219.88930851264624,221.08901977539062,387600,0.0,0.0
2019-12-02 00:00:00-05:00,220.9232226440975,222.33751844378745,218.65058903136793,219.6552276611328,556500,0.0,0.0
2019-12-03 00:00:00-05:00,216.97293040268102,219.4406366584243,216.97293040268102,219.26507568359375,456500,0.0,0.0
2019-12-04 00:00:00-05:00,219.4601513836014,221.313364486492,218.73836597224818,221.21583557128906,516700,0.0,0.0
2019-12-05 00:00:00-05:00,221.3426217293815,223.87861162070786,219.66498450893832,223.71279907226562,556000,0.0,0.0
2019-12-06 00:00:00-05:00,225.7806084661574,226.9608229864075,224.04443594638724,226.0634765625,724700,0.0,0.0
2019-12-09 00:00:00-05:00,226.4340858642331,226.99005868692868,224.71742526651985,224.8734893798828,689700,0.0,0.0
2019-12-10 00:00:00-05:00,224.80523316419087,225.93667579941237,223.8786265631246,225.3612060546875,449800,0.0,0.0
2019-12-11 00:00:00-05:00,226.04395139639018,227.8484074470746,225.43922153172772,227.50701904296875,791600,0.0,0.0
2019-12-12 00:00:00-05:00,228.23857861773072,230.47218892829096,227.01935544135395,228.56045532226562,1179200,0.0,0.0
2019-12-13 00:00:00-05:00,227.7801372944808,231.02814944809433,226.13174526714502,229.29197692871094,518700,0.0,0.0
2019-12-16 00:00:00-05:00,231.36950528216528,233.6226268925851,230.01372996905465,230.28683471679688,662700,0.0,0.0
2019-12-17 00:00:00-05:00,230.9988555777147,230.9988555777147,228.35557371025175,229.56504821777344,752600,0.0,0.0
2019-12-18 00:00:00-05:00,230.84282551515676,231.057409973672,229.72114620454073,230.65750122070312,973500,0.0,0.0
2019-12-19 00:00:00-05:00,229.7796421730781,234.14933317914694,229.7796421730781,232.3351287841797,900500,0.0,0.0
2019-12-20 00:00:00-05:00,233.10568892046086,233.76893908785496,231.75966196733452,232.276611328125,1187200,0.0,0.0
2019-12-23 00:00:00-05:00,233.30076636092312,234.30540494158305,230.74527966640105,231.22320556640625,947200,0.0,0.0
2019-12-24 00:00:00-05:00,231.50607704940774,232.62775629423467,230.27709069852233,232.3156280517578,159200,0.0,0.0
2019-12-26 00:00:00-05:00,232.88133370839117,233.9542558660718,232.29611561764128,233.1739501953125,266300,0.0,0.0
2019-12-27 00:00:00-05:00,233.90547286430134,234.39316202498188,232.32536474628589,233.4080352783203,551100,0.0,0.0
2019-12-30 00:00:00-05:00,233.13497176786146,233.44708514668497,230.2576081876159,231.80845642089844,340000,0.0,0.0
2019-12-31 00:00:00-05:00,231.01841137477751,232.82285273003686,230.5502189633511,231.5646209716797,594100,0.0,0.0
2020-01-02 00:00:00-05:00,232.80331959279326,235.77822682006928,232.14981782206277,235.7684783935547,869700,0.0,0.0
2020-01-03 00:00:00-05:00,232.93989942361645,235.66119887731776,232.6862914896228,235.18325805664062,475800,0.0,0.0
2020-01-06 00:00:00-05:00,233.76893494131093,235.9927964607991,233.34952938109103,235.91476440429688,714900,0.0,0.0
2020-01-07 00:00:00-05:00,236.60729227330015,239.17254220854093,234.88086835105602,235.06619262695312,743700,0.0,0.0
2020-01-08 00:00:00-05:00,236.0903403864587,241.15255657133577,236.0903403864587,239.5724334716797,887200,0.0,0.0
2020-01-09 00:00:00-05:00,240.49905413518997,243.28862201230348,240.35273844843476,242.72291564941406,811100,0.0,0.0
2020-01-10 00:00:00-05:00,243.84462304091312,244.59566864714563,240.95749615554706,241.92312622070312,594300,0.0,0.0
2020-01-13 00:00:00-05:00,242.05964925258695,245.32717275822435,242.05964925258695,245.29791259765625,707000,0.0,0.0
2020-01-14 00:00:00-05:00,245.10283973352577,245.90265719199277,243.0935625440416,243.28863525390625,551800,0.0,0.0
2020-01-15 00:00:00-05:00,243.1716091345045,248.38012670288657,242.72294336331666,246.80001831054688,856700,0.0,0.0
2020-01-16 00:00:00-05:00,248.67274383259263,249.91147868606308,247.9119497986425,249.7456512451172,603200,0.0,0.0
2020-01-17 00:00:00-05:00,251.27697985483582,251.91096986464999,249.4725387360068,251.2867431640625,830400,0.0,0.0
2020-01-21 00:00:00-05:00,250.51617734489224,251.75489716077536,249.47253022667562,250.0284881591797,911000,0.0,0.0
2020-01-22 00:00:00-05:00,251.7451847164075,252.12556683472596,250.16507638486226,251.1306915283203,596600,0.0,0.0
2020-01-23 00:00:00-05:00,250.13579833743475,252.14507542600836,249.0628761624231,250.76002502441406,810000,0.0,0.0
2020-01-24 00:00:00-05:00,251.5891026451868,252.51572401607427,248.11675798089183,249.3262176513672,495600,0.0,0.0
2020-01-27 00:00:00-05:00,247.0828774398693,249.88220884398325,245.7953707349913,248.8385467529297,707400,0.0,0.0
2020-01-28 00:00:00-05:00,249.9992187032445,254.0762930003238,249.31645684525185,253.78369140625,781100,0.0,0.0
2020-01-29 00:00:00-05:00,254.08609516796258,256.4855179048814,253.2277573391619,254.25192260742188,441800,0.0,0.0
2020-01-30 00:00:00-05:00,253.4813451993009,257.3926221369449,252.39865968900466,257.3145751953125,563500,0.0,0.0
2020-01-31 00:00:00-05:00,255.2370383829108,257.3145993476262,249.82369962187778,250.4674530029297,827800,0.0,0.0
2020-02-03 00:00:00-05:00,251.86216724410173,255.0809034902758,251.86216724410173,254.58348083496094,748200,0.0,0.0
2020-02-04 00:00:00-05:00,259.06056346228314,262.64018627385593,258.20222552722254,260.2895202636719,742100,0.0,0.0
2020-02-05 00:00:00-05:00,262.62065486147196,262.6694118788333,255.39309677690719,257.83154296875,715200,0.0,0.0
2020-02-06 00:00:00-05:00,259.8604063219302,263.28396531753253,259.65555536329236,261.4112548828125,806900,0.0,0.0
2020-02-07 00:00:00-05:00,261.41114874922226,262.5620880039217,259.30432804089,260.9136962890625,647800,0.0,0.0
2020-02-10 00:00:00-05:00,260.3772902370729,262.1134626947807,259.7530337386579,261.8208312988281,729300,0.0,0.0
2020-02-11 00:00:00-05:00,263.14734333644657,266.21977930194623,262.10368131857825,264.3177795410156,946300,0.0,0.0
2020-02-12 00:00:00-05:00,265.30287476452713,270.170002537419,255.99775824891708,266.67816162109375,981300,0.0,0.0
2020-02-13 00:00:00-05:00,266.4051067800483,267.6535899396456,261.4404343029706,266.053955078125,910900,0.0,0.0
2020-02-14 00:00:00-05:00,266.648993697373,271.15523785159667,266.27834508448166,270.9894104003906,931900,0.0,0.0
2020-02-18 00:00:00-05:00,270.88205370114986,273.8862056685994,267.1756281902964,273.7691650390625,771100,0.0,0.0
2020-02-19 00:00:00-05:00,275.1737577143622,280.17745381931275,275.0176935937301,278.28521728515625,986300,0.0,0.0
2020-02-20 00:00:00-05:00,277.6317680477801,278.5778566769412,268.44368890084104,272.0038146972656,1000900,0.0,0.0
2020-02-21 00:00:00-05:00,270.01400781151125,270.01400781151125,262.48408485871846,265.1371154785156,961400,0.0,0.0
2020-02-24 00:00:00-05:00,258.32467728846814,262.57633818439587,257.64052082843284,260.2403869628906,990000,0.56,0.0
2020-02-25 00:00:00-05:00,261.9410135103336,263.35824361149827,252.8610349514661,254.1511993408203,1090700,0.0,0.0
2020-02-26 00:00:00-05:00,254.63012750956358,261.41322969401523,254.57148638166845,255.10906982421875,951300,0.0,0.0
2020-02-27 00:00:00-05:00,251.03333153036442,251.03333153036442,238.38587798265527,238.5520477294922,1993700,0.0,0.0
2020-02-28 00:00:00-05:00,231.30960243011734,236.19656260189967,226.81359310655006,234.60340881347656,1987700,0.0,0.0
2020-03-02 00:00:00-05:00,240.3504796744869,253.90690247085024,237.13485151731905,253.65277099609375,1526000,0.0,0.0
2020-03-03 00:00:00-05:00,252.39194324397968,257.3375443061695,243.84953191867666,247.15310668945312,1734900,0.0,0.0
2020-03-04 00:00:00-05:00,251.3461291632659,264.2379319712077,249.88980972087367,263.4853210449219,1221400,0.0,0.0
2020-03-05 00:00:00-05:00,254.3760600766184,258.7352201924573,243.15558879880572,246.8990020751953,1557400,0.0,0.0
2020-03-06 00:00:00-05:00,237.13486072538717,238.9625940490485,226.15875188691157,233.0786895751953,2197400,0.0,0.0
2020-03-09 00:00:00-04:00,213.21803290780235,218.68166485794313,204.66585394772156,206.0830841064453,2551400,0.0,0.0
2020-03-10 00:00:00-04:00,215.80815350897058,222.4544219970703,209.06413985673572,222.4544219970703,2208100,0.0,0.0
2020-03-11 00:00:00-04:00,215.9156673009052,216.64871129072546,202.0073685960999,206.48382568359375,1611900,0.0,0.0
2020-03-12 00:00:00-04:00,195.81070754782468,207.3341674528672,184.727085969001,188.96896362304688,2632300,0.0,0.0
2020-03-13 00:00:00-04:00,200.40445786425306,208.74162570882834,190.14184141635752,208.2529296875,2329300,0.0,0.0
2020-03-16 00:00:00-04:00,177.88532385916682,189.5553854040503,175.93054008049464,181.2084503173828,2856300,0.0,0.0
2020-03-17 00:00:00-04:00,184.6293313579897,201.7630108598618,181.29643617966303,197.52113342285156,2046600,0.0,0.0
2020-03-18 00:00:00-04:00,178.78455205246703,183.11440659051223,161.49448429632815,170.40830993652344,2819000,0.0,0.0
2020-03-19 00:00:00-04:00,169.6361412561893,177.37708356452504,162.2470606397696,173.88780212402344,2610500,0.0,0.0
2020-03-20 00:00:00-04:00,176.26286884340865,178.8627351300803,167.59340661799544,171.8255157470703,2017300,0.0,0.0
2020-03-23 00:00:00-04:00,167.6716099932852,177.9244431038788,160.47800387299336,161.35765075683594,1699800,0.0,0.0
2020-03-24 00:00:00-04:00,171.29769765126065,192.1650205144366,168.1309574654999,191.324462890625,1404700,0.0,0.0
2020-03-25 00:00:00-04:00,189.12536145052272,212.9835049420215,187.78633911603416,202.4472198486328,1686800,0.0,0.0
2020-03-26 00:00:00-04:00,204.9200078767812,222.32735680478305,204.39220785128248,219.2583465576172,1650700,0.0,0.0
2020-03-27 00:00:00-04:00,210.47155761952226,221.42812683154548,210.47155761952226,215.2119140625,1305800,0.0,0.0
2020-03-30 00:00:00-04:00,217.1373885351746,221.21311097699808,213.36465519677097,217.19602966308594,1026900,0.0,0.0
2020-03-31 00:00:00-04:00,213.3744516434945,216.96147860327062,205.99513883560007,206.71841430664062,1379100,0.0,0.0
2020-04-01 00:00:00-04:00,197.3647526836338,202.61335768638273,191.27560490676018,193.0837860107422,1455000,0.0,0.0
2020-04-02 00:00:00-04:00,190.98242236385423,202.29085682940203,187.65929498076486,202.0465087890625,1025200,0.0,0.0
2020-04-03 00:00:00-04:00,198.42033215802311,205.5064237154377,198.3910115929599,204.0696563720703,1002100,0.0,0.0
2020-04-06 00:00:00-04:00,215.60289981342692,226.24669820117526,212.52412094878457,223.97915649414062,1429000,0.0,0.0
2020-04-07 00:00:00-04:00,232.89293931109586,234.55450254814593,223.50020261312733,223.539306640625,1009500,0.0,0.0
2020-04-08 00:00:00-04:00,227.63460057267343,229.06159951580048,220.22598201989314,221.3988494873047,1059600,0.0,0.0
2020-04-09 00:00:00-04:00,223.70546021142724,242.56911172835018,222.9724162950551,236.216064453125,2129400,0.0,0.0
2020-04-13 00:00:00-04:00,233.40120775955901,234.57407515255818,224.39942106349966,225.86550903320312,944100,0.0,0.0
2020-04-14 00:00:00-04:00,232.86364730440351,235.45373017563023,229.8923821443205,232.3847198486328,926900,0.0,0.0
2020-04-15 00:00:00-04:00,225.21066037990485,228.16238836339517,222.64011467568045,224.63400268554688,989000,0.0,0.0
2020-04-16 00:00:00-04:00,225.88505427731047,232.6192842197237,224.4385183664349,229.40367126464844,1263900,0.0,0.0
2020-04-17 00:00:00-04:00,237.43784449936717,241.2008098724744,230.1758286973988,233.9485626220703,1523500,0.0,0.0
2020-04-20 00:00:00-04:00,230.32240121914722,235.4928128554464,229.68710243326296,234.05604553222656,809400,0.0,0.0
2020-04-21 00:00:00-04:00,227.85938078981056,229.80438114620134,222.60100754068705,223.09947204589844,807400,0.0,0.0
2020-04-22 00:00:00-04:00,228.18193125760538,236.0401559751968,227.80074899357703,234.4079132080078,788300,0.0,0.0
2020-04-23 00:00:00-04:00,233.82148540047055,238.10246715882386,231.153209400177,234.57408142089844,757900,0.0,0.0
2020-04-24 00:00:00-04:00,236.88073485048724,240.38956868646872,232.27721179089895,239.65652465820312,1024700,0.0,0.0
2020-04-27 00:00:00-04:00,243.11648752992983,251.31680568118773,242.39321209261445,248.80490112304688,1032900,0.0,0.0
2020-04-28 00:00:00-04:00,255.31432670352686,257.43528036193953,245.47198259561813,246.33209228515625,877800,0.0,0.0
2020-04-29 00:00:00-04:00,249.6454631919948,254.10238324570176,247.5636134567238,249.2154083251953,1203400,0.0,0.0
2020-04-30 00:00:00-04:00,235.55147911410182,245.83364744051195,229.82396122456717,238.3859100341797,1578300,0.0,0.0
2020-05-01 00:00:00-04:00,235.94239696317155,237.17392029297764,232.7463362115718,236.37245178222656,780700,0.0,0.0
2020-05-04 00:00:00-04:00,233.59667492834637,240.33090483495812,230.97727167355632,239.8422088623047,830000,0.0,0.0
2020-05-05 00:00:00-04:00,243.4390150522395,247.0748993094624,240.77072434661312,244.80735778808594,1106200,0.0,0.0
2020-05-06 00:00:00-04:00,245.91182905936813,246.45916618401793,234.85751319634224,236.0303955078125,843900,0.0,0.0
2020-05-07 00:00:00-04:00,239.97902468332174,243.62469218308982,238.69864371964388,242.09019470214844,764100,0.0,0.0
2020-05-08 00:00:00-04:00,246.04867261087904,247.98390463560952,244.10365712109956,246.05844116210938,576600,0.0,0.0
2020-05-11 00:00:00-04:00,243.32175463607868,249.46955915340317,241.70906367422714,247.33883666992188,690300,0.0,0.0
2020-05-12 00:00:00-04:00,249.21539994933406,251.46340445962124,244.82691955566403,244.82691955566406,655700,0.0,0.0
2020-05-13 00:00:00-04:00,243.25331560563214,247.67111652376707,238.7670751778952,242.11953735351562,751800,0.0,0.0
2020-05-14 00:00:00-04:00,239.0505430796886,248.57034676481712,237.63332762729596,248.13050842285156,1117900,0.0,0.0
2020-05-15 00:00:00-04:00,252.3039916863401,255.4707323029426,243.58564169795034,245.62838745117188,2691200,0.0,0.0
2020-05-18 00:00:00-04:00,251.18976416622445,256.6533823055427,250.66196409211287,253.9362335205078,1125100,0.0,0.0
2020-05-19 00:00:00-04:00,253.96559192214193,255.9344029461298,248.34323809781694,248.7154541015625,958300,0.56,0.0
2020-05-20 00:00:00-04:00,252.7020042786151,254.49451175554285,250.23366713911423,251.0172576904297,740600,0.0,0.0
2020-05-21 00:00:00-04:00,250.40019339327327,251.18379892978413,246.85439664945133,248.5685272216797,1228500,0.0,0.0
2020-05-22 00:00:00-04:00,250.5373081360037,253.1819785305315,246.9425334605022,251.55599975585938,384500,0.0,0.0
2020-05-26 00:00:00-04:00,257.6191367239887,258.3733433991105,253.78927576577692,254.37698364257812,805800,0.0,0.0
2020-05-27 00:00:00-04:00,258.0011213523718,258.2949902299001,250.15530657379523,253.48562622070312,806100,0.0,0.0
2020-05-28 00:00:00-04:00,255.65034525465447,263.1337643451666,253.87744678429212,259.3626708984375,1249400,0.0,0.0
2020-05-29 00:00:00-04:00,260.4988280697301,262.6341373804119,256.73751034199415,261.92889404296875,1245800,0.0,0.0
2020-06-01 00:00:00-04:00,264.11328433677085,272.2823382771842,264.11328433677085,271.3616027832031,988600,0.0,0.0
2020-06-02 00:00:00-04:00,271.46936483444347,272.04726826085175,267.7570385307621,270.77392578125,1034000,0.0,0.0
2020-06-03 00:00:00-04:00,273.85931964798806,277.679376478032,271.253837324915,276.78802490234375,764900,0.0,0.0
2020-06-04 00:00:00-04:00,274.260882120865,276.31784471518426,268.05083573417596,270.37225341796875,780300,0.0,0.0
2020-06-05 00:00:00-04:00,275.7008207490606,277.8263562607251,272.06687153706264,273.9573059082031,990900,0.0,0.0
2020-06-08 00:00:00-04:00,270.5192052967329,276.09258128125856,267.73741960353925,276.0338134765625,1089800,0.0,0.0
2020-06-09 00:00:00-04:00,271.32236607219653,273.37932861649944,269.05971624108224,269.3437805175781,946400,0.0,0.0
2020-06-10 00:00:00-04:00,271.05795284984777,274.85840045869884,268.3153257365333,271.1264953613281,683700,0.0,0.0
2020-06-11 00:00:00-04:00,265.68045304501084,265.68045304501084,252.4669637142355,252.98609924316406,901100,0.0,0.0
2020-06-12 00:00:00-04:00,260.87105052872965,262.66355796229846,254.6708089855506,261.50775146484375,805800,0.0,0.0
2020-06-15 00:00:00-04:00,256.62988594956926,266.0428990974643,255.17043547661646,264.6716003417969,609600,0.0,0.0
2020-06-16 00:00:00-04:00,273.6535938412637,274.04538912143573,263.2414706116432,268.9225769042969,596100,0.0,0.0
2020-06-17 00:00:00-04:00,269.5494937879757,272.478198853409,268.2761515574566,269.3829650878906,362100,0.0,0.0
2020-06-18 00:00:00-04:00,268.57978616073126,270.9012039340302,267.13991527839755,269.2556457519531,369500,0.0,0.0
2020-06-19 00:00:00-04:00,274.08463133599435,276.02402881517827,267.23788267370094,269.5887145996094,784900,0.0,0.0
2020-06-22 00:00:00-04:00,269.2458214239185,271.27340004900043,267.10070720759643,270.90118408203125,495200,0.0,0.0
2020-06-23 00:00:00-04:00,273.5066951661138,274.37843748894585,270.19596949634104,271.3517761230469,405900,0.0,0.0
2020-06-24 00:00:00-04:00,268.3838560367466,269.1282879766153,258.89246837167326,260.08746337890625,825600,0.0,0.0
2020-06-25 00:00:00-04:00,260.636020277814,270.803268954405,257.3350990564688,270.5094299316406,642400,0.0,0.0
2020-06-26 00:00:00-04:00,267.3847789322792,269.53966791321244,262.77129760309884,263.4667663574219,902400,0.0,0.0
2020-06-29 00:00:00-04:00,266.41502878252,266.41502878252,260.06786805941914,263.59405517578125,665700,0.0,0.0
2020-06-30 00:00:00-04:00,263.8585597116471,269.8629187215443,262.78110028300864,269.0989074707031,1386600,0.0,0.0
2020-07-01 00:00:00-04:00,269.00095748054144,274.38822485787813,268.35448180821334,272.68389892578125,517300,0.0,0.0
2020-07-02 00:00:00-04:00,277.05252970772096,278.38463992120967,272.1256290318874,272.3117370605469,489500,0.0,0.0
2020-07-06 00:00:00-04:00,276.41582831470083,281.42107555966516,276.28848810983504,277.8360900878906,686300,0.0,0.0
2020-07-07 00:00:00-04:00,276.19053836473967,282.0871372917101,274.59394325117376,279.5208435058594,679600,0.0,0.0
2020-07-08 00:00:00-04:00,281.35252221538553,288.35599482084217,281.35252221538553,288.20904541015625,692600,0.0,0.0
2020-07-09 00:00:00-04:00,288.786936367338,290.5794440936385,284.38897624401585,288.2580261230469,610200,0.0,0.0
2020-07-10 00:00:00-04:00,287.55280890163425,288.23844331918446,284.62407352524156,286.9161376953125,432000,0.0,0.0
2020-07-13 00:00:00-04:00,288.7184234118307,290.3345979967444,278.5119851260615,279.90289306640625,558800,0.0,0.0
2020-07-14 00:00:00-04:00,278.65889089739414,285.4566463528822,277.0622956975853,285.2705383300781,543700,0.0,0.0
2020-07-15 00:00:00-04:00,290.08962553275506,290.2855082066122,284.2028026640349,287.50372314453125,478400,0.0,0.0
2020-07-16 00:00:00-04:00,285.30971972318974,286.4459471370228,280.3632400203072,283.44866943359375,484900,0.0,0.0
2020-07-17 00:00:00-04:00,285.1235881276036,286.8181394558103,282.83155418463576,286.5144958496094,493100,0.0,0.0
2020-07-20 00:00:00-04:00,286.96501988124936,289.26685810839393,285.9855167966824,287.90533447265625,446600,0.0,0.0
2020-07-21 00:00:00-04:00,290.04062840520834,290.04062840520834,284.04607463317524,284.9178466796875,538600,0.0,0.0
2020-07-22 00:00:00-04:00,284.39876276402526,287.8955963948961,284.39876276402526,287.48419189453125,575000,0.0,0.0
2020-07-23 00:00:00-04:00,287.5331420315375,289.68806095063337,280.4807371811648,282.2144470214844,535600,0.0,0.0
2020-07-24 00:00:00-04:00,282.145836912894,284.99619432813387,278.5314683270169,283.742431640625,583600,0.0,0.0
2020-07-27 00:00:00-04:00,284.0363649510021,289.4725960652619,282.459349164884,283.5661926269531,943300,0.0,0.0
2020-07-28 00:00:00-04:00,283.2624866664342,283.2624866664342,276.29820450478286,276.8663330078125,780900,0.0,0.0
2020-07-29 00:00:00-04:00,277.1014128753685,286.1422369840554,276.4843211577575,285.38800048828125,694900,0.0,0.0
2020-07-30 00:00:00-04:00,279.40325810675296,282.68459945644537,274.3392139484194,277.9535827636719,760700,0.0,0.0
2020-07-31 00:00:00-04:00,279.5306305547559,279.5306305547559,271.0481291781441,275.53424072265625,925600,0.0,0.0
2020-08-03 00:00:00-04:00,279.1094207783982,280.47091454585046,274.16291217971474,274.8779602050781,546500,0.0,0.0
2020-08-04 00:00:00-04:00,273.3205628874408,274.22168903118603,265.75879749710384,270.3428649902344,807100,0.0,0.0
2020-08-05 00:00:00-04:00,270.25468465295734,272.9189340908176,268.6972784219668,271.92962646484375,761900,0.0,0.0
2020-08-06 00:00:00-04:00,270.8816357771121,273.6144584559774,268.7855141806858,273.5948791503906,574100,0.0,0.0
2020-08-07 00:00:00-04:00,271.9198692847075,272.12558647920713,267.11053487275694,269.8727111816406,548500,0.0,0.0
2020-08-10 00:00:00-04:00,267.94308684415887,269.34379912997866,265.0045772612565,265.59228515625,486700,0.0,0.0
2020-08-11 00:00:00-04:00,267.16933553639586,270.94039941049573,262.69299818306786,268.9030456542969,825700,0.0,0.0
2020-08-12 00:00:00-04:00,271.43991763406393,276.36681745511225,271.43991763406393,273.1246643066406,579500,0.0,0.0
2020-08-13 00:00:00-04:00,272.7329062411347,277.072098765553,272.11581436809564,276.1905517578125,506100,0.0,0.0
2020-08-14 00:00:00-04:00,276.91537730379963,277.93406913401736,274.0258604233748,275.2893981933594,428300,0.0,0.0
2020-08-17 00:00:00-04:00,275.64203816868786,279.2074147781721,275.60284966535494,277.8067321777344,507700,0.0,0.0
2020-08-18 00:00:00-04:00,277.698939134834,281.1075908617368,276.84677620310833,279.6383361816406,589900,0.0,0.0
2020-08-19 00:00:00-04:00,280.8062155805556,283.0046050373799,276.3112878624109,276.45849609375,578800,0.56,0.0
2020-08-20 00:00:00-04:00,274.6036472653767,279.5500546601771,273.83813433113045,278.1956787109375,581800,0.0,0.0
2020-08-21 00:00:00-04:00,279.19677455229663,279.9720814585248,275.85009996390806,279.18695068359375,906900,0.0,0.0
2020-08-24 00:00:00-04:00,281.1203001545122,281.23806674812107,278.6078463214834,278.9415283203125,787400,0.0,0.0
2020-08-25 00:00:00-04:00,280.70808505047245,280.70808505047245,278.2152789686854,280.0799865722656,589200,0.0,0.0
2020-08-26 00:00:00-04:00,279.74634172994513,288.29457416403585,278.74526565709164,286.52801513671875,533000,0.0,0.0
2020-08-27 00:00:00-04:00,287.00896016584244,289.6686230816097,284.60444829994424,286.7341613769531,403000,0.0,0.0
2020-08-28 00:00:00-04:00,287.91179904707127,289.5017380922644,286.2139472133346,288.9226989746094,404100,0.0,0.0
2020-08-31 00:00:00-04:00,289.29565135921365,291.6412797143639,287.2542933761454,289.1680908203125,543900,0.0,0.0
2020-09-01 00:00:00-04:00,288.53990848128285,291.5234587783375,287.3818303225124,290.57147216796875,425600,0.0,0.0
2020-09-02 00:00:00-04:00,292.1418246671383,300.2778450860934,292.1418246671383,298.83514404296875,568000,0.0,0.0
2020-09-03 00:00:00-04:00,296.8035394428594,296.8035394428594,283.4364617488863,285.8409729003906,696300,0.0,0.0
2020-09-04 00:00:00-04:00,287.0972898172754,287.2347041893701,272.3268022598461,277.22412109375,601500,0.0,0.0
2020-09-08 00:00:00-04:00,272.80765536764034,276.65486789968907,269.1469166289022,273.52410888671875,1030800,0.0,0.0
2020-09-09 00:00:00-04:00,278.6078423866832,284.7712102886007,277.2436428114193,283.0537109375,642100,0.0,0.0
2020-09-10 00:00:00-04:00,282.0919734938257,285.4975314290349,276.6352336827728,278.509765625,674100,0.0,0.0
2020-09-11 00:00:00-04:00,278.6766192994055,282.48453651225464,276.8904123389929,279.6482238769531,609000,0.0,0.0
2020-09-14 00:00:00-04:00,283.9075579982266,286.7929593988443,281.55213622957064,283.3186950683594,644300,0.0,0.0
2020-09-15 00:00:00-04:00,284.16277598746314,287.55850972978413,281.4344063423258,281.6208801269531,682300,0.0,0.0
2020-09-16 00:00:00-04:00,281.6699360473641,284.68292826575305,280.3646495220891,281.4932861328125,624100,0.0,0.0
2020-09-17 00:00:00-04:00,277.70498235357286,280.20764284027325,274.4858982758545,277.4596252441406,495300,0.0,0.0
2020-09-18 00:00:00-04:00,275.6832068971615,279.5205951918269,273.4259337595066,275.6047058105469,864800,0.0,0.0
2020-09-21 00:00:00-04:00,271.894887647058,275.21211988613294,269.69646802572515,274.83917236328125,917000,0.0,0.0
2020-09-22 00:00:00-04:00,274.6527049858039,276.7627697579804,269.42167557927013,273.9460754394531,520200,0.0,0.0
2020-09-23 00:00:00-04:00,274.3287914211829,275.8892586180971,268.3518974572552,268.57763671875,432500,0.0,0.0
2020-09-24 00:00:00-04:00,268.3127177024769,273.6811021586383,267.54717481752107,270.3933410644531,471200,0.0,0.0
2020-09-25 00:00:00-04:00,268.69544704448384,276.13466060905085,268.03787688489,275.28082275390625,515200,0.0,0.0
2020-09-28 00:00:00-04:00,278.39199309166804,281.17924624922,277.40074078938954,279.8641357421875,556900,0.0,0.0
2020-09-29 00:00:00-04:00,280.2271948098716,282.93594624606226,277.6852993472658,280.4234924316406,378100,0.0,0.0
2020-09-30 00:00:00-04:00,281.5521973334604,287.19541089701534,280.68853550899394,284.467041015625,680300,0.0,0.0
2020-10-01 00:00:00-04:00,288.6184095484308,292.64227140495586,285.03620238927095,288.0491943359375,655300,0.0,0.0
2020-10-02 00:00:00-04:00,284.49642677521007,290.89532820255465,282.33727263825864,288.5006408691406,453900,0.0,0.0
2020-10-05 00:00:00-04:00,290.3850098363497,292.39692586853107,286.6555643304815,289.697998046875,333700,0.0,0.0
2020-10-06 00:00:00-04:00,290.84628389280397,291.25846700804493,280.7081127396009,282.59246826171875,680200,0.0,0.0
2020-10-07 00:00:00-04:00,283.49538544675937,285.8115719814509,281.8564168363163,282.896728515625,463300,0.0,0.0
2020-10-08 00:00:00-04:00,283.8487239412426,288.56939216406533,283.8487239412426,286.7145080566406,343800,0.0,0.0
2020-10-09 00:00:00-04:00,288.33383316130704,289.707826812674,287.2149905053841,289.2563781738281,384400,0.0,0.0
2020-10-12 00:00:00-04:00,291.38606101242965,291.6216241748097,287.34258114288724,287.8823547363281,498800,0.0,0.0
2020-10-13 00:00:00-04:00,288.52029777504026,290.9934862689622,285.43859858622255,287.96087646484375,385300,0.0,0.0
2020-10-14 00:00:00-04:00,288.6674982154555,290.66962024729435,284.51604590329265,284.7221374511719,479400,0.0,0.0
2020-10-15 00:00:00-04:00,282.92614244154566,285.3404476162771,279.10840201916744,285.0852966308594,613000,0.0,0.0
2020-10-16 00:00:00-04:00,286.06671995777356,290.55182434258194,283.6229432242416,283.691650390625,510400,0.0,0.0
2020-10-19 00:00:00-04:00,284.290344332641,287.62719450958053,278.11715203727346,279.24578857421875,629600,0.0,0.0
2020-10-20 00:00:00-04:00,279.68751549055094,283.28934145189396,277.3418869087639,280.08990478515625,475900,0.0,0.0
2020-10-21 00:00:00-04:00,279.6089414429896,281.92512801054295,271.8654870446257,272.0126953125,479400,0.0,0.0
2020-10-22 00:00:00-04:00,271.98325415549937,273.1217146805018,266.1633909986417,267.6551513671875,968500,0.0,0.0
2020-10-23 00:00:00-04:00,268.2930681959294,269.6768857890513,265.1721331735609,266.83074951171875,737400,0.0,0.0
2020-10-26 00:00:00-04:00,264.2790406997658,265.88859766644515,261.40346265043786,264.0042419433594,719400,0.0,0.0
2020-10-27 00:00:00-04:00,265.08381809983746,267.27238427379666,260.2748249069674,261.2464294433594,608200,0.0,0.0
2020-10-28 00:00:00-04:00,256.60423033149755,258.81244396690977,253.15943742680818,256.9967956542969,895000,0.0,0.0
2020-10-29 00:00:00-04:00,256.3588964504477,261.0599467346423,248.46821893531717,258.11566162109375,1233300,0.0,0.0
2020-10-30 00:00:00-04:00,256.4079597815219,263.35645876498194,254.6315770062748,258.0174865722656,1152200,0.0,0.0
2020-11-02 00:00:00-05:00,261.59969166877045,268.4108062138685,258.724114044766,260.9912109375,921400,0.0,0.0
2020-11-03 00:00:00-05:00,264.3771753370777,268.4795386770497,263.4546302863526,264.1808776855469,708300,0.0,0.0
2020-11-04 00:00:00-05:00,267.56680480897006,283.03412455082685,267.56680480897006,280.30572509765625,895500,0.0,0.0
2020-11-05 00:00:00-05:00,285.04602976143957,288.2847310792332,282.11156881194967,285.6545104980469,671200,0.0,0.0
2020-11-06 00:00:00-05:00,285.6741993246995,287.29358033712947,280.6492901137538,285.2325744628906,488100,0.0,0.0
2020-11-09 00:00:00-05:00,297.07836380073365,298.9823371334741,269.5296637298196,270.3344421386719,1496500,0.0,0.0
2020-11-10 00:00:00-05:00,271.3256073586906,271.3256073586906,263.07179334567303,265.3094482421875,1067500,0.0,0.0
2020-11-11 00:00:00-05:00,268.3519694960471,277.0572349127053,268.3519694960471,275.0453186035156,683700,0.0,0.0
2020-11-12 00:00:00-05:00,275.6145201232273,276.43894632317324,269.8829819501308,271.2079162597656,593200,0.0,0.0
2020-11-13 00:00:00-05:00,272.39540695905526,273.03335930129765,268.1752773380863,270.295166015625,582100,0.0,0.0
2020-11-16 00:00:00-05:00,271.8851092634357,272.85671379806666,267.8416290355281,270.42279052734375,637800,0.0,0.0
2020-11-17 00:00:00-05:00,268.3127171079204,271.5318009713728,268.2341860656705,269.58856201171875,623000,0.0,0.0
2020-11-18 00:00:00-05:00,270.874239635195,271.4238371456358,267.5570068359375,267.5570068359375,601300,0.0,0.0
2020-11-19 00:00:00-05:00,268.42066348012617,269.92224771216513,265.9867103013759,269.0291442871094,527600,0.0,0.0
2020-11-20 00:00:00-05:00,269.20617158873,271.09438479366503,267.0524410632187,268.41943359375,737500,0.56,0.0
2020-11-23 00:00:00-05:00,270.6714916877804,272.47116895956003,266.01982189064984,266.35418701171875,619800,0.0,0.0
2020-11-24 00:00:00-05:00,267.20973030823046,268.3406771581792,264.26926249593924,267.0818786621094,1370200,0.0,0.0
2020-11-25 00:00:00-05:00,268.4783794931414,272.11710946181756,266.7967101348758,271.9892578125,1038000,0.0,0.0
2020-11-27 00:00:00-05:00,274.5659130796458,276.4836281749503,271.72376435002457,272.6285400390625,391800,0.0,0.0
2020-11-30 00:00:00-05:00,275.6181598175109,278.65697761104656,272.7366655884495,277.6636962890625,1527200,0.0,0.0
2020-12-01 00:00:00-05:00,279.0109960544446,280.63366164398116,272.94320454462684,274.5757141113281,1175300,0.0,0.0
2020-12-02 00:00:00-05:00,274.4479066225865,276.227926072584,272.4023398434106,273.3661193847656,741500,0.0,0.0
2020-12-03 00:00:00-05:00,272.44167360369335,276.4442711991719,272.44167360369335,275.2444763183594,1140000,0.0,0.0
2020-12-04 00:00:00-05:00,275.9525804089196,283.5938793092507,275.67721909752385,280.92877197265625,1052800,0.0,0.0
2020-12-07 00:00:00-05:00,281.36141415955444,281.6269314230067,276.7490908768755,278.4111022949219,614700,0.0,0.0
2020-12-08 00:00:00-05:00,277.0835082813725,278.0767897339291,273.85783456734873,274.19219970703125,779400,0.0,0.0
2020-12-09 00:00:00-05:00,274.26104473616147,274.3200485830254,266.4623928502947,270.760009765625,1000800,0.0,0.0
2020-12-10 00:00:00-05:00,269.99289169064986,272.1269338797558,267.612960158094,269.4421691894531,529300,0.0,0.0
2020-12-11 00:00:00-05:00,268.30141469834075,271.30088694266817,267.3572931292102,270.0912780761719,386600,0.0,0.0
2020-12-14 00:00:00-05:00,272.1957612678051,275.9820006884786,269.92402361782564,270.071533203125,596800,0.0,0.0
2020-12-15 00:00:00-05:00,271.1632056433431,275.3624725452928,269.93390889090875,272.79571533203125,692700,0.0,0.0
2020-12-16 00:00:00-05:00,273.37590928084626,276.64089828162497,271.66470798423177,275.9033203125,808300,0.0,0.0
2020-12-17 00:00:00-05:00,278.0669273017801,279.8076007107621,274.46754278458815,275.4214782714844,736400,0.0,0.0
2020-12-18 00:00:00-05:00,275.12644133139264,280.00428216079854,274.182319871152,278.6766357421875,1567400,0.0,0.0
2020-12-21 00:00:00-05:00,276.5622916036114,277.08351227181856,269.20616838826595,274.2413635253906,898200,0.0,0.0
2020-12-22 00:00:00-05:00,273.0907270803685,276.93597081829404,272.2744572522806,276.6114196777344,880100,0.0,0.0
2020-12-23 00:00:00-05:00,276.778649616676,279.7486200324321,270.97637442747094,271.13372802734375,420000,0.0,0.0
2020-12-24 00:00:00-05:00,270.7599822311978,274.74289155013247,270.7599822311978,274.2610168457031,210300,0.0,0.0
2020-12-28 00:00:00-05:00,276.5032873683811,276.5032873683811,272.2351722774607,273.3661193847656,518000,0.0,0.0
2020-12-29 00:00:00-05:00,275.7164557868471,277.53582072013364,274.1232922277078,276.0803527832031,569800,0.0,0.0
2020-12-30 00:00:00-05:00,278.0374207544802,281.1057406165482,276.9851355417975,280.7812194824219,612700,0.0,0.0
2020-12-31 00:00:00-05:00,281.32210019966925,285.6295608129457,279.83710012201726,285.432861328125,709400,0.0,0.0
2021-01-04 00:00:00-05:00,288.63888293749665,289.5239706135846,284.0954068564006,287.1637268066406,1356800,0.0,0.0
2021-01-05 00:00:00-05:00,286.3475324604513,289.8190659062913,278.2833323253239,279.66998291015625,832900,0.0,0.0
2021-01-06 00:00:00-05:00,277.75219308676566,280.3189800798074,272.88419639505724,276.6900939941406,1035800,0.0,0.0
2021-01-07 00:00:00-05:00,278.4602777856676,282.9250917281691,276.1885399233479,276.7196044921875,749900,0.0,0.0
2021-01-08 00:00:00-05:00,278.3225814741883,279.60103787480693,272.37276819531525,275.5689392089844,650200,0.0,0.0
2021-01-11 00:00:00-05:00,274.0348126098626,274.1331623476592,270.07156127488196,271.7729187011719,621700,0.0,0.0
2021-01-12 00:00:00-05:00,272.76617482543594,274.3298666560588,268.1046912905937,269.5208435058594,581000,0.0,0.0
2021-01-13 00:00:00-05:00,269.97318937848496,271.2418318640444,265.83292686256664,269.7076721191406,956000,0.0,0.0
2021-01-14 00:00:00-05:00,270.2977929285997,272.1269722054505,266.53121063544273,267.65234375,1270200,0.0,0.0
2021-01-15 00:00:00-05:00,266.61973505246544,267.4360050113022,262.11560435857814,262.2336120605469,888600,0.0,0.0
2021-01-19 00:00:00-05:00,263.08916110504805,265.8428038183142,259.6668181782225,264.8298645019531,1357200,0.0,0.0
2021-01-20 00:00:00-05:00,268.17353322817667,273.2578875181503,267.84898209606064,270.96649169921875,885100,0.0,0.0
2021-01-21 00:00:00-05:00,270.2977808350535,272.84488015088573,266.25583743335983,266.28533935546875,838800,0.0,0.0
2021-01-22 00:00:00-05:00,266.6000195916744,267.760468426862,262.2532434422005,262.2827453613281,729700,0.0,0.0
2021-01-25 00:00:00-05:00,262.5974401608507,266.0394710138889,261.07312421649897,262.1352233886719,760400,0.0,0.0
2021-01-26 00:00:00-05:00,262.3417543705311,265.89194876141033,260.92560220024035,264.2201232910156,553200,0.0,0.0
2021-01-27 00:00:00-05:00,261.8402057534868,264.8691797170549,257.0508704539456,258.6833801269531,1008900,0.0,0.0
2021-01-28 00:00:00-05:00,259.00791154936536,269.7470615073931,258.5260368117796,265.5969543457031,784100,0.0,0.0
2021-01-29 00:00:00-05:00,263.45304429255265,265.95095353571,259.24390365174594,261.85003662109375,753100,0.0,0.0
2021-02-01 00:00:00-05:00,265.71490256255794,268.4980166656269,263.4923248608027,266.265625,569600,0.0,0.0
2021-02-02 00:00:00-05:00,268.3112052088337,276.7097687757267,267.4949653947664,273.6414489746094,733800,0.0,0.0
2021-02-03 00:00:00-05:00,272.0974234550655,273.63158323360415,268.7930885511744,269.34381103515625,494500,0.0,0.0
2021-02-04 00:00:00-05:00,269.41268599830835,272.4121580441237,268.1046974579477,272.2646484375,662800,0.0,0.0
2021-02-05 00:00:00-05:00,273.62173933642043,274.6149904870228,271.7826865865954,272.3825988769531,480000,0.0,0.0
2021-02-08 00:00:00-05:00,273.8971214390296,275.67714048225065,271.60569581181784,273.77911376953125,729300,0.0,0.0
2021-02-09 00:00:00-05:00,274.47737346575,279.9452827921038,273.89714902419786,277.64404296875,677900,0.0,0.0
2021-02-10 00:00:00-05:00,279.19783402492834,279.19783402492834,271.28117603252457,272.2842712402344,849400,0.0,0.0
2021-02-11 00:00:00-05:00,274.3396969584042,274.93960939676833,270.6518065973964,274.044677734375,567300,0.0,0.0
2021-02-12 00:00:00-05:00,270.4452459349596,280.2697745379537,270.4452459349596,274.0544738769531,910700,0.0,0.0
2021-02-16 00:00:00-05:00,275.4411482369477,277.7129163612874,268.3505726143553,275.7066955566406,1035500,0.0,0.0
2021-02-17 00:00:00-05:00,273.51357489544495,276.34587909882475,273.14970789928316,275.9033203125,656000,0.0,0.0
2021-02-18 00:00:00-05:00,273.98564717424847,277.17197453159116,271.34019834559643,274.16265869140625,698900,0.0,0.0
2021-02-19 00:00:00-05:00,274.78223137584536,277.1523189719187,273.82829595346004,275.7755126953125,934500,0.0,0.0
2021-02-22 00:00:00-05:00,273.5726279954245,274.48721763892377,270.0125891586494,272.4416809082031,799000,0.0,0.0
2021-02-23 00:00:00-05:00,271.5565538536609,273.1497175211511,268.88160312425583,271.4680480957031,992900,0.0,0.0
2021-02-24 00:00:00-05:00,270.7682340861175,275.3811045857884,268.68852448194906,274.5531311035156,804800,0.62,0.0
2021-02-25 00:00:00-05:00,274.55311826769173,278.6632968351866,272.8676632083587,273.31121826171875,750400,0.0,0.0
2021-02-26 00:00:00-05:00,274.46439979715103,275.9428764628452,269.2897314672215,270.9456481933594,1017300,0.0,0.0
2021-03-01 00:00:00-05:00,273.35063893812224,280.1220880698775,273.08452393806164,278.4169006347656,715800,0.0,0.0
2021-03-02 00:00:00-05:00,276.8201187474105,279.4025198287555,274.8093820716816,277.0960998535156,702800,0.0,0.0
2021-03-03 00:00:00-05:00,276.5934180190532,277.75647914481334,273.8828773847882,274.0110168457031,861100,0.0,0.0
2021-03-04 00:00:00-05:00,273.5182127947036,281.0880069242751,272.0298698311133,274.0209045410156,1003200,0.0,0.0
2021-03-05 00:00:00-05:00,276.1203108316236,284.26176838204066,274.0701397194977,283.3155517578125,1012500,0.0,0.0
2021-03-08 00:00:00-05:00,283.8774463366872,288.9042440056069,283.1677761830046,285.32635498046875,1136700,0.0,0.0
2021-03-09 00:00:00-05:00,287.9777378658014,289.78146641146265,285.5727464184604,285.8782958984375,1312500,0.0,0.0
2021-03-10 00:00:00-05:00,287.31729229115905,288.80563506025885,285.9472228399271,286.9526062011719,632600,0.0,0.0
2021-03-11 00:00:00-05:00,287.53413890757,289.12102273376706,286.4696489590279,287.34686279296875,532400,0.0,0.0
2021-03-12 00:00:00-05:00,287.3468544891925,288.02695613210454,285.51355794199196,287.4552917480469,506900,0.0,0.0
2021-03-15 00:00:00-04:00,287.4060345125759,293.52692014266034,286.78506943364056,293.0932312011719,682100,0.0,0.0
2021-03-16 00:00:00-04:00,294.86739646780177,297.154114314788,291.20077305097396,291.9301452636719,592400,0.0,0.0
2021-03-17 00:00:00-04:00,291.41757233372255,293.5268497893247,287.44540008781837,288.9041442871094,767200,0.0,0.0
2021-03-18 00:00:00-04:00,287.731339048346,288.4508452421362,282.01454349396477,283.483154296875,780600,0.0,0.0
2021-03-19 00:00:00-04:00,285.2868713606386,286.51893529856295,283.14799512934,283.6605529785156,1804200,0.0,0.0
2021-03-22 00:00:00-04:00,283.6605365733021,287.8791220495902,282.0342182852356,286.1246643066406,696100,0.0,0.0
2021-03-23 00:00:00-04:00,286.9230816311669,288.3029873495518,284.36038239434424,286.607666015625,682600,0.0,0.0
2021-03-24 00:00:00-04:00,287.07091988994097,293.81277067367347,286.5879604141672,291.9991760253906,935100,0.0,0.0
2021-03-25 00:00:00-04:00,292.14702711756655,292.9947028416461,289.00279719534836,291.52606201171875,728400,0.0,0.0
2021-03-26 00:00:00-04:00,291.48662800547186,299.88436504932463,290.76709183089815,299.7562255859375,755400,0.0,0.0
2021-03-29 00:00:00-04:00,298.64243568478764,303.44255202673304,298.29748184214174,302.5653381347656,719200,0.0,0.0
2021-03-30 00:00:00-04:00,299.76610722269817,300.032222220633,291.3880719401395,293.26080322265625,762300,0.0,0.0
2021-03-31 00:00:00-04:00,293.57621241640214,296.7894148356932,293.1819579570662,294.3252868652344,535400,0.0,0.0
2021-04-01 00:00:00-04:00,299.5394023688594,302.89061053031,296.6711536839438,301.9148254394531,673200,0.0,0.0
2021-04-05 00:00:00-04:00,301.7866689829962,306.97120377938614,301.72753231898076,306.4291076660156,571600,0.0,0.0
2021-04-06 00:00:00-04:00,305.91653265593413,307.4245776631636,304.2113754729317,305.05902099609375,511000,0.0,0.0
2021-04-07 00:00:00-04:00,304.39863402778656,306.89233025546724,302.25978785858325,303.4918518066406,508500,0.0,0.0
2021-04-08 00:00:00-04:00,306.21223592156105,309.9576980140274,305.3842625397429,308.60736083984375,793100,0.0,0.0
2021-04-09 00:00:00-04:00,308.8636559653119,310.1154522823469,308.0357125390723,309.78033447265625,551700,0.0,0.0
2021-04-12 00:00:00-04:00,308.24267043921435,310.84477362671055,307.5231343282858,309.9675598144531,654800,0.0,0.0
2021-04-13 00:00:00-04:00,308.41025758051586,312.53027241902316,308.41025758051586,310.647705078125,680400,0.0,0.0
2021-04-14 00:00:00-04:00,311.99804242302,314.1171865084963,309.7704610630106,310.647705078125,481000,0.0,0.0
2021-04-15 00:00:00-04:00,312.48101414173743,315.0338472660591,312.15576246476127,313.9397888183594,694900,0.0,0.0
2021-04-16 00:00:00-04:00,315.8125178428853,317.8133886595899,313.45679693786514,317.37969970703125,1931100,0.0,0.0
2021-04-19 00:00:00-04:00,316.0983703133037,319.5875541074904,315.35913187017593,316.1180725097656,989500,0.0,0.0
2021-04-20 00:00:00-04:00,315.8421019319841,320.56338003575934,314.8268823059638,319.1144714355469,875100,0.0,0.0
2021-04-21 00:00:00-04:00,319.8339203959842,322.54446095982,319.03554539992007,320.3661804199219,669600,0.0,0.0
2021-04-22 00:00:00-04:00,320.1296154370076,324.31863243202736,318.65113885053006,320.3858642578125,772100,0.0,0.0
2021-04-23 00:00:00-04:00,320.93786009207474,324.2693658289746,317.83306495088993,323.0274658203125,751600,0.0,0.0
2021-04-26 00:00:00-04:00,323.0176011131208,323.33301670515897,320.20848927592357,320.61260986328125,752500,0.0,0.0
2021-04-27 00:00:00-04:00,320.5830598454019,322.31781562102634,318.6511918732581,321.716552734375,1204300,0.0,0.0
2021-04-28 00:00:00-04:00,335.2791120508041,335.2791120508041,313.80176422075806,315.44781494140625,996700,0.0,0.0
2021-04-29 00:00:00-04:00,316.6897299556304,326.00414616360894,314.9254359013422,325.21563720703125,788400,0.0,0.0
2021-04-30 00:00:00-04:00,324.63403362224443,325.78725865057373,319.3903926023037,322.0220642089844,874400,0.0,0.0
2021-05-03 00:00:00-04:00,322.830311077478,325.88583557437875,320.82944050119556,324.5946350097656,579000,0.0,0.0
2021-05-04 00:00:00-04:00,323.52026240255344,327.07844833654934,323.2639834981673,325.4718322753906,874800,0.0,0.0
2021-05-05 00:00:00-04:00,327.45302907291165,327.45302907291165,319.87336925783717,323.9539794921875,629500,0.0,0.0
2021-05-06 00:00:00-04:00,324.59465485823006,325.77741823021296,321.03643844557587,324.8706359863281,636700,0.0,0.0
2021-05-07 00:00:00-04:00,325.37332441196713,329.8777579088349,323.8160086494741,329.7003479003906,678100,0.0,0.0
2021-05-10 00:00:00-04:00,330.04533920565706,333.7316653906073,328.69500175629037,328.8329772949219,552000,0.0,0.0
2021-05-11 00:00:00-04:00,324.4566902748589,325.4325055237477,322.3079776430311,324.0328674316406,706700,0.0,0.0
2021-05-12 00:00:00-04:00,322.37691802004446,324.0426708139619,314.67898520351537,315.1422424316406,991200,0.0,0.0
2021-05-13 00:00:00-04:00,316.65029850402124,325.1466066157963,316.4728584362192,324.12152099609375,709100,0.0,0.0
2021-05-14 00:00:00-04:00,325.2648786665014,329.8383144290311,324.3876347070001,329.2469177246094,697100,0.0,0.0
2021-05-17 00:00:00-04:00,327.383982655284,327.96551315174656,324.4763301729711,324.95928955078125,867500,0.0,0.0
2021-05-18 00:00:00-04:00,323.5301236618924,324.10181817318323,318.88771517041084,319.1636962890625,781800,0.0,0.0
2021-05-19 00:00:00-04:00,315.83567967448806,319.953712807184,314.9567528563652,319.8648376464844,539000,0.62,0.0
2021-05-20 00:00:00-04:00,321.03014246795703,325.8394973588459,320.9708923585111,322.9163513183594,543400,0.0,0.0
2021-05-21 00:00:00-04:00,323.62739944554716,327.133191834498,323.32126381850475,324.7828369140625,926500,0.0,0.0
2021-05-24 00:00:00-04:00,326.9850566785907,329.8983179856892,326.95543162050535,327.7454833984375,413300,0.0,0.0
2021-05-25 00:00:00-04:00,329.68103806096633,330.25382933334356,327.64670382609273,328.8712463378906,413900,0.0,0.0
2021-05-26 00:00:00-04:00,331.0241096905655,331.0241096905655,326.7282957134604,327.0640563964844,675500,0.0,0.0
2021-05-27 00:00:00-04:00,327.5479389339944,330.3426998040973,326.20489621594845,329.5724182128906,1018100,0.0,0.0
2021-05-28 00:00:00-04:00,329.651357220574,333.9570555497954,329.5822220550221,331.17218017578125,724700,0.0,0.0
2021-06-01 00:00:00-04:00,333.848458792852,334.77675071911165,326.26414317767615,326.79742431640625,568000,0.0,0.0
2021-06-02 00:00:00-04:00,326.82706572398985,331.3499952216702,326.71842042298346,330.82659912109375,511300,0.0,0.0
2021-06-03 00:00:00-04:00,330.2143303052653,330.8661117039732,326.34315203525904,330.1155700683594,481700,0.0,0.0
2021-06-04 00:00:00-04:00,331.4388808013326,331.80426656298766,329.3551813984263,331.468505859375,440900,0.0,0.0
2021-06-07 00:00:00-04:00,331.69559749251755,332.3276086738476,329.9476289398904,330.89569091796875,380900,0.0,0.0
2021-06-08 00:00:00-04:00,331.16233052756917,334.1150714623922,330.2241837103884,332.7522888183594,365900,0.0,0.0
2021-06-09 00:00:00-04:00,332.9103007205146,334.93478009490923,331.9524138215825,334.55950927734375,408000,0.0,0.0
2021-06-10 00:00:00-04:00,334.53972967327576,336.3864283477358,331.7449690022564,335.7247619628906,592600,0.0,0.0
2021-06-11 00:00:00-04:00,336.96908394129554,340.5834912938267,336.1099272194642,340.4452209472656,566300,0.0,0.0
2021-06-14 00:00:00-04:00,340.1094555447354,343.58562263967474,338.6182876323125,343.4276123046875,458700,0.0,0.0
2021-06-15 00:00:00-04:00,345.05704762237997,348.4443093884054,341.9857763862474,346.5383605957031,650300,0.0,0.0
2021-06-16 00:00:00-04:00,348.0196430771144,349.2935805610247,340.65258897372445,342.5782775878906,733000,0.0,0.0
2021-06-17 00:00:00-04:00,342.1832824649787,352.7894732645176,341.8574068849867,350.92303466796875,897900,0.0,0.0
2021-06-18 00:00:00-04:00,345.1558176404872,348.16780871674155,340.73161858518296,344.4151611328125,1054000,0.0,0.0
2021-06-21 00:00:00-04:00,346.15320413476104,351.4859549390547,343.86212964455365,351.21929931640625,574500,0.0,0.0
2021-06-22 00:00:00-04:00,351.2193168318514,355.8508913620899,350.0540244697908,355.011474609375,679200,0.0,0.0
2021-06-23 00:00:00-04:00,356.58164634788756,357.97408416191433,352.8487388535949,353.14501953125,464200,0.0,0.0
2021-06-24 00:00:00-04:00,355.7323728260787,358.28021787105484,353.60916359903365,357.4605712890625,480800,0.0,0.0
2021-06-25 00:00:00-04:00,358.09257743043577,362.06251541730705,354.94234628876757,360.44293212890625,838800,0.0,0.0
2021-06-28 00:00:00-04:00,361.18356586474306,363.3660551687207,359.6133778558704,361.1934509277344,378900,0.0,0.0
2021-06-29 00:00:00-04:00,361.4206224022721,363.1093107389146,357.75681998074145,361.776123046875,435800,0.0,0.0
2021-06-30 00:00:00-04:00,361.71685282182773,362.605634521293,356.56188280006427,357.8555603027344,591700,0.0,0.0
2021-07-01 00:00:00-04:00,357.98398150850784,361.26262824109057,356.5224084724745,360.75897216796875,439500,0.0,0.0
2021-07-02 00:00:00-04:00,361.88477857814155,363.9585926718007,360.6207260214604,363.2574462890625,375500,0.0,0.0
2021-07-06 00:00:00-04:00,364.7190222584519,366.0916899805034,360.6997190459653,365.4300537109375,490200,0.0,0.0
2021-07-07 00:00:00-04:00,366.63488893290315,372.8860171525422,365.9534824743187,372.0466003417969,537700,0.0,0.0
2021-07-08 00:00:00-04:00,368.3136852864916,371.3158216446416,365.83497516202476,369.7357482910156,567400,0.0,0.0
2021-07-09 00:00:00-04:00,370.7232837868136,371.9675964280247,367.74091761113044,370.9109191894531,631800,0.0,0.0
2021-07-12 00:00:00-04:00,371.8391952986859,372.58973687727286,367.35574609287,370.3677673339844,445700,0.0,0.0
2021-07-13 00:00:00-04:00,370.58501763224604,373.23162293833497,367.91864219838385,370.3282470703125,409200,0.0,0.0
2021-07-14 00:00:00-04:00,370.8911513130713,371.3355271248144,368.5407965618863,370.9207763671875,380000,0.0,0.0
2021-07-15 00:00:00-04:00,370.01222469117386,371.87869351373627,367.72112004690524,370.08135986328125,493800,0.0,0.0
2021-07-16 00:00:00-04:00,370.86150815833133,375.14743655650153,370.5356024415698,373.2513427734375,570600,0.0,0.0
2021-07-19 00:00:00-04:00,370.4368598972099,373.2217355306636,364.7881486692649,367.1977233886719,867800,0.0,0.0
2021-07-20 00:00:00-04:00,367.77048669864627,374.584519857192,366.4076740394596,372.60943603515625,564400,0.0,0.0
2021-07-21 00:00:00-04:00,372.4218584798807,376.2634115760905,372.4218584798807,374.2784423828125,771200,0.0,0.0
2021-07-22 00:00:00-04:00,374.2191366439075,376.60897120741924,373.26121977839745,376.4608459472656,577100,0.0,0.0
2021-07-23 00:00:00-04:00,377.12252281237727,379.7296178759689,376.28310613157436,377.1027526855469,590200,0.0,0.0
2021-07-26 00:00:00-04:00,375.51285464259064,376.32264633528024,370.07148844614517,375.05859375,558200,0.0,0.0
2021-07-27 00:00:00-04:00,375.335095180585,377.29040905269494,372.6489797350349,376.223876953125,621100,0.0,0.0
2021-07-28 00:00:00-04:00,376.59915816468015,377.9422008559544,372.35270936455845,373.8636474609375,866500,0.0,0.0
2021-07-29 00:00:00-04:00,373.09332192759103,376.54971861615354,369.61718525026765,372.60943603515625,792700,0.0,0.0
2021-07-30 00:00:00-04:00,371.69106668435984,373.3303900380579,370.6343895002922,371.3157958984375,896400,0.0,0.0
2021-08-02 00:00:00-04:00,373.8537702518525,376.65838582593454,371.4935304811665,374.49566650390625,763900,0.0,0.0
2021-08-03 00:00:00-04:00,375.2659303329922,375.2659303329922,369.5480541665551,374.426513671875,520300,0.0,0.0
2021-08-04 00:00:00-04:00,374.80180570999346,380.21354659896804,371.937940001232,377.9915771484375,726700,0.0,0.0
2021-08-05 00:00:00-04:00,380.46041842678517,382.7218677762813,378.1594288237303,382.0207214355469,620100,0.0,0.0
2021-08-06 00:00:00-04:00,381.9417503516488,383.9661993796662,376.1251135546223,380.1740417480469,527100,0.0,0.0
2021-08-09 00:00:00-04:00,381.05293948819855,382.7021478792763,376.7571559225273,377.65582275390625,510900,0.0,0.0
2021-08-10 00:00:00-04:00,378.38659337045976,379.1963850370858,373.4982484538216,375.6116027832031,366400,0.0,0.0
2021-08-11 00:00:00-04:00,377.44842007892254,377.7348156979209,374.01179320050255,375.2659606933594,473000,0.0,0.0
2021-08-12 00:00:00-04:00,374.0512792114553,375.3647269719937,371.59230923123766,374.20928955078125,411000,0.0,0.0
2021-08-13 00:00:00-04:00,375.5128871329021,377.092960535562,374.78211561584675,375.90789794921875,409400,0.0,0.0
2021-08-16 00:00:00-04:00,374.95981044015286,379.74939498942854,373.0933416636498,379.650634765625,386600,0.0,0.0
2021-08-17 00:00:00-04:00,377.65583709841536,379.09764002651514,375.4239824623635,377.1126708984375,483100,0.0,0.0
2021-08-18 00:00:00-04:00,377.695305750482,378.1495967704481,368.9654380668843,369.26171875,614600,0.0,0.0
2021-08-19 00:00:00-04:00,367.3327878588096,371.73463019902977,365.00820382945324,370.48828125,486800,0.62,0.0
2021-08-20 00:00:00-04:00,371.3192035283444,373.91085595390695,369.00452089969446,372.34796142578125,595300,0.0,0.0
2021-08-23 00:00:00-04:00,372.68426574458044,378.36216146182994,372.68426574458044,375.0088195800781,623500,0.0,0.0
2021-08-24 00:00:00-04:00,376.65088534299673,376.8388323709607,370.4783982402261,372.2787170410156,455000,0.0,0.0
2021-08-25 00:00:00-04:00,372.8920271523043,373.43606530484965,369.45956360024724,372.32818603515625,304600,0.0,0.0
2021-08-26 00:00:00-04:00,371.7247959879601,373.7625089520939,370.60701524611613,371.309326171875,344600,0.0,0.0
2021-08-27 00:00:00-04:00,371.89291293460735,375.1967776955402,371.3291020511504,373.7624816894531,337600,0.0,0.0
2021-08-30 00:00:00-04:00,374.2174821642542,379.4106882493195,374.2075806831582,376.9674072265625,294100,0.0,0.0
2021-08-31 00:00:00-04:00,377.3235151431245,378.58966699350395,375.3154767353951,376.6508483886719,546200,0.0,0.0
2021-09-01 00:00:00-04:00,376.1958332136855,379.5689477180743,373.7525522764862,377.9763488769531,375000,0.0,0.0
2021-09-02 00:00:00-04:00,380.0338660389508,382.1902757301168,377.6895093374368,381.51763916015625,401300,0.0,0.0
2021-09-03 00:00:00-04:00,380.03391653595736,382.43762206671664,378.7182872887071,381.220947265625,337400,0.0,0.0
2021-09-07 00:00:00-04:00,383.5454945947087,383.5454945947087,375.3748701922085,377.64007568359375,437100,0.0,0.0
2021-09-08 00:00:00-04:00,377.86760657461485,379.9250923017598,375.89914362443125,377.8082580566406,765000,0.0,0.0
2021-09-09 00:00:00-04:00,378.8765464816315,381.3594034053239,377.46202321382714,378.3621826171875,497400,0.0,0.0
2021-09-10 00:00:00-04:00,380.71639908234977,381.6264296797528,376.91794356451567,378.3918151855469,353600,0.0,0.0
2021-09-13 00:00:00-04:00,381.0922914132677,382.80355706302254,370.4882584859049,375.06817626953125,345300,0.0,0.0
2021-09-14 00:00:00-04:00,376.69046151401324,378.1247877422355,374.43512736330575,376.03759765625,352100,0.0,0.0
2021-09-15 00:00:00-04:00,377.5411578921342,379.10405237941654,372.67436851649103,375.7012634277344,418700,0.0,0.0
2021-09-16 00:00:00-04:00,376.5321521996062,378.55999357329796,375.958439876465,376.2156066894531,461400,0.0,0.0
2021-09-17 00:00:00-04:00,373.51519659914425,374.6033030328668,364.7906025407206,365.9974060058594,1260600,0.0,0.0
2021-09-20 00:00:00-04:00,362.04066837740913,366.5315638092197,361.4372817534197,364.93896484375,704900,0.0,0.0
2021-09-21 00:00:00-04:00,366.81839840001464,367.9164062690126,364.94885985947866,365.4434509277344,363200,0.0,0.0
2021-09-22 00:00:00-04:00,368.33185236051213,368.33185236051213,363.1683504967597,366.373291015625,335700,0.0,0.0
2021-09-23 00:00:00-04:00,367.18443654879206,373.3865979373757,367.18443654879206,372.8425598144531,485300,0.0,0.0
2021-09-24 00:00:00-04:00,371.74453910961824,374.5142370377513,369.2715837496982,372.1995544433594,337300,0.0,0.0
2021-09-27 00:00:00-04:00,370.5179740441503,370.5179740441503,361.7637057695026,364.2168884277344,488400,0.0,0.0
2021-09-28 00:00:00-04:00,360.56679033826543,362.11978335055585,349.2109685405324,351.64434814453125,702100,0.0,0.0
2021-09-29 00:00:00-04:00,353.5930416096047,357.61902019055236,351.7729500826707,355.5318603515625,511700,0.0,0.0
2021-09-30 00:00:00-04:00,357.5497759023298,359.0236778514944,351.0607433331844,351.2684631347656,661700,0.0,0.0
2021-10-01 00:00:00-04:00,353.63260926184927,357.96523179412515,349.82425204769464,355.3636779785156,415800,0.0,0.0
2021-10-04 00:00:00-04:00,353.7612187747602,355.51206032089857,343.12751061295535,345.9466857910156,637000,0.0,0.0
2021-10-05 00:00:00-04:00,347.94484719399384,355.4626381317654,347.08426348934756,351.53558349609375,562300,0.0,0.0
2021-10-06 00:00:00-04:00,347.18315807158524,354.7207211420311,346.0159002049138,354.0777587890625,454700,0.0,0.0
2021-10-07 00:00:00-04:00,358.4301410558533,363.10895308303225,358.27186829688185,359.0632019042969,842200,0.0,0.0
2021-10-08 00:00:00-04:00,360.4184002925073,360.86354434314666,355.96708053588975,358.35101318359375,388400,0.0,0.0
2021-10-11 00:00:00-04:00,356.8276655417245,362.38686404738445,356.14512748587526,356.1549987792969,360800,0.0,0.0
2021-10-12 00:00:00-04:00,358.3609146597661,361.21966561561203,355.7099136941855,357.0255126953125,366100,0.0,0.0
2021-10-13 00:00:00-04:00,359.488579072816,359.488579072816,354.5129942203131,357.5596618652344,342200,0.0,0.0
2021-10-14 00:00:00-04:00,361.75379669809956,366.5711089529117,361.75379669809956,366.4820861816406,329000,0.0,0.0
2021-10-15 00:00:00-04:00,369.1034611840232,369.1034611840232,364.83018682825144,367.1646423339844,704900,0.0,0.0
2021-10-18 00:00:00-04:00,367.09541139669994,370.3003824236728,364.9291300352234,369.95416259765625,577700,0.0,0.0
2021-10-19 00:00:00-04:00,370.616873607778,375.4737311920728,370.616873607778,374.8604431152344,399800,0.0,0.0
2021-10-20 00:00:00-04:00,376.1859606615371,376.1859606615371,366.9470029762232,367.9164123535156,525600,0.0,0.0
2021-10-21 00:00:00-04:00,366.8579827596899,372.37763611611155,363.54421648700975,372.1303405761719,384900,0.0,0.0
2021-10-22 00:00:00-04:00,373.3173848799209,378.3622205244024,372.71399818160836,377.53131103515625,410100,0.0,0.0
2021-10-25 00:00:00-04:00,377.56090651665755,382.1210213670109,375.4737166525752,380.93402099609375,545500,0.0,0.0
2021-10-26 00:00:00-04:00,383.80268791425243,390.9149102418858,383.3773468195403,386.11737060546875,595600,0.0,0.0
2021-10-27 00:00:00-04:00,386.24597841351664,391.1127681650008,384.74243232309203,388.39251708984375,746700,0.0,0.0
2021-10-28 00:00:00-04:00,392.1612811234196,402.67626217278956,391.04350044773616,402.2904968261719,714100,0.0,0.0
2021-10-29 00:00:00-04:00,403.00269752389323,403.3192430523003,395.969596841668,399.7779541015625,774400,0.0,0.0
2021-11-01 00:00:00-04:00,402.4190926493221,403.5269718359794,387.06696624151755,390.1235656738281,551800,0.0,0.0
2021-11-02 00:00:00-04:00,390.0345118344155,391.8941791167262,385.7810406407894,386.4734802246094,620100,0.0,0.0
2021-11-03 00:00:00-04:00,387.7594019486092,390.71704691063326,378.3127245118284,382.36834716796875,626800,0.0,0.0
2021-11-04 00:00:00-04:00,383.37732197272175,387.6703687563962,382.8233823998246,384.8314208984375,588900,0.0,0.0
2021-11-05 00:00:00-04:00,386.77023544677814,388.93654685315084,382.62555966471865,382.92230224609375,533100,0.0,0.0
2021-11-08 00:00:00-05:00,383.6147332281609,385.81071884330106,380.7955580186987,383.08056640625,770000,0.0,0.0
2021-11-09 00:00:00-05:00,383.0805672473319,389.1343874715772,382.87284744458316,388.05615234375,591600,0.0,0.0
2021-11-10 00:00:00-05:00,387.67038262327617,389.7575424837705,383.05088866938746,383.49603271484375,623400,0.0,0.0
2021-11-11 00:00:00-05:00,385.2370020545712,386.7009723229236,378.0852042117353,381.2802734375,399500,0.0,0.0
2021-11-12 00:00:00-05:00,382.31890272307373,386.2261843084164,380.20203842242194,383.82244873046875,579200,0.0,0.0
2021-11-15 00:00:00-05:00,383.95102802095045,390.66758296643127,383.1992701486058,386.5525817871094,764400,0.0,0.0
2021-11-16 00:00:00-05:00,386.8097986103301,399.1745755563538,386.8097986103301,397.2951354980469,635300,0.0,0.0
2021-11-17 00:00:00-05:00,396.4642102510487,398.05680927672586,382.6651367930364,392.9822998046875,961300,0.0,0.0
2021-11-18 00:00:00-05:00,393.9714811608065,393.9714811608065,387.76931970115675,390.76654052734375,508300,0.0,0.0
2021-11-19 00:00:00-05:00,392.90320518778344,393.813235960718,382.3189429458686,383.22900390625,672600,0.0,0.0
2021-11-22 00:00:00-05:00,383.20915003417963,387.885575034579,380.73223065337135,381.0195617675781,594300,0.62,0.0
2021-11-23 00:00:00-05:00,380.11793340431933,383.5955376518379,374.9164030615051,383.0406799316406,374000,0.0,0.0
2021-11-24 00:00:00-05:00,381.19786362185977,389.5995844054288,380.80156259833376,388.88623046875,407200,0.0,0.0
2021-11-26 00:00:00-05:00,383.30819553839274,387.85581545050894,378.9785457199998,380.5439453125,544700,0.0,0.0
2021-11-29 00:00:00-05:00,386.3003114579499,396.01973995656283,384.05127971464503,393.6022644042969,1197300,0.0,0.0
2021-11-30 00:00:00-05:00,390.76869163966677,395.2073418143681,385.5770785743817,387.03350830078125,1333000,0.0,0.0
2021-12-01 00:00:00-05:00,390.976738621115,392.30436368937114,376.4917199188135,376.75921630859375,877200,0.0,0.0
2021-12-02 00:00:00-05:00,377.2447255545742,387.26137265902884,376.8483942791574,385.5572509765625,872200,0.0,0.0
2021-12-03 00:00:00-05:00,389.3518762855484,391.4324641314454,376.0854831329423,381.2275695800781,846200,0.0,0.0
2021-12-06 00:00:00-05:00,383.4766193996404,384.9429664545718,376.5016366849592,381.8517761230469,662200,0.0,0.0
2021-12-07 00:00:00-05:00,389.85715940471215,396.9213377043923,389.85715940471215,394.7218322753906,641800,0.0,0.0
2021-12-08 00:00:00-05:00,394.94972408076563,396.56468023266484,392.10622568435275,394.3849792480469,570800,0.0,0.0
2021-12-09 00:00:00-05:00,394.6227610319842,396.6934921231556,389.66892255437546,389.76800537109375,553500,0.0,0.0
2021-12-10 00:00:00-05:00,391.8882622037933,394.3255422653304,389.7581177085713,394.0778503417969,346400,0.0,0.0
2021-12-13 00:00:00-05:00,394.3651706782905,396.48539776325185,392.7997408322088,395.1181335449219,718700,0.0,0.0
2021-12-14 00:00:00-05:00,392.8493184235944,395.34604219367304,384.18998798842483,388.3215026855469,595100,0.0,0.0
2021-12-15 00:00:00-05:00,389.67883793775025,394.43451075789204,385.7652934658822,394.05804443359375,457300,0.0,0.0
2021-12-16 00:00:00-05:00,396.08908859334724,397.0303299520559,388.2917520514514,392.2647399902344,770300,0.0,0.0
2021-12-17 00:00:00-05:00,390.54079110938795,395.1181328860214,386.64708144077946,390.00579833984375,1016300,0.0,0.0
2021-12-20 00:00:00-05:00,384.942992876179,385.78515151123514,379.0677473725603,383.36767578125,488300,0.0,0.0
2021-12-21 00:00:00-05:00,386.8056394375675,388.89614486893294,383.59556161521857,387.6676025390625,428700,0.0,0.0
2021-12-22 00:00:00-05:00,387.79638627810186,391.6306524116133,387.1721977938874,391.3235168457031,394300,0.0,0.0
2021-12-23 00:00:00-05:00,393.21588015430865,396.138626657499,392.413360755481,393.5923767089844,304500,0.0,0.0
2021-12-27 00:00:00-05:00,395.28659856174477,395.970230707591,392.2746562261202,395.781982421875,501300,0.0,0.0
2021-12-28 00:00:00-05:00,397.7932359274904,400.0026588077029,394.5237145758434,395.7324523925781,320700,0.0,0.0
2021-12-29 00:00:00-05:00,395.7126043074669,397.7833051249389,393.7211818362519,394.3849792480469,355300,0.0,0.0
2021-12-30 00:00:00-05:00,395.1875088193243,395.6729753182811,386.8452616929434,387.4496154785156,463300,0.0,0.0
2021-12-31 00:00:00-05:00,387.09294706144743,388.252128322143,384.95288523112845,386.9740295410156,496900,0.0,0.0
2022-01-03 00:00:00-05:00,388.1233036445719,388.90601854222393,377.046528742295,380.0485534667969,639300,0.0,0.0
2022-01-04 00:00:00-05:00,381.88150302069323,384.4277832550497,378.5624251931823,382.7038269042969,528600,0.0,0.0
2022-01-05 00:00:00-05:00,383.1001496264102,384.6457447782458,373.51941291964,373.5689392089844,559500,0.0,0.0
2022-01-06 00:00:00-05:00,371.8549264113285,373.29152138070776,364.8699962479805,371.161376953125,853600,0.0,0.0
2022-01-07 00:00:00-05:00,370.88394461539514,371.6171029735369,367.20820523726366,368.96185302734375,504500,0.0,0.0
2022-01-10 00:00:00-05:00,364.98893257697466,366.59397143549654,354.27870577450716,358.4498596191406,952600,0.0,0.0
2022-01-11 00:00:00-05:00,358.37059060136653,364.49355821092837,353.8328876580598,364.46380615234375,865200,0.0,0.0
2022-01-12 00:00:00-05:00,366.23728031239267,369.92293742675645,364.6025196275333,369.457275390625,608000,0.0,0.0
2022-01-13 00:00:00-05:00,370.39848483943075,372.95465202325227,358.84613063545174,359.242431640625,569700,0.0,0.0
2022-01-14 00:00:00-05:00,356.15127746055043,356.67638314853025,345.0843886018704,350.2859191894531,897000,0.0,0.0
2022-01-18 00:00:00-05:00,344.54939496009644,345.95626820258843,339.3478643851473,341.240234375,1144900,0.0,0.0
2022-01-19 00:00:00-05:00,344.10352434359567,351.17762017056003,342.9938693674045,343.4298095703125,583200,0.0,0.0
2022-01-20 00:00:00-05:00,345.8869114393116,351.4154123644313,341.3591258435876,342.0823669433594,771300,0.0,0.0
2022-01-21 00:00:00-05:00,342.27059749362115,345.96617185976106,337.81214289158777,338.7137451171875,782600,0.0,0.0
2022-01-24 00:00:00-05:00,332.50162997653837,341.37889967024154,325.6257000544842,340.9033203125,963500,0.0,0.0
2022-01-25 00:00:00-05:00,333.94817048772455,336.49445082439877,321.2663555684562,322.02923583984375,1659800,0.0,0.0
2022-01-26 00:00:00-05:00,327.03259357005203,332.6304553400217,319.6711967153074,321.54376220703125,1066900,0.0,0.0
2022-01-27 00:00:00-05:00,325.95264449508744,330.8767610005103,321.89052125647595,322.9110107421875,1105500,0.0,0.0
2022-01-28 00:00:00-05:00,323.61443962274654,333.66080778622535,319.0965415957883,333.4032287597656,769400,0.0,0.0
2022-01-31 00:00:00-05:00,333.6410449725894,339.92250897643856,331.43162197101884,339.8333435058594,728900,0.0,0.0
2022-02-01 00:00:00-05:00,340.80428445160885,341.10150266738185,332.92766913948674,340.7250061035156,925100,0.0,0.0
2022-02-02 00:00:00-05:00,335.8702488908415,344.46021811756736,334.8497593735562,343.8459167480469,937200,0.0,0.0
2022-02-03 00:00:00-05:00,334.2156871910634,341.4978365360009,330.49042083991765,337.21771240234375,931100,0.0,0.0
2022-02-04 00:00:00-05:00,335.3154385524246,347.7198398540046,334.8993027951184,343.6775207519531,1080400,0.0,0.0
2022-02-07 00:00:00-05:00,343.0830177335746,345.1140793045808,332.2043781435987,333.4032287597656,838700,0.0,0.0
2022-02-08 00:00:00-05:00,331.90716866689854,335.7711565236159,326.7551647007223,335.0875244140625,1075700,0.0,0.0
2022-02-09 00:00:00-05:00,345.7779395060999,345.7779395060999,338.7930390688624,340.0909423828125,1059800,0.0,0.0
2022-02-10 00:00:00-05:00,341.0519690562777,351.5342777972302,333.2248802028433,346.90740966796875,2323000,0.0,0.0
2022-02-11 00:00:00-05:00,346.30302349126185,346.75876815475294,327.51807687954647,329.2221984863281,1816100,0.0,0.0
2022-02-14 00:00:00-05:00,327.8549257748418,329.1330245058071,318.40299395418754,320.4836120605469,1508000,0.0,0.0
2022-02-15 00:00:00-05:00,326.3984973513866,327.33973871413104,324.61512767398887,326.7749938964844,674100,0.0,0.0
2022-02-16 00:00:00-05:00,324.7141807585817,329.5491317405694,323.6342476456439,327.5675964355469,797300,0.0,0.0
2022-02-17 00:00:00-05:00,326.5867497057291,327.3793517420723,318.5813300538471,320.15667724609375,1299200,0.0,0.0
2022-02-18 00:00:00-05:00,320.56286851127385,322.970456935943,318.1949494953877,320.59259033203125,1335800,0.0,0.0
2022-02-22 00:00:00-05:00,317.96708212112895,323.10916908762397,316.86734444784116,320.0675048828125,773800,0.0,0.0
2022-02-23 00:00:00-05:00,322.0787470293757,326.3093444122454,315.15329055888145,315.9459228515625,814300,0.0,0.0
2022-02-24 00:00:00-05:00,308.6874357004714,320.99003596312326,308.07181327424433,319.72900390625,1086700,0.7,0.0
2022-02-25 00:00:00-05:00,320.2056563042167,323.7405462690377,316.79982403446127,321.41705322265625,1468300,0.0,0.0
2022-02-28 00:00:00-05:00,318.6765106533579,324.4951673184979,316.3430784249489,319.7588195800781,1560900,0.0,0.0
2022-03-01 00:00:00-05:00,319.0240468884273,325.22002835118803,317.97152517333905,320.0765686035156,1299700,0.0,0.0
2022-03-02 00:00:00-05:00,322.94617696047914,327.0967197917243,320.07657496023023,323.6908874511719,978600,0.0,0.0
2022-03-03 00:00:00-05:00,325.6668454826214,326.332103161654,320.86098449503214,322.6085510253906,875600,0.0,0.0
2022-03-04 00:00:00-05:00,319.47087146460984,325.70657962559153,318.0807512317187,323.5419616699219,1160800,0.0,0.0
2022-03-07 00:00:00-05:00,323.5419371338798,325.885308465055,312.3017666845483,312.4705810546875,1156000,0.0,0.0
2022-03-08 00:00:00-05:00,313.71175096284264,319.7587959706089,309.5413604666995,311.7854309082031,1021500,0.0,0.0
2022-03-09 00:00:00-05:00,319.29212740280667,323.8398429497038,317.6637096082285,321.02978515625,1049800,0.0,0.0
2022-03-10 00:00:00-05:00,304.10002902778945,313.8110517465308,299.90979049584655,311.7854309082031,1967200,0.0,0.0
2022-03-11 00:00:00-05:00,311.785448807457,313.3145961174754,302.2134223944839,302.3226623535156,1271100,0.0,0.0
2022-03-14 00:00:00-04:00,303.9312542164418,306.20511215871886,297.5763971639139,299.1849670410156,871900,0.0,0.0
2022-03-15 00:00:00-04:00,304.13976294785726,305.7781503267374,300.45593674265115,304.546875,936200,0.0,0.0
2022-03-16 00:00:00-04:00,308.38956052772903,312.8677625681984,306.5029667094701,312.6393737792969,1814600,0.0,0.0
2022-03-17 00:00:00-04:00,312.67909377382375,319.5602111816406,312.1329848883829,319.5602111816406,630800,0.0,0.0
2022-03-18 00:00:00-04:00,321.47663373020686,329.49963473554294,319.4609518845175,328.8939514160156,1493900,0.0,0.0
2022-03-21 00:00:00-04:00,326.1732405845571,329.5294072215739,320.64254729400494,324.5050964355469,831600,0.0,0.0
2022-03-22 00:00:00-04:00,324.3561816550513,330.0060544426959,324.3561816550513,328.6457214355469,637400,0.0,0.0
2022-03-23 00:00:00-04:00,325.7463277406024,327.16623527671857,323.28380723348556,323.82000732421875,690100,0.0,0.0
2022-03-24 00:00:00-04:00,325.03137757726387,327.20593466894627,323.0951484519994,327.1761474609375,948600,0.0,0.0
2022-03-25 00:00:00-04:00,328.64573310923583,329.3407780903748,325.65695181352595,328.1790466308594,507600,0.0,0.0
2022-03-28 00:00:00-04:00,328.8641910875888,333.6104784487453,328.6258631059281,333.39202880859375,644200,0.0,0.0
2022-03-29 00:00:00-04:00,338.02907745347875,340.37244908401817,334.75236314139005,337.22479248046875,514900,0.0,0.0
2022-03-30 00:00:00-04:00,337.919823993908,338.6248080746958,334.7821069677597,335.9339294433594,689200,0.0,0.0
2022-03-31 00:00:00-04:00,338.67446475180776,342.77534210660536,335.0303649902344,335.0303649902344,1032300,0.0,0.0
2022-04-01 00:00:00-04:00,334.9806937787127,338.74397261121015,333.60051275928487,337.92974853515625,657300,0.0,0.0
2022-04-04 00:00:00-04:00,338.1084949105487,342.0207096977871,337.8503189157284,339.9653015136719,765100,0.0,0.0
2022-04-05 00:00:00-04:00,339.2305449776478,342.44768467382863,338.32695925878323,340.04473876953125,664000,0.0,0.0
2022-04-06 00:00:00-04:00,337.5325835563988,341.3256496850993,335.83465208189546,338.7042541503906,855300,0.0,0.0
2022-04-07 00:00:00-04:00,338.0787410761531,342.50727798783623,335.7750958395732,340.9582824707031,616500,0.0,0.0
2022-04-08 00:00:00-04:00,339.7468714369021,343.7782352836709,338.75392407952364,340.27313232421875,655300,0.0,0.0
2022-04-11 00:00:00-04:00,337.2346922159215,337.90988909908646,330.115246829109,332.01177978515625,1167300,0.0,0.0
2022-04-12 00:00:00-04:00,332.37918524711074,335.0303679967064,328.2683989876395,329.79754638671875,619900,0.0,0.0
2022-04-13 00:00:00-04:00,328.3478296534858,331.42597256671587,324.04838086637363,331.30682373046875,806400,0.0,0.0
2022-04-14 00:00:00-04:00,331.644403857593,333.0146760033442,325.54769278646137,326.0838928222656,968700,0.0,0.0
2022-04-18 00:00:00-04:00,325.200176836341,328.25844115831126,324.0582632102907,325.91510009765625,643900,0.0,0.0
2022-04-19 00:00:00-04:00,324.9420055549054,331.78342703134837,324.34623111144765,331.1876525878906,946800,0.0,0.0
2022-04-20 00:00:00-04:00,333.3026246189431,336.8871497310463,331.5947540964797,332.67706298828125,537500,0.0,0.0
2022-04-21 00:00:00-04:00,334.34523049398274,336.1821891387108,327.09672701217255,327.59320068359375,776200,0.0,0.0
2022-04-22 00:00:00-04:00,323.70085656880855,327.57334541821075,319.8084893776464,320.1461181640625,1059500,0.0,0.0
2022-04-25 00:00:00-04:00,317.74311495857233,323.4426223863914,315.12171971503864,323.2142639160156,1376900,0.0,0.0
2022-04-26 00:00:00-04:00,320.8411519725612,323.22421961960015,315.98565505073356,316.7502136230469,973300,0.0,0.0
2022-04-27 00:00:00-04:00,314.91323179554195,322.3404885475619,314.91323179554195,317.2367248535156,976500,0.0,0.0
2022-04-28 00:00:00-04:00,321.2283967633532,325.9746837345561,315.6083113033351,324.2966003417969,771800,0.0,0.0
2022-04-29 00:00:00-04:00,321.55606373497244,323.66110725254,313.3543089897818,314.24798583984375,1283500,0.0,0.0
2022-05-02 00:00:00-04:00,285.9986098829149,303.6035764377497,284.9858145447823,299.0062255859375,2997500,0.0,0.0
2022-05-03 00:00:00-04:00,297.2983504253131,308.21083139758287,296.94087364526797,307.2377624511719,1623800,0.0,0.0
2022-05-04 00:00:00-04:00,308.9952836005794,316.3629358569107,300.4956568372293,315.1714172363281,1338000,0.0,0.0
2022-05-05 00:00:00-04:00,311.4676887823669,312.7783864361862,299.02606084511024,301.86590576171875,1247700,0.0,0.0
2022-05-06 00:00:00-04:00,297.62603068713366,300.42614950264306,293.29679476160726,298.32110595703125,1061700,0.0,0.0
2022-05-09 00:00:00-04:00,293.8726717328412,295.68978224451917,282.45377788738494,283.61553955078125,1261700,0.0,0.0
2022-05-10 00:00:00-04:00,284.6482331670818,287.2497504032116,279.5246211506287,283.02972412109375,1180300,0.0,0.0
2022-05-11 00:00:00-04:00,281.32182427221056,286.03832374541514,278.5117665641246,280.1898498535156,950000,0.0,0.0
2022-05-12 00:00:00-04:00,276.0393692684704,284.7475068074107,274.8379114336502,283.5758361816406,925300,0.0,0.0
2022-05-13 00:00:00-04:00,288.2724822602625,291.2910203900868,283.96309439252593,286.92205810546875,1239500,0.0,0.0
2022-05-16 00:00:00-04:00,285.23405612639823,288.0440837019357,280.2494411989656,285.73052978515625,961400,0.0,0.0
2022-05-17 00:00:00-04:00,290.4172306350013,291.92649958797205,287.0511248191159,290.7945251464844,880200,0.0,0.0
2022-05-18 00:00:00-04:00,286.8227572274405,286.95184523142944,277.7571733679618,278.62103271484375,831000,0.0,0.0
2022-05-19 00:00:00-04:00,276.66000989778087,282.7321424255713,275.81388784111556,281.46795654296875,1631300,0.7,0.0
2022-05-20 00:00:00-04:00,285.7084624390342,288.0079045544484,280.5023801607662,287.94818115234375,1505900,0.0,0.0
2022-05-23 00:00:00-04:00,290.66573030483977,294.86644858121986,287.1120358319368,293.80133056640625,716300,0.0,0.0
2022-05-24 00:00:00-04:00,292.67646197462653,294.1696077108558,287.75903291972793,291.54168701171875,762600,0.0,0.0
2022-05-25 00:00:00-04:00,289.1427181920924,293.6022580711628,288.0676665454386,290.65576171875,805900,0.0,0.0
2022-05-26 00:00:00-04:00,292.53715501770574,299.4952053198384,291.929926543808,298.0717468261719,666600,0.0,0.0
2022-05-27 00:00:00-04:00,301.03812061350067,306.15461784924616,300.5005796100599,306.0849304199219,572200,0.0,0.0
2022-05-31 00:00:00-04:00,303.73574714589995,304.820762866339,298.6490809278827,300.1920166015625,2883300,0.0,0.0
2022-06-01 00:00:00-04:00,270.39877648733494,299.6246036432614,268.2386787691108,281.0896911621094,3024000,0.0,0.0
2022-06-02 00:00:00-04:00,281.2091229541206,292.5570248490328,279.49698123817745,292.2285461425781,810300,0.0,0.0
2022-06-03 00:00:00-04:00,285.15101060344693,287.7590336353797,281.13942693059266,283.9764099121094,947400,0.0,0.0
2022-06-06 00:00:00-04:00,285.39988974669643,288.7644499282314,283.1701349945867,283.2298583984375,565900,0.0,0.0
2022-06-07 00:00:00-04:00,280.71144096448154,288.5056495227554,280.71144096448154,288.06768798828125,721100,0.0,0.0
2022-06-08 00:00:00-04:00,285.6885631110127,288.66489068514,282.2841773201074,282.58282470703125,566400,0.0,0.0
2022-06-09 00:00:00-04:00,281.079720687705,284.11580210444725,277.9242228431067,278.1631164550781,617300,0.0,0.0
2022-06-10 00:00:00-04:00,272.2801233682501,275.326138490828,269.6919978032928,271.98150634765625,915800,0.0,0.0
2022-06-13 00:00:00-04:00,266.57626811776385,268.56712906077365,263.022604421868,264.1374816894531,936100,0.0,0.0
2022-06-14 00:00:00-04:00,264.74469657336795,265.142862711728,255.6663749549894,256.5025329589844,1084000,0.0,0.0
2022-06-15 00:00:00-04:00,259.23002607602336,265.481328446708,257.80653736321466,261.1014099121094,861300,0.0,0.0
2022-06-16 00:00:00-04:00,253.16785231386692,255.54693070867887,250.36073088642289,252.4810028076172,1213600,0.0,0.0
2022-06-17 00:00:00-04:00,250.77880693308612,257.86626746882143,249.863012665249,254.7008056640625,1675900,0.0,0.0
2022-06-21 00:00:00-04:00,259.2101163349974,261.8380676414003,256.8808124287568,258.8716735839844,822900,0.0,0.0
2022-06-22 00:00:00-04:00,256.9106940413669,264.28683883850687,256.1641210502977,261.9674987792969,841500,0.0,0.0
2022-06-23 00:00:00-04:00,263.41084430354334,269.0151235227232,263.41084430354334,268.7662658691406,759800,0.0,0.0
2022-06-24 00:00:00-04:00,270.7670902940067,276.5306116610363,270.1897235277134,276.23199462890625,1205300,0.0,0.0
2022-06-27 00:00:00-04:00,276.85908768749607,278.0038266780304,273.8031087853447,276.53057861328125,760000,0.0,0.0
2022-06-28 00:00:00-04:00,275.69444940056115,278.3821241613867,268.8259843628337,269.363525390625,756000,0.0,0.0
2022-06-29 00:00:00-04:00,269.6720954382636,272.7081464813135,267.9699176942199,270.6973876953125,534900,0.0,0.0
2022-06-30 00:00:00-04:00,268.7662345895881,272.8873314347966,266.85499466613027,270.72723388671875,708900,0.0,0.0
2022-07-01 00:00:00-04:00,270.2195611397744,274.3406580845451,268.78613875708265,273.65380859375,706500,0.0,0.0
2022-07-05 00:00:00-04:00,269.8612096070123,278.8698433132274,269.7716245090537,278.7702941894531,747300,0.0,0.0
2022-07-06 00:00:00-04:00,279.44721661225134,284.1356857850509,277.3767041500442,281.6968688964844,633500,0.0,0.0
2022-07-07 00:00:00-04:00,280.60191908763704,284.07596182229753,278.8499516812595,283.6379699707031,766900,0.0,0.0
2022-07-08 00:00:00-04:00,281.8561626521111,285.3600977357238,280.47252994253535,282.8316955566406,532800,0.0,0.0
2022-07-11 00:00:00-04:00,282.7221711932523,284.5338620678195,281.04985517586533,282.34393310546875,611900,0.0,0.0
2022-07-12 00:00:00-04:00,282.01544580420597,284.29499042408133,272.79774856546334,274.1913757324219,796000,0.0,0.0
2022-07-13 00:00:00-04:00,269.74178242109593,275.2166504673257,268.4178427727096,274.4601135253906,740700,0.0,0.0
2022-07-14 00:00:00-04:00,270.9063932395478,275.754134712558,269.2938007570733,273.9424743652344,1081200,0.0,0.0
2022-07-15 00:00:00-04:00,277.64550093458934,280.37297090646365,277.088031881597,280.32318115234375,937400,0.0,0.0
2022-07-18 00:00:00-04:00,282.32401264356014,283.7375374155356,278.53142461231107,279.5666809082031,828200,0.0,0.0
2022-07-19 00:00:00-04:00,283.03076802353684,288.2070192745239,281.2489691287671,287.8188171386719,886800,0.0,0.0
2022-07-20 00:00:00-04:00,288.81424736216144,290.8150422006177,286.17633198338746,289.7001647949219,893400,0.0,0.0
2022-07-21 00:00:00-04:00,290.93447921462047,294.7967546529599,289.3218865658175,294.5976867675781,652600,0.0,0.0
2022-07-22 00:00:00-04:00,295.59313660660035,297.1260778987206,291.63131177812636,294.10992431640625,731200,0.0,0.0
2022-07-25 00:00:00-04:00,293.3633303177087,294.09000555888514,287.27130018244975,289.252197265625,1159200,0.0,0.0
2022-07-26 00:00:00-04:00,288.66488389717574,291.8602377067858,281.8262811534249,285.2605285644531,1174600,0.0,0.0
2022-07-27 00:00:00-04:00,284.52390763423176,296.14059580058495,282.95114069350007,292.2783203125,1562800,0.0,0.0
2022-07-28 00:00:00-04:00,294.66733564972196,305.92565255561766,292.49730437700714,304.8804626464844,960300,0.0,0.0
2022-07-29 00:00:00-04:00,303.9248709733283,310.10648634885104,303.62622357343565,308.83233642578125,808000,0.0,0.0
2022-08-01 00:00:00-04:00,305.5971790965265,307.49845509393583,302.77015997762146,306.1048583984375,831900,0.0,0.0
2022-08-02 00:00:00-04:00,303.1285003944084,309.39973109134513,300.6797497453092,306.1048583984375,871800,0.0,0.0
2022-08-03 00:00:00-04:00,307.76720596076234,309.45945002393444,302.6706064747731,308.50384521484375,798200,0.0,0.0
2022-08-04 00:00:00-04:00,309.0413738783245,313.08281966194977,307.3989194729421,311.85845947265625,873400,0.0,0.0
2022-08-05 00:00:00-04:00,308.5834721031062,311.27114675332064,306.2740659243576,309.6485900878906,482300,0.0,0.0
2022-08-08 00:00:00-04:00,312.54528200898415,313.6501952919672,309.0214495028601,311.4204406738281,546900,0.0,0.0
2022-08-09 00:00:00-04:00,309.5589941303278,311.08200161121886,307.9364375217838,309.10107421875,322400,0.0,0.0
2022-08-10 00:00:00-04:00,314.4863805971747,321.285188572985,314.2076612456914,321.0661926269531,779300,0.0,0.0
2022-08-11 00:00:00-04:00,323.1665157670709,323.1665157670709,315.5813399824419,316.14874267578125,341200,0.0,0.0
2022-08-12 00:00:00-04:00,318.0201588079986,321.83264439726617,316.92517914197884,321.49420166015625,373300,0.0,0.0
2022-08-15 00:00:00-04:00,320.77751112902166,323.77376695862984,320.22007242278727,320.8272705078125,458300,0.0,0.0
2022-08-16 00:00:00-04:00,318.7965997541552,322.8977687865433,317.20390478808696,320.7177734375,449900,0.0,0.0
2022-08-17 00:00:00-04:00,316.885349701223,321.44443851773553,316.48718356682605,320.09063720703125,387300,0.0,0.0
2022-08-18 00:00:00-04:00,320.12060766245065,320.8189109861792,317.9857241871424,319.0930480957031,294500,0.7,0.0
2022-08-19 00:00:00-04:00,316.76862452732234,316.9980839927128,309.1269880417972,310.1445617675781,504700,0.0,0.0
2022-08-22 00:00:00-04:00,306.23396093954426,307.39118319168455,302.82214788199235,303.7000427246094,510000,0.0,0.0
2022-08-23 00:00:00-04:00,301.36565525806475,303.83971975871776,297.8141937400782,297.884033203125,541700,0.0,0.0
2022-08-24 00:00:00-04:00,297.9937439305804,300.9266968271743,297.774270229325,298.1334228515625,466700,0.0,0.0
2022-08-25 00:00:00-04:00,299.42035949337105,305.5256805057404,297.4151691913929,305.316162109375,434400,0.0,0.0
2022-08-26 00:00:00-04:00,305.46581424744744,305.9745706812931,291.93833047769294,292.2076721191406,516000,0.0,0.0
2022-08-29 00:00:00-04:00,290.56164120916657,293.08557368503665,288.905617820086,289.4044189453125,464400,0.0,0.0
2022-08-30 00:00:00-04:00,291.2699215634888,291.6988832116857,284.48623864123715,286.1123046875,524800,0.0,0.0
2022-08-31 00:00:00-04:00,288.5265110983948,288.99538535276554,283.24918690675884,283.8377685546875,965400,0.0,0.0
2022-09-01 00:00:00-04:00,283.3290293913458,286.2420109600469,278.78992081308144,286.0923767089844,509100,0.0,0.0
2022-09-02 00:00:00-04:00,289.49420426298025,289.953092781314,281.6829614644019,283.71807861328125,487200,0.0,0.0
2022-09-06 00:00:00-04:00,284.6957395290784,289.68375085884884,283.00978926406367,287.2096862792969,648600,0.0,0.0
2022-09-07 00:00:00-04:00,287.4590884927069,294.11310904028124,285.9926119355764,293.7240295410156,579000,0.0,0.0
2022-09-08 00:00:00-04:00,291.04047684267,295.78907339554684,290.1725677378756,295.3999938964844,739700,0.0,0.0
2022-09-09 00:00:00-04:00,297.29544716574077,299.7794669500059,295.83892600534745,298.82177734375,383500,0.0,0.0
2022-09-12 00:00:00-04:00,301.37562991446487,303.0116816870627,299.90915346655436,302.6026611328125,501400,0.0,0.0
2022-09-13 00:00:00-04:00,295.98859758913915,295.98859758913915,289.64383149442784,290.012939453125,908700,0.0,0.0
2022-09-14 00:00:00-04:00,291.48938417015046,291.798638411205,282.33140344051697,285.5237121582031,535900,0.0,0.0
2022-09-15 00:00:00-04:00,285.4738618877129,286.62109837979915,279.8274295315377,281.6330871582031,621200,0.0,0.0
2022-09-16 00:00:00-04:00,278.36096182959585,280.16661951344184,276.1662246448301,279.6179504394531,1471000,0.0,0.0
2022-09-19 00:00:00-04:00,277.4331730553429,279.0093711082308,275.2384360759773,277.8421936035156,583300,0.0,0.0
2022-09-20 00:00:00-04:00,275.1586412063774,276.03653599783473,267.28754537535406,270.16064453125,824000,0.0,0.0
2022-09-21 00:00:00-04:00,272.44516428710085,275.26836509039543,266.05053059330896,266.0605163574219,556400,0.0,0.0
2022-09-22 00:00:00-04:00,265.07287854002874,266.53935502777875,252.6228070408344,254.68785095214844,1281500,0.0,0.0
2022-09-23 00:00:00-04:00,253.26127404774226,254.9272679503665,249.5801193720255,254.07931518554688,877100,0.0,0.0
2022-09-26 00:00:00-04:00,253.95961242454453,254.24891037965756,247.91412999491072,249.7198028564453,886300,0.0,0.0
2022-09-27 00:00:00-04:00,252.8821979853699,254.1890544877719,247.24573618071884,249.1411895751953,969300,0.0,0.0
2022-09-28 00:00:00-04:00,250.85706650988567,253.7401363808235,248.91172995992306,251.3758087158203,592800,0.0,0.0
2022-09-29 00:00:00-04:00,249.22098868766625,249.22098868766625,244.06337192274367,245.9687957763672,740600,0.0,0.0
2022-09-30 00:00:00-04:00,245.73936482321903,249.01149899548344,242.11806377350229,242.52708435058594,985300,0.0,0.0
2022-10-03 00:00:00-04:00,243.8738444970873,251.70501276180536,242.02827430803174,250.26846313476562,588500,0.0,0.0
2022-10-04 00:00:00-04:00,254.07930854450763,261.5812661814024,253.17148688278021,261.3518371582031,855000,0.0,0.0
2022-10-05 00:00:00-04:00,257.6906408064107,263.4867075793125,256.86264431502707,261.23211669921875,820200,0.0,0.0
2022-10-06 00:00:00-04:00,260.56372301732614,261.92044740623777,252.14395795031717,253.46080017089844,863500,0.0,0.0
2022-10-07 00:00:00-04:00,250.5777153281517,251.63518645540503,243.21542138334596,244.87144470214844,961800,0.0,0.0
2022-10-10 00:00:00-04:00,246.707035809875,246.707035809875,240.41216814130323,242.4871826171875,762800,0.0,0.0
2022-10-11 00:00:00-04:00,241.31997251030057,244.14318863806312,237.74856993483758,240.30242919921875,901800,0.0,0.0
2022-10-12 00:00:00-04:00,240.58175664898448,241.62924203148026,237.6488036668771,238.97561645507812,758200,0.0,0.0
2022-10-13 00:00:00-04:00,231.96247812815696,243.19547392001382,229.60813622250464,241.25015258789062,866700,0.0,0.0
2022-10-14 00:00:00-04:00,243.76411487117178,246.92651216396675,234.44649832572105,234.68592834472656,770300,0.0,0.0
2022-10-17 00:00:00-04:00,239.7836652168591,244.36265565801645,239.7836652168591,242.47718811035156,785700,0.0,0.0
2022-10-18 00:00:00-04:00,250.07891195931316,250.5577719748578,244.67190986695087,245.34030151367188,1023200,0.0,0.0
2022-10-19 00:00:00-04:00,242.57696321287008,244.8215682425171,238.93570592034368,241.30003356933594,729800,0.0,0.0
2022-10-20 00:00:00-04:00,241.6491787488983,244.82156168807916,235.36428178970743,236.8407440185547,730400,0.0,0.0
2022-10-21 00:00:00-04:00,236.202279119265,241.9584329011186,232.6607882353918,241.4496612548828,990300,0.0,0.0
2022-10-24 00:00:00-04:00,243.23538635004468,246.01868991202082,239.73379273267207,244.39259338378906,1306300,0.0,0.0
2022-10-25 00:00:00-04:00,240.5518373272048,258.29919002031903,239.1751413401484,257.0022888183594,1602300,0.0,0.0
2022-10-26 00:00:00-04:00,256.48354448192265,262.2496842673039,254.27883681235812,256.3538513183594,1156700,0.0,0.0
2022-10-27 00:00:00-04:00,258.3291036788146,263.0577283977563,257.4212820171218,260.3741760253906,1017400,0.0,0.0
2022-10-28 00:00:00-04:00,259.6259932049083,269.3426296637199,258.5386103737284,268.4447937011719,858600,0.0,0.0
2022-10-31 00:00:00-04:00,266.1503034470416,268.05572733089656,263.2472773482512,264.2348937988281,882600,0.0,0.0
2022-11-01 00:00:00-04:00,268.2552339817662,270.0908184345366,262.97790965229876,263.7161560058594,789500,0.0,0.0
2022-11-02 00:00:00-04:00,262.79835109813536,266.040558382103,255.4759543009033,255.4958953857422,939600,0.0,0.0
2022-11-03 00:00:00-04:00,251.7449295989705,256.4536133567412,251.3758064216447,254.0094757080078,540300,0.0,0.0
2022-11-04 00:00:00-04:00,257.85023497022337,260.34424040366287,253.39095203745734,258.33905029296875,577100,0.0,0.0
2022-11-07 00:00:00-05:00,262.15990331214806,264.05534149472595,259.4962919140864,263.7560729980469,524100,0.0,0.0
2022-11-08 00:00:00-05:00,265.2125657668848,269.3526090391613,263.51662975443185,266.4994812011719,733200,0.0,0.0
2022-11-09 00:00:00-05:00,264.65390683211916,266.8785403433887,261.0824737632689,261.85064697265625,514500,0.0,0.0
2022-11-10 00:00:00-05:00,277.51298237465596,293.9434923998634,274.3406145745958,293.554443359375,1585500,0.0,0.0
2022-11-11 00:00:00-05:00,296.5372573155858,312.1098132210149,294.51212604437745,309.62579345703125,1882100,0.0,0.0
2022-11-14 00:00:00-05:00,305.59548376604664,306.8624581076301,292.7463923627487,292.8960266113281,1075400,0.0,0.0
2022-11-15 00:00:00-05:00,301.8145883964379,303.87960188305465,295.1206554863792,298.023681640625,861900,0.0,0.0
2022-11-16 00:00:00-05:00,297.29544720369455,298.41275681853625,293.5344673514033,296.0284729003906,801200,0.0,0.0
2022-11-17 00:00:00-05:00,290.3720768050206,290.3720768050206,284.7954842151914,289.1051025390625,845300,0.0,0.0
2022-11-18 00:00:00-05:00,293.84373709996,295.65938054202877,286.8705069594629,291.6290588378906,697500,0.0,0.0
2022-11-21 00:00:00-05:00,289.4343326784363,293.36488780264847,287.9080025221897,291.239990234375,555100,0.0,0.0
2022-11-22 00:00:00-05:00,292.5299987792969,295.260009765625,290.2799987792969,294.3599853515625,381600,0.7,0.0
2022-11-23 00:00:00-05:00,294.54998779296875,299.1099853515625,293.17999267578125,297.9599914550781,397900,0.0,0.0
2022-11-25 00:00:00-05:00,296.489990234375,302.3299865722656,295.7300109863281,301.0,430400,0.0,0.0
2022-11-28 00:00:00-05:00,296.0199890136719,301.0199890136719,291.3900146484375,291.8900146484375,727400,0.0,0.0
2022-11-29 00:00:00-05:00,291.0899963378906,292.8699951171875,288.1199951171875,289.5299987792969,576200,0.0,0.0
2022-11-30 00:00:00-05:00,289.2099914550781,298.4599914550781,284.42999267578125,298.2699890136719,1354400,0.0,0.0
2022-12-01 00:00:00-05:00,300.6600036621094,308.8699951171875,300.6600036621094,306.0799865722656,832500,0.0,0.0
2022-12-02 00:00:00-05:00,301.2799987792969,303.8399963378906,297.4700012207031,301.7300109863281,479300,0.0,0.0
2022-12-05 00:00:00-05:00,297.3900146484375,298.4599914550781,290.5,291.29998779296875,702400,0.0,0.0
2022-12-06 00:00:00-05:00,293.1199951171875,294.3599853515625,291.1600036621094,292.6000061035156,647400,0.0,0.0
2022-12-07 00:00:00-05:00,291.1499938964844,293.9599914550781,289.54998779296875,290.67999267578125,596000,0.0,0.0
2022-12-08 00:00:00-05:00,291.1700134277344,294.45001220703125,288.989990234375,289.8599853515625,842700,0.0,0.0
2022-12-09 00:00:00-05:00,288.5,290.739990234375,287.4599914550781,287.9700012207031,620400,0.0,0.0
2022-12-12 00:00:00-05:00,288.739990234375,291.0899963378906,287.45001220703125,291.0400085449219,870200,0.0,0.0
2022-12-13 00:00:00-05:00,307.3800048828125,310.6400146484375,298.32000732421875,301.6300048828125,1067600,0.0,0.0
2022-12-14 00:00:00-05:00,300.20001220703125,305.2699890136719,294.8699951171875,297.6199951171875,1041100,0.0,0.0
2022-12-15 00:00:00-05:00,292.510009765625,293.30999755859375,286.4200134277344,286.8599853515625,717900,0.0,0.0
2022-12-16 00:00:00-05:00,282.3500061035156,284.3999938964844,279.1499938964844,281.760009765625,1024200,0.0,0.0
2022-12-19 00:00:00-05:00,279.7699890136719,281.2200012207031,276.20001220703125,278.32000732421875,525100,0.0,0.0
2022-12-20 00:00:00-05:00,276.9700012207031,279.6300048828125,274.80999755859375,274.8800048828125,583800,0.0,0.0
2022-12-21 00:00:00-05:00,278.19000244140625,282.510009765625,276.6199951171875,282.4200134277344,644500,0.0,0.0
2022-12-22 00:00:00-05:00,280.239990234375,281.0,275.19000244140625,279.19000244140625,446100,0.0,0.0
2022-12-23 00:00:00-05:00,278.3900146484375,280.6300048828125,276.8699951171875,278.82000732421875,320600,0.0,0.0
2022-12-27 00:00:00-05:00,277.8299865722656,278.9200134277344,275.20001220703125,276.3599853515625,424700,0.0,0.0
2022-12-28 00:00:00-05:00,276.239990234375,279.3500061035156,272.70001220703125,273.0199890136719,395700,0.0,0.0
